id,photoIdForUrl
1,21124347529
2,21284970086
3,21319394481
4,21311216055
5,20688539724
6,21124341169
7,21123134640
8,20688536094
9,21319386741
10,21319385311
11,20688531634
12,21319382511
13,21300581872
14,20688527734
15,20688526324
16,21284951466
17,21300577192
18,21300575842
19,21311196905
20,21123117840
21,21123116530
22,21300571002
23,21300479622
24,20688423654
25,21123220738
26,21124226379
27,21319274691
28,20688418744
29,20688417774
30,21311094415
31,21311093305
32,21284842106
33,21311091275
34,20688411784
35,20690008303
36,20688409564
37,21123207668
38,21319262401
39,20688405994
40,20688404934
41,21123202658
42,21319257131
43,20688400844
44,20688399714
45,21300454582
46,21124113119
47,21300361842
48,20688306124
49,21123104118
50,21284730056
51,21124106639
52,21300356122
53,21310978225
54,21124103109
55,21284724006
56,20689891603
57,21122893500
58,21123093298
59,21319146021
60,21122889950
61,21310968745
62,21300344382
63,20688288844
64,21284712476
65,21123084618
66,21284709926
67,21123993419
68,20689782343
69,21300240882
70,21310862365
71,21284610266
72,21319032341
73,21123986129
74,20689774723
75,21310856365
76,21123982489
77,21122773450
78,21284601716
79,21122971228
80,20689767763
81,21122768840
82,21284596986
83,21122966608
84,21319017641
85,21300221992
86,20689761013
87,21122761380
88,21284590066
89,21123967329
90,21310838905
91,21123965189
92,21318915651
93,21300119352
94,21284490586
95,21284489356
96,21122657750
97,21123865159
98,21122655320
99,21122654050
100,20688054674
101,21318904151
102,21122849478
103,20688051374
104,20689646943
105,21284477206
106,21300102372
107,21122643630
108,20689641803
109,20689640453
110,20688041534
111,21122837848
112,21122637290
113,21122636060
114,21300092612
115,21318887521
116,20689178033
117,21299641082
118,21299639632
119,21284004596
120,21310258185
121,21122373898
122,20689169713
123,21122370878
124,20689166803
125,20687571154
126,21310249535
127,21123374289
128,21318415771
129,21122362318
130,21299622462
131,20687562804
132,21122358708
133,21310239605
134,21122156670
135,21299615272
136,21299614172
137,20687554614
138,21123358879
139,21299610032
140,20687550384
141,21123243929
142,21122232308
143,21123240889
144,21122229408
145,20689025123
146,20689023583
147,21122225088
148,20687425584
149,21122022800
150,21310107335
151,21122220218
152,21299479812
153,21318269961
154,20689013073
155,21123223099
156,21299471792
157,21123218369
158,21283835826
159,20689004633
160,21310091145
161,21283832486
162,21283831046
163,20688998943
164,20688997573
165,20688996203
166,20687070374
167,21122876059
168,20688662323
169,20688661143
170,20688660003
171,21283493626
172,21309744655
173,21122869319
174,21121859718
175,21122866989
176,21283488116
177,21283486726
178,20688650283
179,21122861819
180,21121651130
181,20688645843
182,21122857419
183,21283478286
184,21121846688
185,21283476236
186,21283475076
187,21283473846
188,21122850889
189,21317890191
190,21299007442
191,21317793071
192,20688537853
193,21121739678
194,21122747399
195,21309621205
196,21122744619
197,21121535570
198,21298997612
199,21317783361
200,21121730808
201,21121729678
202,21298992552
203,21122735229
204,21298989932
205,21309608765
206,21122729509
207,21283349886
208,21121719178
209,21309602345
210,20688513703
211,21121715968
212,21298978332
213,21121713928
214,21283241036
215,21121411410
216,21298874692
217,21298873292
218,21121407110
219,21121405500
220,21283232396
221,21122609479
222,21283229636
223,20688396633
224,21283226816
225,21317647311
226,21298860342
227,20686796964
228,21121595858
229,21283219546
230,21121390620
231,21317637931
232,20688383713
233,21309472015
234,21121384970
235,21283211666
236,21122587849
237,20688377383
238,21121380180
239,21121277858
240,21121076210
241,20686476604
242,21282902226
243,20688068533
244,21317316421
245,21309153985
246,21309152615
247,21122269649
248,21121265128
249,21298526772
250,21282891146
251,20686463114
252,21309144345
253,21282886116
254,21121256288
255,20686457564
256,21121253708
257,21121052430
258,21282879626
259,21122252039
260,21282762906
261,21298394972
262,21309015515
263,21120928460
264,21120927070
265,21298389572
266,21122126899
267,21121126968
268,21282751656
269,21122122529
270,21309004575
271,21122119279
272,21121119988
273,20687910433
274,20687909253
275,20687907723
276,21308996315
277,20686313164
278,20686311474
279,21120905320
280,20687900123
281,20687898933
282,21308987905
283,21122101659
284,21308872855
285,21121987219
286,21282615496
287,21120988438
288,21120987218
289,21317026521
290,20687775513
291,20686181534
292,21121978539
293,20686178364
294,21317019681
295,21317018271
296,20686174704
297,20687766233
298,21317014361
299,21120972318
300,21298229322
301,21282595946
302,21282594136
303,21298223392
304,21282589736
305,21282588146
306,21120960068
307,21120667918
308,21120462870
309,21308548985
310,20685865264
311,21297930142
312,20685862894
313,20685861674
314,20687450823
315,21282286656
316,20687448343
317,20687447473
318,20687446383
319,21120653548
320,21316695041
321,21308534755
322,21308533565
323,21297915462
324,21282276226
325,21297912262
326,20685844754
327,21308526435
328,21120641588
329,21120437290
330,21297906062
331,21297904652
332,21121549519
333,21121548639
334,21282177126
335,21316591981
336,20687338793
337,21297813512
338,21120546608
339,21308425775
340,20685744064
341,21120337240
342,21120336010
343,21120540298
344,21308420385
345,21121534349
346,21121533149
347,21282162786
348,21316576451
349,21316575321
350,20685731844
351,21120325770
352,20685729354
353,21120529108
354,21282154926
355,21297793322
356,21282056456
357,21121424919
358,21120221070
359,20685625224
360,21120423638
361,20685623094
362,20687212473
363,21282048026
364,21316458601
365,21316457291
366,21120416038
367,21120414708
368,21316453691
369,21316452601
370,21297678782
371,21308293365
372,20685609454
373,21308291415
374,21120201450
375,21120405518
376,20685605244
377,21308287365
378,20687193543
379,20687192663
380,20685513154
381,21281938026
382,20685511054
383,21316348111
384,21120305918
385,21121301879
386,20687095383
387,21281931536
388,21120300738
389,21308184815
390,20685501504
391,21297565332
392,21281925756
393,20687086973
394,21297561782
395,21120292728
396,21297559512
397,21308175145
398,20685492134
399,20687080013
400,20685489154
401,21120079810
402,21316325911
403,21121279569
404,20685394164
405,20685393214
406,21297458062
407,20686980483
408,21121185479
409,21297455142
410,21297453892
411,21297452692
412,21119976740
413,21119975660
414,21119974060
415,21316221991
416,21120175878
417,21297444892
418,21121173679
419,21120172438
420,21281804316
421,21121169749
422,21120168778
423,20685371124
424,21297436732
425,20685368864
426,21281796866
427,20685366894
428,20685269894
429,21281697206
430,21281696016
431,20685266574
432,21316107641
433,21307947965
434,20686851913
435,21297327902
436,21121057899
437,21297325532
438,21121055569
439,21297323292
440,20685256354
441,20686843503
442,21316095971
443,21120046918
444,21121047589
445,21120043858
446,21121044109
447,20686833333
448,21119831040
449,20686543303
450,21281381616
451,20686453253
452,20684862174
453,21296932592
454,21119454320
455,21307546245
456,21296929172
457,20684856724
458,21296927132
459,21119648988
460,21307540925
461,21119646588
462,21119445620
463,20686439393
464,21296920202
465,21296919082
466,21296917982
467,21119639248
468,20686433783
469,21281272286
470,21307528585
471,21296912092
472,20686429303
473,21315678641
474,21119431300
475,20684834754
476,21119341930
477,21119539708
478,21119538638
479,21296816362
480,21307430045
481,20684740954
482,20684739894
483,21119334000
484,21120541659
485,21315577021
486,21281164486
487,21315574371
488,20684732154
489,21119327440
490,21296803582
491,21307417625
492,21296801472
493,20684726644
494,21296798232
495,21119319810
496,20684722024
497,20684720934
498,21120433689
499,21315469061
500,20686216663
501,21315467081
502,20684624394
503,20686213273
504,21315463551
505,20684621224
506,21315461281
507,21281046756
508,21281045806
509,21296688912
510,21119211050
511,21120419659
512,21315454741
513,21120417369
514,21119206700
515,21119402778
516,20684609634
517,21315449151
518,21307292695
519,20684606074
520,20686194613
521,21296676312
522,21119394838
523,21280746906
524,21118913940
525,21306999725
526,21315153991
527,21118910480
528,20685902563
529,20685901233
530,20684314594
531,21120112849
532,21280736216
533,21296380252
534,21306989675
535,21120107969
536,21296377032
537,21315141161
538,21119093318
539,20684303174
540,21296371372
541,21280724666
542,21280723406
543,21315132631
544,21296366812
545,21119084858
546,21280718866
547,21118995558
548,21120005989
549,21306883585
550,21120003979
551,21306881295
552,20685785923
553,21118988588
554,21315033051
555,21118787390
556,21296263172
557,21118784950
558,21118982948
559,21118782850
560,20685776343
561,21315025191
562,21119989779
563,21118778100
564,21296254252
565,21296253062
566,21118774550
567,21119984269
568,21315017341
569,21118771420
570,20684178694
571,20684089494
572,21314923431
573,20685674313
574,21118878278
575,21119889559
576,21118675020
577,20684082354
578,21118873098
579,21118871788
580,20685666133
581,21118669140
582,21314911171
583,21280499466
584,21118665330
585,21306755945
586,21314905111
587,21118860778
588,21296138522
589,21306750255
590,21306747525
591,20684063874
592,21280393986
593,21314800031
594,21118755928
595,21119766369
596,20685548963
597,21314794011
598,21306640515
599,21306639345
600,21118748678
601,20685543013
602,21306636005
603,20685540823
604,21296021532
605,21314785001
606,20685537493
607,21118740198
608,21306629045
609,21118535040
610,21314778951
611,20685532143
612,21296013042
613,21296011822
614,21118642468
615,20683851814
616,21119651349
617,21295917342
618,21118637988
619,21314679801
620,20683846324
621,21118634738
622,20683844184
623,20683843104
624,21314674781
625,21314673711
626,20685425493
627,21314670951
628,20683836864
629,20683835614
630,21118420720
631,21295901392
632,21119632809
633,21306509875
634,21314663321
635,21295797432
636,21295796382
637,21118517988
638,21118311710
639,21118310670
640,21118514598
641,20683722904
642,20683721744
643,21118511018
644,21306395915
645,21306394745
646,21295784072
647,21314548711
648,21314547391
649,21306389725
650,21119511939
651,21314543671
652,20685294353
653,21295775432
654,21118292030
655,20685290443
656,21118494498
657,21118287300
658,21119501679
659,21118284750
660,21117861210
661,21279704066
662,20684859133
663,20684857933
664,21279700236
665,21314101221
666,21118062388
667,21119065329
668,21118059758
669,21295329662
670,21117847910
671,21118055108
672,21118053858
673,21314091551
674,21305940635
675,21279686716
676,21119053919
677,21305937065
678,21279683486
679,21314084461
680,21314083331
681,21295315932
682,21314081151
683,20683248924
684,21117741100
685,21295217982
686,21313983921
687,21295215902
688,21279578916
689,20684733903
690,21295212552
691,21117732990
692,21295210232
693,21117730440
694,20684728143
695,20684727033
696,21117933058
697,21117931958
698,21117724460
699,21117723090
700,21118934699
701,21295199122
702,21117925898
703,21305814815
704,21117923718
705,21117617780
706,21118827159
707,21313861561
708,21295092382
709,21279456606
710,21117819518
711,21117818408
712,20683024114
713,20683022804
714,21295085272
715,21313851891
716,21295082842
717,21313849741
718,21118813019
719,21117601390
720,21117807798
721,21117598800
722,21279441036
723,21305693555
724,21295072702
725,21305583975
726,21313500981
727,21279097516
728,21279095686
729,21118462179
730,21117457768
731,20684246793
732,20684244813
733,21279087266
734,21117244200
735,21117449688
736,20684238613
737,21294713852
738,20682651164
739,21117437928
740,21117230090
741,21305328725
742,21305327035
743,20682638334
744,21117429708
745,20682634444
746,21118426829
747,20684212423
748,21279054496
749,21305313215
750,20682503574
751,21294563082
752,20682500704
753,21313329171
754,21117288448
755,21305182945
756,21278919716
757,21117283598
758,21278916616
759,21278915176
760,21305175325
761,21117072480
762,21294546182
763,21117068550
764,21118275759
765,21278905896
766,21117269648
767,21117267928
768,21294535782
769,21313303841
770,20682471544
771,21278896276
772,21118262939
773,21116939128
774,20682142994
775,20682141744
776,20682140324
777,20682138724
778,21304830495
779,21116930828
780,21116726170
781,21312964951
782,21294197412
783,21278556776
784,21294194572
785,21312959731
786,21312958231
787,20683707643
788,21116713000
789,20683701883
790,20683700683
791,21312948901
792,21116911488
793,21116706770
794,21278540186
795,21304702775
796,21278434356
797,21304699875
798,20682006984
799,21312833791
800,20683586193
801,20683584393
802,21116794568
803,20682000514
804,21312827091
805,21116588490
806,21304688055
807,20683576483
808,21117786919
809,21312820811
810,21312819781
811,21278413916
812,20683569153
813,21278411296
814,20681986104
815,21294046052
816,21278407186
817,20681865794
818,20683446103
819,21116453040
820,21116451380
821,20681860524
822,21278284446
823,20681857664
824,21293918882
825,21116444480
826,21116648308
827,21304541625
828,21293913012
829,21116643968
830,21312677171
831,20683427573
832,21278270636
833,21304532905
834,21116431940
835,21312670011
836,21116634108
837,21116427290
838,21116426180
839,21117516949
840,21116309760
841,21116512818
842,21304406625
843,21117511679
844,21116507918
845,20683292633
846,21116300890
847,21116503368
848,21117504369
849,21312536101
850,21304394765
851,20681703434
852,21117498859
853,21293762552
854,21304388935
855,20683277603
856,21312526111
857,21312524471
858,21293755312
859,20681692204
860,21304379855
861,21311958361
862,21311956301
863,21277553486
864,21115713890
865,21303816455
866,21293188932
867,21311948071
868,21277545606
869,21277543946
870,21311942821
871,21115702730
872,21116912469
873,20682688903
874,20682687153
875,21311934211
876,20682683443
877,21115902298
878,21115900458
879,21277526216
880,21115686970
881,21115685050
882,21115893788
883,21303785905
884,21311918821
885,20682539963
886,21116759089
887,20680959614
888,21116755709
889,20682533633
890,21116752499
891,21303643085
892,20680950674
893,21277375676
894,20682524993
895,21311771381
896,21303634515
897,21311767811
898,21277367316
899,21293004052
900,21115524280
901,21116732749
902,21292998882
903,21115519000
904,20682507663
905,21311754231
906,21116724589
907,21303616395
908,20680923794
909,21116344209
910,21115133330
911,21276968776
912,21115130780
913,20682114683
914,21276964696
915,21116335629
916,20680538014
917,20680536554
918,21292600432
919,21116330239
920,20682104883
921,21292596152
922,21276953086
923,21115329038
924,21311350271
925,21115112620
926,21311347901
927,21303207235
928,20682094153
929,20682092753
930,20682091453
931,21311340831
932,20682088923
933,21114988200
934,20680396804
935,21303080725
936,20680393854
937,21276817536
938,21115194088
939,21311214261
940,21311212901
941,21311211611
942,21276810736
943,21311208971
944,21115186078
945,21115184658
946,21303065835
947,21303064655
948,21276803186
949,21311200441
950,21114963660
951,21292441632
952,20681947113
953,21276796526
954,21292437612
955,21292327232
956,21115060808
957,21276680986
958,21276679526
959,21115056698
960,21311075101
961,21292318662
962,21115052638
963,21114836020
964,21114834760
965,21311068361
966,20680242324
967,21114830480
968,21276665346
969,21292307622
970,20681812033
971,21292305262
972,21292303902
973,21276658286
974,21116030969
975,21116029689
976,21311052581
977,21114815620
978,21115030008
979,21291963472
980,21276314106
981,21276312526
982,21291959002
983,21310704041
984,21310702451
985,20681455363
986,20679881904
987,21310698131
988,21302563415
989,20679877974
990,21115675349
991,20681447133
992,21115672619
993,21310689971
994,21276294626
995,20679868844
996,21276291396
997,20679865434
998,21302548535
999,21302546945
1000,21115660459
1001,21114448550
1002,21276281196
1003,21115656079
1004,21276159236
1005,20679734864
1006,21115532239
1007,20681304973
1008,21302415125
1009,21291802112
1010,21114535888
1011,21302410965
1012,20681297093
1013,21114531728
1014,21310542611
1015,21302404885
1016,21115517499
1017,21291790802
1018,21302400665
1019,21114522928
1020,20681285363
1021,21114519378
1022,21114517748
1023,21114301030
1024,21276129706
1025,21276128226
1026,20681276483
1027,20681161113
1028,20681159933
1029,21114391778
1030,21115383259
1031,21310403931
1032,21302263645
1033,21115378939
1034,21276000996
1035,21310397611
1036,21310396151
1037,21115373249
1038,21291644952
1039,21115370469
1040,21115368959
1041,21291640692
1042,21114373128
1043,20681137873
1044,21310384301
1045,21275985956
1046,21114154530
1047,20679559424
1048,21114364008
1049,20679556144
1050,21291626842
1051,21114146830
1052,21302120575
1053,21310256601
1054,20681006473
1055,20679435514
1056,21114028290
1057,20681002373
1058,21302112265
1059,21114023780
1060,21302109315
1061,21115224879
1062,20680995283
1063,20680994073
1064,20680992693
1065,21114016190
1066,20679420784
1067,21302099625
1068,21115215269
1069,21115213929
1070,21114009410
1071,21310231871
1072,20680981403
1073,21114217098
1074,21291479882
1075,21291478342
1076,21115203469
1077,21275456696
1078,20680604763
1079,21113842008
1080,21113623010
1081,21301708445
1082,20680598213
1083,20679022414
1084,21301703935
1085,21114821399
1086,21275442396
1087,21301698815
1088,21309836021
1089,21309834411
1090,21275435586
1091,20679009334
1092,21113602570
1093,21301688695
1094,20679004034
1095,21113597500
1096,21291073982
1097,21301682365
1098,21309819781
1099,21114798169
1100,20678994204
1101,20680566883
1102,21113676378
1103,21275284896
1104,21114664239
1105,20680433753
1106,20678858064
1107,20680430613
1108,21275276776
1109,21275275186
1110,20680425883
1111,21309671531
1112,21275269866
1113,21275268116
1114,21301528935
1115,20678843824
1116,21275263776
1117,21309662161
1118,20680413073
1119,21301521675
1120,21113432550
1121,20678834554
1122,20680406193
1123,21113426980
1124,21275250706
1125,20680401423
1126,20680399753
1127,21290774502
1128,21114505899
1129,20678698364
1130,21275118376
1131,21309515901
1132,21275114966
1133,21113503778
1134,21275111976
1135,21113285680
1136,21114491669
1137,21290757302
1138,21275106346
1139,20678684084
1140,21113278090
1141,21114484199
1142,21275100346
1143,20678678084
1144,21113486978
1145,21113484968
1146,21309491991
1147,21113482488
1148,21301352925
1149,21275089606
1150,20680239903
1151,21113352578
1152,20680112523
1153,21114341679
1154,20680109243
1155,21309354631
1156,21274955016
1157,21309351901
1158,21113125870
1159,21301213715
1160,21290598882
1161,21114329059
1162,21274946496
1163,21290594752
1164,21301206345
1165,21290591292
1166,21113113640
1167,21274938766
1168,21114317999
1169,21114316689
1170,21301196965
1171,21113783269
1172,21274402596
1173,21274401176
1174,21308794321
1175,20679438153
1176,20677862944
1177,21112459730
1178,21113660459
1179,21289930782
1180,21289929552
1181,21112453780
1182,21300539125
1183,21289925282
1184,21300536275
1185,20679424133
1186,20677848514
1187,21289919612
1188,20679419963
1189,20679418513
1190,20677842584
1191,21112439270
1192,21274260086
1193,21112650928
1194,20677837024
1195,20679410033
1196,20677833664
1197,21289905692
1198,20677714644
1199,20677713364
1200,21308528741
1201,21289784002
1202,21308525611
1203,20679281393
1204,20679279513
1205,21112517728
1206,21274122806
1207,21113501499
1208,21112295210
1209,21308515561
1210,21112292310
1211,21274115466
1212,21300378265
1213,21308509921
1214,21112504468
1215,21300373555
1216,21274108446
1217,21308503681
1218,21274105516
1219,21112496598
1220,21112155670
1221,21273979126
1222,20679131583
1223,21273975926
1224,21113350809
1225,21112147510
1226,21112145730
1227,21300232415
1228,21300230765
1229,21300228995
1230,21273964846
1231,21308359681
1232,21300223705
1233,20679113993
1234,21289610752
1235,21112346928
1236,21113329049
1237,21289600832
1238,21273945796
1239,20679098583
1240,20679097033
1241,21273941296
1242,21289593062
1243,21113313799
1244,21289473382
1245,21308214451
1246,20678972833
1247,21111992710
1248,21300077185
1249,21289466422
1250,20677390104
1251,20677388694
1252,21308204771
1253,21308203571
1254,21111983240
1255,20678959893
1256,21273802376
1257,21289454082
1258,21308195861
1259,20677121134
1260,21307934781
1261,21111716570
1262,20677116734
1263,21112911959
1264,20677113534
1265,21299796905
1266,20678692263
1267,21299617325
1268,20676929434
1269,21299614555
1270,20678509073
1271,20676924634
1272,21112720359
1273,20678504913
1274,21111521250
1275,20678501593
1276,21112713569
1277,21111515960
1278,21273338586
1279,21299599335
1280,21111727798
1281,21307726171
1282,21299595125
1283,21299593825
1284,21273329576
1285,21112700549
1286,21112698899
1287,21112697609
1288,21299586485
1289,21273321776
1290,21299583215
1291,21273198746
1292,21111374860
1293,21111591018
1294,21307586441
1295,21299453655
1296,21111586278
1297,21111584538
1298,20678345663
1299,20678343983
1300,20676760194
1301,20678340463
1302,21288835712
1303,21111574568
1304,21299438445
1305,21111353280
1306,21111350900
1307,21299432595
1308,21111566178
1309,21307562761
1310,21299428355
1311,20678324313
1312,20676741044
1313,21112536909
1314,21111557658
1315,21307554531
1316,21111149520
1317,20676548154
1318,21111366368
1319,21272971886
1320,20678123713
1321,21307362631
1322,21272967546
1323,21112336029
1324,21112334289
1325,21288616102
1326,21111354158
1327,21288613032
1328,21288611632
1329,21111129960
1330,21299213235
1331,21288606732
1332,21112322449
1333,20678103213
1334,21112319459
1335,21111339238
1336,20678098543
1337,21299202135
1338,21111115400
1339,20676513164
1340,21112310309
1341,20677449463
1342,21110465510
1343,21298551745
1344,20675859884
1345,20675856904
1346,20677440783
1347,21272287716
1348,21110455680
1349,21306672561
1350,21287934902
1351,21110668788
1352,21298537555
1353,20677430213
1354,21110445830
1355,21298532805
1356,21298530555
1357,21298528655
1358,21110438470
1359,21110655298
1360,20675834074
1361,21272259626
1362,21110425240
1363,21287735212
1364,21272080056
1365,21110466538
1366,21272076306
1367,21110244670
1368,20677225613
1369,21287725782
1370,21298330655
1371,21287722602
1372,21110237310
1373,21287719742
1374,21110233750
1375,21287716302
1376,21306450451
1377,21287713122
1378,21298317935
1379,21272057226
1380,21110224880
1381,20677206533
1382,21110222020
1383,21287703842
1384,21110437948
1385,21306437171
1386,21272046886
1387,20675613974
1388,21271763486
1389,21287412082
1390,21110142768
1391,20675324684
1392,21298011235
1393,20676907933
1394,21111121169
1395,21298007035
1396,21271750336
1397,21111116399
1398,21271746956
1399,21109912470
1400,21109910500
1401,21287391352
1402,20676893733
1403,21110120178
1404,21287385822
1405,21271734626
1406,21111100109
1407,21287380102
1408,21287378492
1409,21287376822
1410,21110107868
1411,21109891710
1412,20676876653
1413,20676746493
1414,21297848685
1415,21305981101
1416,20676741143
1417,21271589776
1418,20676738193
1419,21305974291
1420,21305972571
1421,21110949539
1422,21110947739
1423,21109958638
1424,21109742650
1425,21109955138
1426,20676724833
1427,21305960791
1428,21297825135
1429,21110936959
1430,20675132404
1431,21110934209
1432,21271562866
1433,20675124434
1434,20676709023
1435,21297811325
1436,21109933998
1437,20674995664
1438,20674994204
1439,21110794329
1440,20676577653
1441,21305812311
1442,21271423816
1443,21109799288
1444,20674984454
1445,21297672855
1446,21297671255
1447,21297669705
1448,21109791408
1449,21297666435
1450,21305797041
1451,21109787388
1452,21110774659
1453,21271407066
1454,21110771959
1455,21271404056
1456,21305788441
1457,21305786671
1458,20676549503
1459,21109652988
1460,21271271476
1461,21297523515
1462,21271268586
1463,21109430780
1464,20676413383
1465,20676411833
1466,21297515855
1467,21305644721
1468,20676405783
1469,21109420350
1470,21109634368
1471,21286899812
1472,21110618119
1473,21305636121
1474,20674812684
1475,20676395453
1476,21271247156
1477,21109623388
1478,20676391003
1479,21110607119
1480,21109619048
1481,21297491945
1482,21305622471
1483,21271236616
1484,21271075366
1485,21109450418
1486,21286717382
1487,21109447498
1488,21109232650
1489,21109444498
1490,21110430299
1491,20676210913
1492,20674625144
1493,21297315105
1494,21109223650
1495,20674620554
1496,20676204013
1497,21110420169
1498,21109217430
1499,21110417409
1500,21305436981
1501,21297303585
1502,20674610494
1503,21110411999
1504,21286691412
1505,20674606454
1506,21305428991
1507,20674603904
1508,21109204010
1509,21109227618
1510,21110214839
1511,21110213649
1512,21297098555
1513,21109004060
1514,20675988593
1515,20674401374
1516,21297091745
1517,21305221481
1518,21286481852
1519,21110200319
1520,20675977693
1521,21110195949
1522,21305211371
1523,21270825506
1524,21109201958
1525,21109200488
1526,21109199078
1527,20675965543
1528,20675964133
1529,21270816696
1530,20675960853
1531,21305197681
1532,21297064655
1533,21108062018
1534,21304001231
1535,21108990149
1536,20674766153
1537,21295874305
1538,21107995138
1539,21269620746
1540,21303992651
1541,21107990068
1542,21107988918
1543,21269615096
1544,21108977189
1545,21108975909
1546,20674752333
1547,20673168874
1548,21285255922
1549,21108971559
1550,21303980631
1551,21269605756
1552,21303978391
1553,21269603516
1554,20674742683
1555,20674741553
1556,20674740293
1557,21303874631
1558,21107872518
1559,21107656040
1560,20673055914
1561,21295748615
1562,21295747415
1563,21295746405
1564,21269492636
1565,21107864038
1566,21295742405
1567,20673046854
1568,21295739865
1569,21303860201
1570,21108851219
1571,21107641860
1572,21295735175
1573,21285131052
1574,21295730795
1575,21107635290
1576,21107848898
1577,21303848551
1578,21107631630
1579,21303846051
1580,21295619275
1581,20672926384
1582,21295616585
1583,21107736428
1584,21295613915
1585,21303733701
1586,21107732208
1587,20672919054
1588,21285005692
1589,21107514830
1590,20672915374
1591,21295605365
1592,21285000472
1593,21107509550
1594,21107721948
1595,21108715709
1596,21284995432
1597,21108713099
1598,21295595985
1599,20674483733
1600,20672902124
1601,21107711998
1602,21107498020
1603,21108704699
1604,20672896734
1605,20674374563
1606,21107390060
1607,20672790394
1608,21269227256
1609,21108594439
1610,21303597061
1611,21295475165
1612,20674365713
1613,21107381890
1614,20674363473
1615,21303591411
1616,21295469255
1617,20674359923
1618,21295467045
1619,21108582649
1620,21108580679
1621,21107582158
1622,20674353063
1623,21107579728
1624,20672769464
1625,21269205846
1626,21107365280
1627,20672766024
1628,20672764444
1629,20672763094
1630,21108470489
1631,21108469119
1632,21107257850
1633,21284745862
1634,20672659164
1635,21295347975
1636,21284742262
1637,21295345455
1638,21269089316
1639,20672649334
1640,21295338235
1641,21107456758
1642,20674225033
1643,21284731152
1644,21269079196
1645,21295332225
1646,21303451211
1647,21107235410
1648,21107234120
1649,21303445591
1650,21107443368
1651,20674211863
1652,21107440668
1653,21303440091
1654,21269063786
1655,21284171992
1656,21268511316
1657,21294767555
1658,21106674510
1659,20672076874
1660,20673659473
1661,20672074094
1662,21106884068
1663,21106667580
1664,21284159382
1665,21106879498
1666,21268497316
1667,21302878741
1668,21284153712
1669,20672063104
1670,21302874811
1671,21106656360
1672,21107867969
1673,21106654060
1674,21106652550
1675,21302869361
1676,20672055254
1677,21294742745
1678,20672052804
1679,20673545263
1680,21294648465
1681,21268391486
1682,21106769068
1683,20671956974
1684,20671955404
1685,21106549820
1686,21106764128
1687,21294639975
1688,20673534483
1689,21284037952
1690,21302760311
1691,21107755109
1692,20671945284
1693,21106754918
1694,21107751229
1695,21107749719
1696,20671940674
1697,21106534080
1698,20673521413
1699,21294624705
1700,20673518813
1701,21106528920
1702,21302650141
1703,21106432220
1704,21302647921
1705,21302646601
1706,21302645481
1707,21294519025
1708,21283919062
1709,21268261376
1710,21302640531
1711,20671825334
1712,21294512615
1713,20671822864
1714,21302635331
1715,21302634011
1716,21302632781
1717,20671818004
1718,21107625389
1719,21283905042
1720,20671813664
1721,20671812404
1722,20671811044
1723,21294499095
1724,21106405320
1725,21268241006
1726,21106402700
1727,21294407035
1728,21268150496
1729,21294404945
1730,20673299883
1731,20671715644
1732,20671714544
1733,21268145046
1734,21106306950
1735,21302524101
1736,21302523051
1737,21294396485
1738,21283798032
1739,20673290393
1740,21106515788
1741,21302517921
1742,21107512869
1743,20673286163
1744,21106296910
1745,20673283913
1746,20673282693
1747,20671698714
1748,21107506089
1749,21107505089
1750,21107503899
1751,21107502649
1752,21268039626
1753,21294294155
1754,21106415158
1755,21107415179
1756,21294291035
1757,21283693332
1758,21106410618
1759,20673184343
1760,21294286455
1761,21107407839
1762,20671596924
1763,21268027236
1764,21283685472
1765,20673177453
1766,21106187100
1767,21106186140
1768,21107400169
1769,21268020566
1770,21106182980
1771,20671586884
1772,21106180770
1773,21268015986
1774,21107392779
1775,21106176460
1776,21267926746
1777,20673076183
1778,21107301159
1779,21283582712
1780,21106084140
1781,21107298109
1782,21106296118
1783,20673070053
1784,20673069053
1785,20673067973
1786,21283575392
1787,21106076180
1788,21294169385
1789,21107289169
1790,21106072430
1791,21283569472
1792,21283568432
1793,21106069210
1794,21283566172
1795,20671472954
1796,21106280888
1797,21106279558
1798,21267902926
1799,21106566889
1800,21282845682
1801,20670754344
1802,21301565891
1803,21267181556
1804,21282841002
1805,20672333783
1806,21293436405
1807,21106557379
1808,20670745954
1809,21267174846
1810,21301556471
1811,20672326893
1812,20670741774
1813,21282831422
1814,21282830522
1815,20672322503
1816,21105544248
1817,21105326280
1818,21105541588
1819,21293421705
1820,21105279670
1821,21105278600
1822,20670409844
1823,20670408464
1824,21105215338
1825,20671992143
1826,21266836206
1827,21266834866
1828,21105210748
1829,21301214451
1830,21301213181
1831,20671984753
1832,21106206919
1833,20670396994
1834,21301207881
1835,21104986460
1836,21266824096
1837,21266822946
1838,21282481902
1839,20670389824
1840,21282479902
1841,21104979540
1842,20670386234
1843,21282475632
1844,21106192609
1845,21106191249
1846,21104995138
1847,21104994218
1848,21105992469
1849,21105991629
1850,21292876125
1851,21266611316
1852,21105988599
1853,21104772630
1854,21104771440
1855,21266527886
1856,21105907159
1857,21104904638
1858,21104689680
1859,20670096424
1860,21266522666
1861,21104570930
1862,21105786299
1863,21104568250
1864,21105783729
1865,21104565340
1866,21292665145
1867,21104777368
1868,21300782031
1869,21292661315
1870,20671338433
1871,21105561199
1872,20671336313
1873,21105559349
1874,21300562701
1875,21266175256
1876,20671331023
1877,21300558901
1878,21104337470
1879,20669742274
1880,20669740804
1881,21105549219
1882,20669738374
1883,21281827972
1884,20669736304
1885,21266163376
1886,21292431165
1887,21104326870
1888,21281821872
1889,20669730524
1890,20671315593
1891,21105538189
1892,20671313863
1893,21104163968
1894,21103951120
1895,21300171681
1896,21292053175
1897,21292052055
1898,21103946090
1899,21103945120
1900,20669352104
1901,20669351094
1902,21300164591
1903,20670935693
1904,20670934053
1905,21292043855
1906,20670931753
1907,21265769696
1908,20669342664
1909,21300156091
1910,21104144888
1911,21104143568
1912,20670925063
1913,21300151291
1914,21103928620
1915,21281424452
1916,21281423332
1917,21299951561
1918,21103726390
1919,21291834535
1920,20670719603
1921,20669132754
1922,20670717163
1923,21265557906
1924,21103931688
1925,21103717590
1926,21281216062
1927,21265553286
1928,20669124124
1929,21104933479
1930,21291822075
1931,21103710740
1932,21103709790
1933,21104929449
1934,21265546176
1935,21265545126
1936,21299928801
1937,21291813665
1938,21103702470
1939,21281201102
1940,21104621509
1941,21299629911
1942,21299628481
1943,21103401500
1944,21299625881
1945,21265236526
1946,21104613939
1947,21299622491
1948,20668804934
1949,21104610139
1950,20670388883
1951,20668800974
1952,21291498495
1953,21291497285
1954,21265224836
1955,21103386150
1956,20668794404
1957,21104599329
1958,21265220056
1959,21280881732
1960,20670376293
1961,21299604341
1962,20670373743
1963,21280876682
1964,21299601231
1965,21103173640
1966,21103383748
1967,21103171320
1968,21299394921
1969,21265007586
1970,21103378868
1971,21103166550
1972,21103165650
1973,21280667812
1974,21103374538
1975,21265001016
1976,21264999806
1977,21104375659
1978,21280661362
1979,20668565714
1980,21104371729
1981,20670152163
1982,21103153450
1983,21104368379
1984,21104367259
1985,21103149560
1986,21103358708
1987,21102874310
1988,21280377562
1989,21290979655
1990,21264713906
1991,21103081008
1992,21104089539
1993,21104088439
1994,21299090671
1995,21290972345
1996,21104084579
1997,21264705376
1998,21280366072
1999,20669861513
2000,21299083541
2001,20668267434
2002,21264700536
2003,21280360472
2004,20669855513
2005,20668263404
2006,21102851860
2007,20669852063
2008,21104071169
2009,21290706755
2010,21264447636
2011,21102600110
2012,21280105872
2013,21102597710
2014,21290700885
2015,20669595963
2016,21102594550
2017,21103815899
2018,20667928704
2019,21103740429
2020,21298735161
2021,21290617245
2022,21298733291
2023,21264358196
2024,21264356976
2025,21264355786
2026,21103732589
2027,21280013962
2028,21102504120
2029,20669504153
2030,21280010202
2031,21280008972
2032,21102279110
2033,20667691754
2034,21279787492
2035,20667688994
2036,20667687924
2037,20669274953
2038,20669273813
2039,21298493771
2040,21290376945
2041,21102268570
2042,21264117476
2043,20667679874
2044,20667678734
2045,21264114166
2046,21290369825
2047,21264111736
2048,21279771612
2049,20669260763
2050,21264108006
2051,21298478771
2052,21102154748
2053,21279452902
2054,21298159121
2055,21290043155
2056,21102116008
2057,20667317384
2058,21263753366
2059,21263752166
2060,21298119721
2061,21298118521
2062,21279408942
2063,21101898640
2064,21263691536
2065,21102050248
2066,21279348782
2067,21102047398
2068,20667249494
2069,20668834913
2070,20668833553
2071,21298051991
2072,21101819988
2073,21279119132
2074,21101817068
2075,20668608283
2076,21297825731
2077,21297824641
2078,20667018524
2079,21101603330
2080,21102828669
2081,21101808978
2082,21101807898
2083,21102825009
2084,20668597553
2085,20668596573
2086,21263445756
2087,21279103082
2088,21263443716
2089,21297811171
2090,21279099662
2091,21263441136
2092,20668589973
2093,21289694285
2094,21297806921
2095,20668587373
2096,21101390580
2097,20668386933
2098,21102612839
2099,21297606531
2100,21263234686
2101,21278891882
2102,21263232846
2103,21263231996
2104,20668379993
2105,21101587628
2106,21101586168
2107,21101378320
2108,21278884122
2109,21263225096
2110,20666786194
2111,21278881162
2112,21263222196
2113,21102596799
2114,21297590731
2115,21102594659
2116,20666779754
2117,21263216516
2118,21289471415
2119,21102590159
2120,21278583792
2121,20666484014
2122,21101076280
2123,21297295091
2124,21289177275
2125,21102297059
2126,21262923626
2127,21289174365
2128,21289173575
2129,21262920596
2130,21297287931
2131,21262918486
2132,21101273898
2133,20666472034
2134,21101064150
2135,20668056063
2136,21102285989
2137,21278566942
2138,21297279931
2139,21297278911
2140,21262909476
2141,20666464314
2142,21101056190
2143,21278267322
2144,21100756250
2145,21262605516
2146,21101978869
2147,21101977719
2148,21100962008
2149,21262601076
2150,21100959568
2151,21100958228
2152,21278258002
2153,21100956398
2154,21262595876
2155,21100744240
2156,21288848955
2157,20667737293
2158,20666149124
2159,21278250382
2160,21262563126
2161,21101937519
2162,21288815275
2163,21278220212
2164,20667703993
2165,21278217892
2166,21296686331
2167,21100680318
2168,20667460073
2169,21100464340
2170,20667457723
2171,21296679881
2172,21100674508
2173,21288565345
2174,21101684049
2175,21262307246
2176,21262305956
2177,20667449173
2178,21100453000
2179,21262302486
2180,21277963592
2181,20665858204
2182,21100662128
2183,21296664961
2184,21100444770
2185,21288549525
2186,20665852014
2187,21296659601
2188,21288545505
2189,21101664199
2190,21277740442
2191,20667217763
2192,21100434928
2193,21101444389
2194,21100217330
2195,21101441539
2196,21296435061
2197,21100213740
2198,21100427768
2199,21101436999
2200,21100425198
2201,21296429111
2202,21262058776
2203,21100206880
2204,21262056266
2205,21288308585
2206,21296423131
2207,20667198363
2208,21288304875
2209,21288303455
2210,21277715942
2211,20667193273
2212,20665606164
2213,21101419729
2214,20665438934
2215,21101250369
2216,21277293572
2217,21295997491
2218,21287877125
2219,21099773230
2220,21277288962
2221,21100992569
2222,21261613686
2223,21287871515
2224,21261611296
2225,21100986639
2226,21100985149
2227,21099762330
2228,20666755653
2229,21261604336
2230,20665170094
2231,21100978249
2232,21287858415
2233,21261599426
2234,21287856215
2235,21295973671
2236,21295715731
2237,21287596685
2238,21287595565
2239,20664899184
2240,21261329846
2241,21099700688
2242,21099487380
2243,21287589025
2244,21261324366
2245,21261322926
2246,21100702439
2247,21099692248
2248,21295699701
2249,20664886424
2250,21099672038
2251,20664868584
2252,21099669448
2253,21276971882
2254,21099666968
2255,21100674899
2256,21100673499
2257,21099663038
2258,20664859294
2259,21099242570
2260,21261077226
2261,21100459049
2262,21276753282
2263,21099446618
2264,21099236940
2265,20666219313
2266,21099443258
2267,21287333545
2268,21261068516
2269,21099231150
2270,21099439418
2271,20664635724
2272,21276741982
2273,21295447411
2274,21295446201
2275,21100443229
2276,21099432708
2277,21287321855
2278,21261058496
2279,20664626624
2280,21276732952
2281,20666200543
2282,21287315675
2283,21260958116
2284,21099119950
2285,21260955676
2286,21276631012
2287,21276629622
2288,21100332789
2289,21100331719
2290,21295331791
2291,21100329469
2292,20664516674
2293,21295327531
2294,21295326511
2295,20664513334
2296,20666087923
2297,21099103600
2298,20664509694
2299,21295320251
2300,21099306538
2301,21276612212
2302,21100316229
2303,21099302498
2304,21099095520
2305,21100313029
2306,20666075253
2307,20665900823
2308,21099120828
2309,21098916570
2310,21099118558
2311,20664315444
2312,21276425732
2313,20665893373
2314,21276423112
2315,21276421772
2316,21276420582
2317,21260740166
2318,21260738846
2319,21098904500
2320,21099106388
2321,21260735726
2322,21286999225
2323,21286998015
2324,21099102018
2325,20664298644
2326,20664297794
2327,21098895340
2328,21100110049
2329,21100108909
2330,21099094598
2331,21286895355
2332,21295015511
2333,20665777953
2334,21100011069
2335,21100009889
2336,21260625796
2337,21098992818
2338,21295008831
2339,21260622206
2340,20665769503
2341,21286883945
2342,21286882735
2343,21286881595
2344,21260616666
2345,21276295252
2346,21098780790
2347,21260613316
2348,21099995429
2349,20665759323
2350,21286874035
2351,21260608606
2352,21099990709
2353,21098975828
2354,21260605536
2355,21098770480
2356,21099527709
2357,21286407185
2358,21098514188
2359,21098513028
2360,21286403625
2361,21294518761
2362,21286400605
2363,21099518689
2364,21098506078
2365,21099515699
2366,21286395545
2367,20663696344
2368,21260131396
2369,21286391305
2370,20663691844
2371,20665272803
2372,21275803942
2373,21275802412
2374,21098491818
2375,21275799282
2376,21098489078
2377,20663682014
2378,21275795412
2379,21275794182
2380,21275555492
2381,21294252331
2382,21275552762
2383,21098037600
2384,21098239088
2385,21099250549
2386,21259866746
2387,21098235158
2388,21098233848
2389,20663427154
2390,20663425854
2391,21286096475
2392,21099214179
2393,21294207681
2394,21098198558
2395,21259827516
2396,20664976933
2397,21259825276
2398,21275503162
2399,21294201131
2400,21099204889
2401,21098190338
2402,21286084405
2403,21097887250
2404,20663284254
2405,21097884850
2406,21285980875
2407,21097882750
2408,21097881580
2409,21294091101
2410,20664862803
2411,21259712256
2412,21259711276
2413,21259710046
2414,21259708886
2415,21259707736
2416,21097872440
2417,21098074658
2418,21259704746
2419,20663266924
2420,21259702176
2421,21259700806
2422,20663263064
2423,21097863360
2424,21294073221
2425,21285958835
2426,21259694596
2427,20664841673
2428,21259419086
2429,21097785178
2430,21097783788
2431,21293789361
2432,21259413726
2433,20662978464
2434,20664558433
2435,21275089372
2436,21097575520
2437,21098785439
2438,21285671745
2439,21293779331
2440,21275082842
2441,21293776871
2442,21097768128
2443,20664546393
2444,21097765738
2445,21259396296
2446,20662960964
2447,21098772279
2448,21285659355
2449,20664539483
2450,21275070072
2451,21097758318
2452,21097555510
2453,21274967292
2454,20662852764
2455,20662851344
2456,20662849874
2457,20662846714
2458,21293653651
2459,21259275856
2460,21259274366
2461,21285540095
2462,21259266196
2463,21293640491
2464,21097634718
2465,21097426510
2466,21098636459
2467,21097423290
2468,21097626938
2469,21259253986
2470,20664402113
2471,20664399993
2472,20664398423
2473,20662815474
2474,21098624999
2475,21293621651
2476,21293620171
2477,21293618521
2478,20662698764
2479,21285397585
2480,21293503801
2481,21274809662
2482,21097292780
2483,21097496628
2484,21285390755
2485,21097287870
2486,20662687934
2487,21293494081
2488,21097283570
2489,20662683404
2490,21274796572
2491,21259112386
2492,20662678834
2493,21097481358
2494,20664255933
2495,21259106356
2496,20664252733
2497,21293479881
2498,21097474268
2499,21285368185
2500,20662667454
2501,21293473291
2502,20663775933
2503,21096794030
2504,21274309772
2505,21098000909
2506,21096790030
2507,21258624206
2508,21274304122
2509,21258621126
2510,21284886865
2511,21284885285
2512,21274299002
2513,20663760623
2514,21097987999
2515,21292985231
2516,21258611416
2517,20662175874
2518,20663753083
2519,21097980289
2520,20662171104
2521,21096768590
2522,21096767090
2523,20663746313
2524,21258423106
2525,20663565303
2526,21097795599
2527,21096795758
2528,21096583990
2529,21292787281
2530,21274097082
2531,21284678385
2532,21284677245
2533,21274092372
2534,21284673935
2535,21292777771
2536,21096781968
2537,21096780058
2538,21096568420
2539,21292772031
2540,21274081892
2541,21292769221
2542,21284661985
2543,21096770968
2544,21096559470
2545,21097767129
2546,21258391056
2547,21292760251
2548,21096763958
2549,21096444890
2550,21096443270
2551,21258276736
2552,20661841634
2553,20663416703
2554,21292641161
2555,20663413763
2556,21097644579
2557,21292636911
2558,21284532145
2559,21097640649
2560,21096430050
2561,20661829394
2562,21284527015
2563,21258260936
2564,21096635168
2565,21284522575
2566,21097629979
2567,21258254436
2568,21292621451
2569,21273936002
2570,21284514735
2571,20661814554
2572,21097620729
2573,20661705854
2574,21292506981
2575,20663280523
2576,20663278953
2577,21284399305
2578,21097505789
2579,21096510138
2580,21258130156
2581,20661694864
2582,21258127286
2583,21273809742
2584,21273808462
2585,20663266453
2586,21096500168
2587,20663264183
2588,21096497498
2589,21273802052
2590,21273800892
2591,21097488499
2592,21096492298
2593,20661679244
2594,21096275440
2595,20661676434
2596,20661675044
2597,21258107776
2598,21284224255
2599,21096338138
2600,21096124310
2601,21097328139
2602,21273642002
2603,21292323701
2604,21292322411
2605,21292321271
2606,21284214595
2607,21097321019
2608,20661515354
2609,21257947016
2610,21257945806
2611,21097315869
2612,21292312671
2613,21096108380
2614,21273626522
2615,20663083463
2616,20663082163
2617,21257936226
2618,21096101950
2619,21096100700
2620,21273618562
2621,21096213498
2622,21273520882
2623,21096211238
2624,21095998240
2625,20661397684
2626,21095995800
2627,21284091765
2628,21284090385
2629,20661392314
2630,20661390794
2631,21273509302
2632,21096199508
2633,21097191329
2634,21292188931
2635,20661384684
2636,20662960833
2637,21097183349
2638,21273497962
2639,21292180161
2640,21292179131
2641,21097179199
2642,21095973070
2643,21096183678
2644,21292174121
2645,21283276905
2646,21272700062
2647,21291380621
2648,21257002476
2649,21095385688
2650,21291377571
2651,21096373209
2652,21096372299
2653,21095381408
2654,21283222175
2655,21283220895
2656,21272646902
2657,21095332378
2658,20662094673
2659,21095117390
2660,21272641712
2661,20662055543
2662,21283176695
2663,21272601422
2664,20660471704
2665,21283173015
2666,20660469344
2667,20660468264
2668,20662047453
2669,20662046563
2670,21291182011
2671,20660373314
2672,20661951913
2673,21256802696
2674,21096170829
2675,21095179578
2676,21256793846
2677,20661940283
2678,20661939263
2679,21291166021
2680,20661937293
2681,20660356524
2682,20661934623
2683,21095169968
2684,20661931703
2685,20660350994
2686,21283051445
2687,21095163988
2688,21096152979
2689,21256777436
2690,21095159698
2691,20661921233
2692,20661919853
2693,21283041085
2694,21272467262
2695,21282799405
2696,21272225352
2697,21094694000
2698,21282795965
2699,20661666453
2700,21094902018
2701,21256520976
2702,20661663413
2703,21095892289
2704,21290863611
2705,21095862129
2706,21095861069
2707,21282757775
2708,21094863988
2709,21282755065
2710,20660046924
2711,21094648890
2712,21094859058
2713,21282750585
2714,20661619543
2715,21272175312
2716,21272174042
2717,21095846959
2718,21094851008
2719,20659954064
2720,21094461610
2721,21094670898
2722,21094459270
2723,21094458040
2724,21290657641
2725,21095661339
2726,21290655571
2727,21290654361
2728,21290653101
2729,21271980812
2730,20659846374
2731,20659845254
2732,21094657158
2733,21256276826
2734,21095649669
2735,21271973092
2736,21271971872
2737,20661414703
2738,21095644249
2739,21290639251
2740,21290638121
2741,20659832504
2742,20659604264
2743,21256034216
2744,21095410229
2745,21271735592
2746,21271715452
2747,21095387409
2748,21271713072
2749,21094385778
2750,21094384348
2751,21094177520
2752,20661151023
2753,21282275675
2754,21094174150
2755,21271704412
2756,20659568014
2757,20659566844
2758,21095374359
2759,21255996256
2760,20659563514
2761,21255994096
2762,21094165030
2763,21271695492
2764,21095367749
2765,21095200229
2766,21290192961
2767,21095197819
2768,20659388054
2769,20660962563
2770,21282089925
2771,21290186041
2772,20660958823
2773,21094191548
2774,21094190248
2775,21094188798
2776,21271513222
2777,21271511802
2778,21271510212
2779,21095180429
2780,21281985235
2781,21095087239
2782,21255712516
2783,21094086328
2784,21271411072
2785,20659274964
2786,20659273554
2787,21095079599
2788,20659271024
2789,21094865829
2790,21271192532
2791,21093866248
2792,20660624883
2793,21093863848
2794,20659049844
2795,20659048744
2796,21255484976
2797,21281750785
2798,21094854839
2799,21281748015
2800,21289844621
2801,21271179062
2802,21093852518
2803,20659038154
2804,20660609693
2805,20660608693
2806,21094846099
2807,21271172132
2808,21093845478
2809,21271169622
2810,20658635384
2811,20660211083
2812,21281340035
2813,21255076276
2814,21281336785
2815,21093440548
2816,21093235090
2817,21093437368
2818,20660199603
2819,21094435559
2820,21093431858
2821,21093430258
2822,20660192713
2823,21289419021
2824,21255057866
2825,21281318125
2826,21255055156
2827,20660185203
2828,21093215800
2829,21289410101
2830,20660180853
2831,21093414718
2832,21093413188
2833,21270743602
2834,21289287041
2835,21281186835
2836,21093289178
2837,21270621392
2838,20660051703
2839,21094286299
2840,20658471554
2841,21093079530
2842,20660046453
2843,21093278938
2844,21289273131
2845,21093276058
2846,21254907536
2847,21254905876
2848,21094272939
2849,20658458394
2850,21289263731
2851,20658455264
2852,20658453674
2853,20658452374
2854,20658450994
2855,21281157435
2856,21094259879
2857,21288922551
2858,21093930649
2859,20659692663
2860,21280818365
2861,21092721260
2862,20659686543
2863,21288910711
2864,21288909031
2865,21093917359
2866,21092711250
2867,20658095674
2868,21254539336
2869,21092906308
2870,21092904718
2871,20659670543
2872,21270237282
2873,21280796805
2874,21093903439
2875,21280793905
2876,20659663653
2877,21092895038
2878,21288886041
2879,21270225862
2880,21092689180
2881,21092888618
2882,21092356570
2883,21254184206
2884,21280445925
2885,21280444495
2886,21254179836
2887,21092348420
2888,21093547289
2889,20659306533
2890,20657726644
2891,20659303393
2892,21280432475
2893,21093538919
2894,21092336860
2895,20659296423
2896,21093533479
2897,21269866212
2898,21280421575
2899,21092522628
2900,20657710074
2901,21288514831
2902,21269857962
2903,20657705294
2904,20657703974
2905,21280410855
2906,20657701054
2907,21280270515
2908,21269713142
2909,20657559594
2910,20657557734
2911,21093371039
2912,21288356661
2913,21280257625
2914,21092096068
2915,21092094258
2916,21093102649
2917,20657286184
2918,21269435592
2919,20657282294
2920,21288083241
2921,21269430292
2922,21253720476
2923,21253718606
2924,21279978945
2925,21091886260
2926,20658842753
2927,21091881860
2928,21091879880
2929,21253512216
2930,21253510806
2931,21091679090
2932,21287865701
2933,21279766355
2934,21287862211
2935,21092873949
2936,20657055234
2937,21091668380
2938,21091857518
2939,21253496086
2940,21091662590
2941,21092863749
2942,21092861689
2943,21279748775
2944,21091846258
2945,20657038034
2946,21269190772
2947,20657034674
2948,21279740055
2949,20658604943
2950,20657029804
2951,21253474156
2952,21253472426
2953,21091640300
2954,21279593625
2955,21287507481
2956,21091316790
2957,21092519029
2958,21091313270
2959,21092515699
2960,21287499211
2961,21091499318
2962,21091497428
2963,20658265393
2964,21092506999
2965,20658262133
2966,21279394805
2967,20656684934
2968,21287485731
2969,21091486688
2970,20656680374
2971,20658252783
2972,21092494139
2973,20656675784
2974,21092491259
2975,21279380675
2976,21091283430
2977,21253115836
2978,20656536174
2979,20656534434
2980,21287331841
2981,21279234535
2982,21287328301
2983,21287326451
2984,20656525384
2985,20658095993
2986,21287320641
2987,21279222845
2988,21091320028
2989,21268668172
2990,20656512504
2991,21091314398
2992,20656507864
2993,21268658162
2994,20656503544
2995,20658074103
2996,20656499934
2997,20658070503
2998,20658068453
2999,21279198275
3000,21286966501
3001,20656164184
3002,20656162494
3003,20657734683
3004,20656158984
3005,21268309832
3006,21090961498
3007,20656154454
3008,21278856685
3009,21090762150
3010,21090954868
3011,21090952698
3012,20656145234
3013,21091953119
3014,21090947468
3015,21278843445
3016,21090942828
3017,21286935761
3018,21091942679
3019,21252574926
3020,21278833235
3021,20656126264
3022,21090930098
3023,21278827365
3024,21268274932
3025,21268123942
3026,20655970804
3027,21268119872
3028,20657539803
3029,21286761201
3030,21286759601
3031,21091769379
3032,21091511699
3033,21252145796
3034,21252143846
3035,21278402665
3036,20655695904
3037,21091501519
3038,21091499339
3039,21091496979
3040,21267837842
3041,21090294260
3042,21090492668
3043,20655682214
3044,21278384685
3045,21091487099
3046,20655677454
3047,21090283690
3048,21252117276
3049,21267821752
3050,21251975136
3051,20657101583
3052,20657099673
3053,21267677842
3054,21090333288
3055,20655519734
3056,21090329158
3057,21251961926
3058,21091327809
3059,20657086053
3060,21091323639
3061,21090319238
3062,21090114820
3063,21267656752
3064,21251945966
3065,21090309648
3066,21090106950
3067,20655494644
3068,21251939596
3069,21278199455
3070,21278197915
3071,21286284061
3072,21091298809
3073,21090093380
3074,20655477474
3075,21251528186
3076,21277785945
3077,20655077624
3078,21089888338
3079,21277781015
3080,20655071544
3081,20655069734
3082,21090878229
3083,20655065584
3084,20655063904
3085,21285859511
3086,21090871229
3087,21251506406
3088,20656627293
3089,21090863909
3090,21251499796
3091,21267203802
3092,21089656030
3093,21089654350
3094,21090856449
3095,21267197812
3096,21277749805
3097,20656612853
3098,20654702774
3099,20654676404
3100,21285470371
3101,21089484108
3102,21251118976
3103,21090477649
3104,21277374105
3105,21277372195
3106,21251111306
3107,21277368475
3108,21266762882
3109,21285403821
3110,21089212580
3111,21285400801
3112,20656173513
3113,21090410089
3114,21277308255
3115,21277306755
3116,20656167613
3117,21251042936
3118,20654593594
3119,20656163273
3120,21285387211
3121,20656031443
3122,21089063950
3123,20654455434
3124,20654319634
3125,21089130428
3126,21089129088
3127,21277023425
3128,21285105481
3129,20655882573
3130,21089122358
3131,21090115579
3132,21088913920
3133,21266459612
3134,21285095851
3135,21088908520
3136,21088906880
3137,20655870103
3138,21250744266
3139,21250742846
3140,21090100599
3141,20654239734
3142,20655811343
3143,20655809923
3144,21089047798
3145,21250555266
3146,21284899211
3147,21088710150
3148,21088915338
3149,21089909019
3150,21276804765
3151,21250544406
3152,21266247122
3153,21088905378
3154,20654090034
3155,20654088814
3156,21088900748
3157,20655656823
3158,21250531486
3159,21088688330
3160,21284873531
3161,20655649923
3162,21088683450
3163,21088889578
3164,21276781015
3165,21284866091
3166,21088884938
3167,21276776735
3168,21250515856
3169,21089874789
3170,21089637809
3171,20655397283
3172,21265979282
3173,20655394383
3174,21276530945
3175,21088425180
3176,21284602101
3177,21276518985
3178,21088411710
3179,21250255126
3180,21250253526
3181,20653805264
3182,21276510495
3183,20655365453
3184,21284585361
3185,21088606448
3186,20653793954
3187,21284580861
3188,21089597629
3189,20655356023
3190,21276493355
3191,21088597108
3192,21088594658
3193,21089587989
3194,20655346473
3195,21265646932
3196,21088093320
3197,21088299238
3198,21284272541
3199,21265641832
3200,21276189985
3201,20653482784
3202,21265637782
3203,21088290608
3204,21265635062
3205,21249923056
3206,20655042073
3207,20655040543
3208,21276179145
3209,21265627892
3210,21088074210
3211,21088278808
3212,20653467984
3213,21276172035
3214,20655030963
3215,21088272528
3216,21089265739
3217,21088063870
3218,21249904956
3219,20654906393
3220,21265496872
3221,21088147628
3222,21284120761
3223,20654899893
3224,21089136839
3225,21089135569
3226,21265487522
3227,21088138118
3228,21265484132
3229,20654891043
3230,21284108401
3231,21265480162
3232,21249768146
3233,21088129638
3234,21088127858
3235,20653316524
3236,21088125028
3237,21249761006
3238,20654876923
3239,21088120278
3240,20654873503
3241,20653306834
3242,21087553750
3243,21087759388
3244,21264961732
3245,20654364873
3246,21087399980
3247,21283577121
3248,20652794724
3249,21264952742
3250,21249237686
3251,20652789174
3252,21275491205
3253,21249232776
3254,21283564811
3255,20652781884
3256,21275483485
3257,20654342673
3258,21087587488
3259,21264934442
3260,21088576219
3261,21249217726
3262,21249216056
3263,21283548641
3264,20652450014
3265,21264606492
3266,21248891136
3267,21088243779
3268,21088241689
3269,21248886336
3270,21087039350
3271,21087244748
3272,21087034230
3273,21088231289
3274,21087238058
3275,21087028960
3276,20653988113
3277,21088224789
3278,20652423924
3279,21283200261
3280,21248865546
3281,21088217729
3282,20652416464
3283,21248859986
3284,21088212239
3285,21264569312
3286,21283188321
3287,20653968203
3288,21086914538
3289,21086912848
3290,20653662023
3291,21086909818
3292,21274799045
3293,21282873611
3294,21264254532
3295,20653654273
3296,21086689460
3297,21086900918
3298,21248533986
3299,21274788455
3300,21087885419
3301,21274785345
3302,21264241532
3303,21264240192
3304,21087879579
3305,21086674540
3306,21248520746
3307,20653634223
3308,21087871459
3309,21264098942
3310,21282715691
3311,21248380886
3312,21274636505
3313,21086531620
3314,21086740168
3315,20651930654
3316,21264087122
3317,20651926874
3318,21248369406
3319,21282700801
3320,20651922624
3321,21274622075
3322,21264078212
3323,21086515970
3324,21248361076
3325,21274616005
3326,21264072512
3327,21086720768
3328,21282687921
3329,21087567269
3330,21086361820
3331,20651764654
3332,20651762684
3333,21274462275
3334,21274460515
3335,21263917402
3336,21282532381
3337,20653310323
3338,21087551389
3339,21263910052
3340,20651748994
3341,21087546419
3342,21274446545
3343,20651743614
3344,21263901912
3345,21274441655
3346,21282514661
3347,20653293463
3348,21282511681
3349,21087534369
3350,21248176216
3351,20651730344
3352,21274430365
3353,21263887872
3354,20652803333
3355,21087046759
3356,21263404212
3357,21282018371
3358,21282016721
3359,20651235914
3360,21282013701
3361,21085824340
3362,21263394252
3363,21273934935
3364,21263391052
3365,21273931965
3366,21087029539
3367,21273928825
3368,21273927425
3369,21263383612
3370,21247666336
3371,20651218084
3372,21273921365
3373,21263377862
3374,21085805020
3375,21281991271
3376,20652769833
3377,21085800890
3378,20652644403
3379,21086886229
3380,20652640913
3381,20652639123
3382,20652637473
3383,21263240602
3384,21247520006
3385,20652632263
3386,21085881398
3387,21086870969
3388,21263229872
3389,21085655450
3390,20652621503
3391,21281836151
3392,20652617123
3393,20652615333
3394,20651052914
3395,21247497786
3396,21085641940
3397,21086852719
3398,20651045564
3399,21247490556
3400,21263208082
3401,21247486386
3402,21247086016
3403,20652200433
3404,21085449968
3405,20652197513
3406,20650631784
3407,21086438219
3408,21247075566
3409,21273336435
3410,20652189363
3411,21085220870
3412,21262791532
3413,21085435948
3414,21247065606
3415,21262786862
3416,21085430918
3417,21281393361
3418,21281391631
3419,21085425668
3420,21273319385
3421,21085422188
3422,21085420558
3423,20650604064
3424,20650602414
3425,21281250411
3426,21086278449
3427,21086276689
3428,21246913226
3429,21246911356
3430,21085059900
3431,20652023953
3432,20652022233
3433,20652020823
3434,20652018873
3435,21085268318
3436,21273161895
3437,20650451824
3438,21085044890
3439,21086255919
3440,21281224601
3441,21281222671
3442,20650443424
3443,21273149525
3444,21273147355
3445,21085251028
3446,20651998063
3447,20651996253
3448,21281211131
3449,21262320172
3450,20650140764
3451,21262316942
3452,21084735610
3453,20650135954
3454,21084733120
3455,21084731410
3456,20651691043
3457,20651689473
3458,21280905771
3459,21084942108
3460,20651684583
3461,21085929739
3462,21280898861
3463,21272826445
3464,20650117344
3465,21280893711
3466,21262291802
3467,21272820065
3468,21262288342
3469,21246559396
3470,21246557506
3471,21246555806
3472,20651663723
3473,21272810735
3474,21085656979
3475,20651409383
3476,21280627291
3477,21262023982
3478,20651404263
3479,21084657748
3480,20649840194
3481,21246291216
3482,20651398413
3483,21280616581
3484,21246286356
3485,21280613591
3486,21085639379
3487,20649829554
3488,21272540285
3489,21085635059
3490,20649824874
3491,21085631639
3492,21272533445
3493,21084422190
3494,21261997682
3495,21280596861
3496,21084630618
3497,21084628808
3498,21272522135
3499,21084279070
3500,20651234163
3501,21261850592
3502,20649510674
3503,21084110430
3504,21084320038
3505,21085313439
3506,20649504454
3507,21084314928
3508,20649501264
3509,20651059633
3510,21084099290
3511,21272204125
3512,21084306288
3513,20649491864
3514,20649490474
3515,21272197015
3516,20649487184
3517,21261663192
3518,21261661802
3519,20649482234
3520,20649480704
3521,21085286609
3522,21084290478
3523,20649350854
3524,21085154339
3525,20649347104
3526,21280121901
3527,21261524642
3528,20649341894
3529,21245789126
3530,20650897393
3531,21261517562
3532,21085139879
3533,20650892173
3534,21084140918
3535,21261510672
3536,21272036715
3537,21261507322
3538,20650883563
3539,21272031635
3540,21245769386
3541,20649319224
3542,21085121199
3543,21245764016
3544,21245762356
3545,20649311964
3546,20649022054
3547,20649020624
3548,21271728195
3549,21279789361
3550,21083823988
3551,21083822668
3552,21083618420
3553,20649012434
3554,21261190562
3555,21271718985
3556,21245453476
3557,21271716385
3558,21083812268
3559,20650561443
3560,21261181342
3561,20649000744
3562,21245444546
3563,20648997534
3564,21279767761
3565,21083801548
3566,21083598670
3567,21279763081
3568,21083797468
3569,20648878404
3570,21245323136
3571,21083483400
3572,21279644811
3573,20650428983
3574,20650427783
3575,21084674959
3576,21245315226
3577,20650423003
3578,21271576025
3579,21279634941
3580,21271573635
3581,21279631821
3582,21261039202
3583,21083667418
3584,21271567495
3585,21084660919
3586,21261033802
3587,21271563515
3588,20650408343
3589,21084655969
3590,21083657608
3591,21083656238
3592,21083654518
3593,21271446675
3594,21260912672
3595,21271444205
3596,21083341560
3597,21245181106
3598,21271439815
3599,21245177936
3600,21084532899
3601,20650281253
3602,21271434535
3603,21083532188
3604,21083330700
3605,20648718514
3606,21279492681
3607,21245167426
3608,21083324730
3609,21084520559
3610,21279487301
3611,20648710884
3612,21084516729
3613,21083519648
3614,21279482451
3615,21083517388
3616,21083515898
3617,21271312795
3618,21271311425
3619,21083208550
3620,21271309155
3621,21083407568
3622,21083204520
3623,20650149863
3624,21279366321
3625,20650147253
3626,21271301135
3627,21083399928
3628,20650143683
3629,21083397278
3630,21245036086
3631,21083394688
3632,21271293125
3633,21083189870
3634,21084383439
3635,21260755132
3636,20650132473
3637,20648573554
3638,21279347231
3639,21245023276
3640,21271282365
3641,21244908106
3642,20648452624
3643,21084259719
3644,21279224911
3645,21083059640
3646,21279221451
3647,20650005403
3648,20648444464
3649,21279217151
3650,21279216001
3651,21279214351
3652,20648438784
3653,20648437474
3654,21244889976
3655,21271148275
3656,21260614172
3657,21260612982
3658,21083244918
3659,21271141745
3660,21271140395
3661,21260606132
3662,20649984053
3663,21083237868
3664,20649981483
3665,20649979753
3666,21260495042
3667,21084120679
3668,21271025955
3669,21084118019
3670,21083123858
3671,21083122628
3672,21279081151
3673,21083119798
3674,20648303214
3675,20648301244
3676,20649859123
3677,21082911940
3678,20649856383
3679,21082908180
3680,21279068671
3681,21082905110
3682,21271005325
3683,21279063471
3684,21083102328
3685,21083100438
3686,20648283254
3687,21083097008
3688,20649838423
3689,21083094178
3690,20649730113
3691,21270884505
3692,21270883035
3693,21278939731
3694,21260346082
3695,21278936611
3696,21270876765
3697,21082974388
3698,21270873815
3699,20648156684
3700,20649715253
3701,21082767280
3702,20649711683
3703,21244602606
3704,21083954669
3705,21244599666
3706,21083951939
3707,21082959638
3708,21082958298
3709,21270857445
3710,21270855625
3711,21082953268
3712,21082951538
3713,20649695753
3714,21243553166
3715,21277871351
3716,21259283842
3717,21243548806
3718,21269812835
3719,21081711130
3720,21081902868
3721,20647099424
3722,20648649883
3723,20648648703
3724,21259273662
3725,21269803985
3726,21081702470
3727,21277855621
3728,21082887109
3729,21081892068
3730,20647088114
3731,21081889638
3732,21277848841
3733,21081887418
3734,21277846041
3735,21243523986
3736,21277843041
3737,21277841911
3738,21081283040
3739,21082477859
3740,21081280210
3741,21269385235
3742,21081277310
3743,21258849502
3744,21258847852
3745,20646668034
3746,21277432981
3747,21081468768
3748,21277429421
3749,21269372495
3750,21081464298
3751,21277424911
3752,21081461288
3753,21258834402
3754,20646655274
3755,20648204083
3756,20646652014
3757,20646650594
3758,20646649414
3759,21081451308
3760,21082447189
3761,21081249970
3762,21277408491
3763,21081056338
3764,21277019341
3765,21081053988
3766,20646246784
3767,21082047579
3768,20646244014
3769,21082045239
3770,21080846800
3771,21082042439
3772,20647792453
3773,21242688216
3774,21258419272
3775,21242685876
3776,20646234544
3777,21242683156
3778,21080836600
3779,21277000241
3780,20646229364
3781,20646228304
3782,21276996551
3783,21268936815
3784,21081030918
3785,20646011034
3786,21258193052
3787,21276779761
3788,21081811229
3789,21268603425
3790,21268601965
3791,21258074482
3792,21242337436
3793,21276657791
3794,21080489850
3795,21080488490
3796,20645887054
3797,20645885964
3798,21080485260
3799,21242329306
3800,20645882304
3801,21080481400
3802,20645879524
3803,20647426903
3804,20647425263
3805,21081676259
3806,21242319786
3807,21268553665
3808,21276611151
3809,21081459659
3810,21257839002
3811,21276422251
3812,21080462128
3813,21080256610
3814,21081452769
3815,20645649534
3816,20645647754
3817,21080455508
3818,20647196163
3819,21080248220
3820,21080246950
3821,20647192073
3822,20647190543
3823,21080242920
3824,21080241340
3825,21080445178
3826,20645634154
3827,21080236610
3828,21081433599
3829,21257813422
3830,21080438528
3831,21081429999
3832,21268338515
3833,21242070186
3834,20646761783
3835,21079816900
3836,21267916935
3837,20646758053
3838,20646756803
3839,20646755423
3840,21275969271
3841,20646752913
3842,20645201034
3843,21080006778
3844,21081003399
3845,21267906205
3846,21267904885
3847,21079802700
3848,21241637066
3849,20646743833
3850,21080996849
3851,20645190784
3852,21275955311
3853,21080993019
3854,21241629416
3855,21079992868
3856,21080989559
3857,21257370212
3858,21080896529
3859,21267801635
3860,21079698950
3861,21275855561
3862,21079895358
3863,21241529696
3864,20646636723
3865,21080888089
3866,20646634323
3867,21080885589
3868,21080884489
3869,20646630923
3870,20646629763
3871,21257264032
3872,21241519496
3873,21267785535
3874,21275840641
3875,21257259042
3876,21080588569
3877,21079395110
3878,21241227586
3879,21079588138
3880,20644780354
3881,20644778994
3882,21079584468
3883,21267386245
3884,21241120496
3885,21267383625
3886,21275444981
3887,21241116096
3888,21275442021
3889,21080472149
3890,20646219043
3891,21256854402
3892,21256852942
3893,21267372615
3894,21079274530
3895,21275432781
3896,21256847972
3897,21267367235
3898,21241102016
3899,21079267590
3900,21256842022
3901,21256840722
3902,20646202593
3903,21079262070
3904,21241094346
3905,21079259810
3906,21079258340
3907,21256834082
3908,21267260285
3909,21079357158
3910,20646102853
3911,21240994616
3912,21080351149
3913,21256734832
3914,20644546864
3915,21256732282
3916,20646095643
3917,21240986826
3918,21240985526
3919,21275308281
3920,21267245215
3921,21079149360
3922,21079148180
3923,21079340588
3924,21079339608
3925,21275301541
3926,20644532254
3927,21079141650
3928,21256715682
3929,21275296781
3930,21079138160
3931,21080327909
3932,21267138455
3933,21080234539
3934,21256616342
3935,20644429794
3936,21275195661
3937,20645980213
3938,21079036760
3939,21267129725
3940,21256608802
3941,21275189181
3942,21079225358
3943,21080222289
3944,21275185541
3945,20645970553
3946,21267121035
3947,20644415154
3948,21240857366
3949,21240856236
3950,21080214049
3951,21080213039
3952,21079213738
3953,21256592952
3954,21240850336
3955,21256590622
3956,21240848286
3957,21275077081
3958,21078919000
3959,20644307134
3960,20645859513
3961,20644304504
3962,21267009275
3963,21275070121
3964,21256486522
3965,21266705965
3966,20645557043
3967,20645555763
3968,21274767391
3969,21256187872
3970,21266700675
3971,20645551123
3972,21078604570
3973,21078798478
3974,20645547673
3975,21256181702
3976,21256180452
3977,21274758021
3978,21256177782
3979,20645541643
3980,20645540353
3981,21078506320
3982,21078700198
3983,21256085502
3984,21266598245
3985,21266597315
3986,20643894964
3987,21274658091
3988,21079698849
3989,21078497130
3990,21078691878
3991,21079695169
3992,20643888634
3993,21274651651
3994,21266587835
3995,21274649841
3996,21240326916
3997,20643883554
3998,21256069612
3999,21256068672
4000,21240322526
4001,21256066402
4002,20643878344
4003,21256064332
4004,21078593348
4005,21078397340
4006,21078591178
4007,21255976332
4008,21255975212
4009,21274552431
4010,21274551171
4011,21255971572
4012,21255970152
4013,21079589209
4014,20645329763
4015,21274545731
4016,20645327473
4017,21079584559
4018,21078576368
4019,21274541061
4020,21078573898
4021,21274538541
4022,21078377640
4023,21240212926
4024,21078375850
4025,21078568608
4026,20645315693
4027,21078482638
4028,21078481648
4029,21274445261
4030,21078283550
4031,20643680934
4032,20643679684
4033,21274440511
4034,21240117476
4035,21255861302
4036,21255860202
4037,21240114196
4038,21255858392
4039,20645220103
4040,21079476529
4041,21274432311
4042,21078271190
4043,20645216123
4044,21266367855
4045,21078463748
4046,21079470549
4047,21274425811
4048,20643662484
4049,21240101836
4050,21078458518
4051,21079465559
4052,21274340711
4053,21266278065
4054,21078180560
4055,21078179390
4056,21274335781
4057,21078176890
4058,21274333391
4059,20643570844
4060,21078173460
4061,21255753322
4062,21078171500
4063,21079372749
4064,20645112383
4065,21274325041
4066,20645110223
4067,21078165850
4068,21274321581
4069,21240001096
4070,21079364509
4071,21255741902
4072,21079362029
4073,20645101623
4074,21255738242
4075,21255736892
4076,20645098273
4077,21239901286
4078,21266158525
4079,21078059240
4080,21266156425
4081,21255639592
4082,21078056060
4083,21274212651
4084,21079256919
4085,21255635702
4086,21078052180
4087,21266148905
4088,21078050180
4089,21078243228
4090,21274204921
4091,20643442224
4092,21078045760
4093,21274201261
4094,21255626462
4095,21274199261
4096,21274198221
4097,21266138415
4098,21274195991
4099,21078037800
4100,20643432014
4101,21078142118
4102,20644890553
4103,20644889023
4104,21239781816
4105,21239780616
4106,21239779606
4107,21078134698
4108,21255520902
4109,21239775926
4110,21079138979
4111,21274093321
4112,21077932440
4113,21079135009
4114,21239769626
4115,21266025945
4116,21266024845
4117,21079130239
4118,21077924960
4119,21266021295
4120,21255505232
4121,20644867183
4122,21078115968
4123,21079123369
4124,21077245410
4125,21077244080
4126,21273409601
4127,20642641314
4128,21254825272
4129,21273405921
4130,20642637454
4131,21239081756
4132,20644191833
4133,21273400701
4134,21239077856
4135,21078441739
4136,21239075036
4137,21265333865
4138,21273394001
4139,21078436439
4140,21239069366
4141,21254807922
4142,21078432459
4143,21077219710
4144,21077421648
4145,20644173813
4146,20644172353
4147,21077252228
4148,21238893126
4149,21265153185
4150,21077046540
4151,20642400014
4152,20643957503
4153,21076999380
4154,20642396564
4155,20642395364
4156,21076995700
4157,21077196978
4158,21078205589
4159,21078203849
4160,21076971720
4161,20642369064
4162,21238812846
4163,20643924713
4164,20643923323
4165,20643922173
4166,21078177099
4167,21238806206
4168,21254544632
4169,20642358264
4170,21078022809
4171,21254390562
4172,21078020739
4173,21272968281
4174,21238646686
4175,21078016479
4176,21272964201
4177,21264905865
4178,21264904565
4179,20643755703
4180,20643754563
4181,21076794050
4182,20642190744
4183,21076791500
4184,20642188464
4185,21076992878
4186,21254372052
4187,20642184984
4188,21264892145
4189,21077999979
4190,21077998909
4191,20643742463
4192,21076985238
4193,20642139784
4194,20641954344
4195,20643514753
4196,21076757478
4197,20641950754
4198,21077767719
4199,21076549080
4200,21076547860
4201,21076546740
4202,21077763249
4203,21254131912
4204,21076543000
4205,21076747338
4206,20641940534
4207,21272705651
4208,21076743938
4209,21077755439
4210,21264645935
4211,21076535650
4212,21264643915
4213,21254121032
4214,21272698901
4215,20643492863
4216,20641929924
4217,20643410643
4218,21238295836
4219,21077666019
4220,21272612541
4221,21076444250
4222,21238291106
4223,21272608961
4224,21076647698
4225,21238288116
4226,21272605741
4227,21272604481
4228,21076643178
4229,21272602301
4230,21272601051
4231,21076235610
4232,21272398861
4233,21238080806
4234,20643194233
4235,20643193103
4236,21077448089
4237,21077446979
4238,21077445659
4239,21237884346
4240,20643000383
4241,21076240618
4242,20641437054
4243,21272199301
4244,21076237478
4245,21272197391
4246,21237877056
4247,20642993563
4248,21253612202
4249,21077245199
4250,21272192191
4251,21264130105
4252,20641426384
4253,20641425304
4254,21076226708
4255,21237866826
4256,20641421914
4257,20641420814
4258,20642981323
4259,20641418504
4260,21264119855
4261,21077231379
4262,21237859636
4263,21272089341
4264,21264027855
4265,21272087051
4266,20641324184
4267,21077137819
4268,21075920390
4269,20642881923
4270,21077134459
4271,21076122278
4272,20642878643
4273,21076119888
4274,21253497632
4275,21237759926
4276,21253495642
4277,20642873373
4278,21077126009
4279,20642871653
4280,21077124159
4281,21264009265
4282,20642868933
4283,21272068401
4284,21237750836
4285,21253486342
4286,21076107108
4287,21263617675
4288,21263616605
4289,21263615205
4290,21076726149
4291,20642474893
4292,21263611795
4293,21237359636
4294,21237358456
4295,21263608795
4296,21271667391
4297,21253088092
4298,21075704928
4299,21271663761
4300,21237352126
4301,21253083182
4302,21076712679
4303,21237348896
4304,20640893184
4305,21075696268
4306,20642458373
4307,21263594665
4308,20640888674
4309,20642454633
4310,20642453503
4311,21263589965
4312,21271563701
4313,21263503785
4314,20640798474
4315,21271560721
4316,21252982952
4317,21263499605
4318,20640794744
4319,21075396980
4320,21263495935
4321,21076608069
4322,21076606849
4323,21075392580
4324,21252974402
4325,21076603889
4326,21075588138
4327,21076602009
4328,21252970182
4329,21252969362
4330,21271442651
4331,20640680714
4332,21075282970
4333,20642244203
4334,21252862482
4335,21076490309
4336,21075124150
4337,20640520244
4338,21075320818
4339,21271273621
4340,21252695782
4341,20642076263
4342,21075113370
4343,21236963286
4344,20640507734
4345,21263208535
4346,21076319939
4347,20642069343
4348,20642067993
4349,20640501864
4350,21076315069
4351,21076313879
4352,21075301128
4353,21271257321
4354,21252285882
4355,20641667643
4356,21236554216
4357,20641665233
4358,20640097724
4359,21270858321
4360,21074698000
4361,21074693648
4362,20639891694
4363,21252074942
4364,21236344686
4365,20639888484
4366,21074687598
4367,21252070182
4368,20639885014
4369,21074684038
4370,21074682708
4371,21262584285
4372,20639879924
4373,21252062602
4374,20639877534
4375,20641440693
4376,21074479110
4377,20641438203
4378,21074672228
4379,21252054762
4380,21075687599
4381,21270628301
4382,21270532761
4383,21074570198
4384,20641334273
4385,20641332983
4386,20641331903
4387,20639768364
4388,21270525131
4389,21075583989
4390,21236218566
4391,21270521861
4392,21270520761
4393,21262461695
4394,21074556998
4395,21075577019
4396,20641320333
4397,21074359880
4398,21251935902
4399,21074551088
4400,21075571359
4401,21270510891
4402,21074354370
4403,21262450495
4404,21262449445
4405,21270412991
4406,21074449488
4407,20639652574
4408,21236103026
4409,21262349325
4410,21075466149
4411,21074251330
4412,21251826402
4413,21075462939
4414,21270402131
4415,21074439258
4416,21270399711
4417,21074244320
4418,21251819292
4419,21075455339
4420,21262336755
4421,21262335455
4422,21236086436
4423,21270391481
4424,21270390171
4425,21074427558
4426,21074233220
4427,21262327935
4428,21236078866
4429,20640834353
4430,21075084819
4431,21075083269
4432,21073868250
4433,20640828383
4434,21075078929
4435,21073863920
4436,21270018321
4437,20640822073
4438,21270015521
4439,21075071709
4440,21261952935
4441,21270011581
4442,21075067499
4443,21073852540
4444,21261947085
4445,21270005651
4446,20639247534
4447,21074041338
4448,21073845430
4449,21261940515
4450,20640804423
4451,21269895281
4452,21074952449
4453,21269893021
4454,20639135744
4455,20640698763
4456,21235584096
4457,21074946059
4458,20639130774
4459,21074943319
4460,21073727920
4461,21073920548
4462,21251307812
4463,21269879781
4464,21235573746
4465,21235572236
4466,21251302772
4467,21074933079
4468,20639117164
4469,20639115704
4470,20640678863
4471,21073907168
4472,21261808025
4473,21251293382
4474,21269560621
4475,21073600118
4476,21269558241
4477,21269557091
4478,21235250626
4479,21261495095
4480,21250982492
4481,21269551081
4482,20638793474
4483,21074606999
4484,21235243026
4485,21073391870
4486,21269544241
4487,20640352273
4488,21261482945
4489,21250970262
4490,21261480385
4491,21073384280
4492,21074595369
4493,21235232136
4494,20640343653
4495,21250962812
4496,21074589849
4497,21250960022
4498,21261470955
4499,21269425271
4500,21269423721
4501,21235120866
4502,21073268510
4503,21250851602
4504,21269417441
4505,21074476959
4506,20640225893
4507,21261356655
4508,20640223103
4509,21261353635
4510,21074469559
4511,21074468149
4512,20638651954
4513,21074465389
4514,21269403051
4515,20640213463
4516,20638646754
4517,21074458689
4518,21074457299
4519,20640207003
4520,21269394961
4521,21074454039
4522,21261335225
4523,21073239600
4524,21234991996
4525,20640103403
4526,20638536404
4527,21269287281
4528,21074348039
4529,21234986176
4530,21250717312
4531,21261225005
4532,21261223805
4533,21074342289
4534,21250712422
4535,21234979066
4536,21250709712
4537,20640088603
4538,21073121850
4539,21073312158
4540,21074331859
4541,21073309228
4542,21234969546
4543,21261209395
4544,21269265571
4545,21073304368
4546,21269263131
4547,21260875175
4548,21234633426
4549,21250366492
4550,20639740643
4551,21250363622
4552,21234627666
4553,21073988169
4554,21072966438
4555,21072768930
4556,21072963898
4557,21072766080
4558,21268915041
4559,21268913551
4560,21073977409
4561,21072759280
4562,21073974249
4563,20638155414
4564,21260849405
4565,20639717113
4566,21260845655
4567,21072945088
4568,20639711863
4569,20639710333
4570,21073961029
4571,21234596626
4572,21072411990
4573,21234263346
4574,20639373973
4575,21260504515
4576,21073622639
4577,21072597678
4578,21234255006
4579,21260497905
4580,21268551551
4581,21268549811
4582,20639360893
4583,21268546391
4584,21234245246
4585,21072584938
4586,21072583368
4587,21260484195
4588,20637784164
4589,21072578518
4590,20639348713
4591,21268533291
4592,21073597729
4593,20637776274
4594,21073594779
4595,21073465509
4596,21260341185
4597,21234095516
4598,20639055593
4599,21072279498
4600,21268236741
4601,21073304279
4602,20637481414
4603,20639047043
4604,21072270498
4605,20637476604
4606,20637475004
4607,21249667472
4608,21260170395
4609,21072067680
4610,20639034543
4611,20637466204
4612,21072062320
4613,20639029223
4614,21073282229
4615,21072057310
4616,21249652402
4617,21073277489
4618,21072247438
4619,20637323724
4620,21268074481
4621,21260019985
4622,21260017835
4623,20637315954
4624,21072106698
4625,20638878343
4626,21073132979
4627,20638874563
4628,20638872353
4629,21073127339
4630,21072095748
4631,21249496832
4632,20637085934
4633,21072905719
4634,21267833941
4635,21233536336
4636,21249271472
4637,21259778355
4638,21071673410
4639,21071671820
4640,21259773945
4641,21259772645
4642,21071667260
4643,21072891609
4644,20638512823
4645,21249142152
4646,20636947954
4647,21249139292
4648,21267694781
4649,21259642985
4650,21267691791
4651,21267690431
4652,21267689091
4653,21249130542
4654,21071533120
4655,21071531470
4656,21072753499
4657,21071528660
4658,21259630455
4659,21259628895
4660,21233382246
4661,21249119092
4662,21072745709
4663,21071715098
4664,21267672031
4665,20638483573
4666,21072740669
4667,20638481323
4668,21259491985
4669,20636786494
4670,21233240156
4671,20638348953
4672,21248975752
4673,21071377530
4674,20636778434
4675,21267526801
4676,21071567738
4677,20638339163
4678,21233226136
4679,21248963712
4680,21072589489
4681,20638332623
4682,21267515891
4683,21267514701
4684,21248957612
4685,21267512151
4686,20638325963
4687,21248953602
4688,21259461975
4689,20636756754
4690,21259458375
4691,21072573689
4692,21248838902
4693,21267392141
4694,21259345335
4695,21071240540
4696,21259342465
4697,20636638044
4698,20636636924
4699,21259338465
4700,21233088876
4701,20638197903
4702,21071424628
4703,21233084936
4704,21233083476
4705,20636628314
4706,20638192003
4707,21233079926
4708,21233078466
4709,21072443799
4710,21072442389
4711,20638185373
4712,21071217310
4713,20638182323
4714,20636615904
4715,20638179573
4716,21072328939
4717,20638072233
4718,21248700002
4719,20636503794
4720,20636502644
4721,21071292978
4722,21072320299
4723,21232949096
4724,20638063193
4725,20636496194
4726,21267240571
4727,21259196795
4728,20638058113
4729,21072311359
4730,21267235091
4731,21071085690
4732,21071084170
4733,21259188635
4734,21071276318
4735,21072304009
4736,21072302749
4737,21248675342
4738,20636478994
4739,21259085005
4740,21071173968
4741,21259082035
4742,21071171358
4743,20637941563
4744,21232825946
4745,20636374884
4746,21071165648
4747,21071164298
4748,21071162898
4749,21248563842
4750,21267111741
4751,21071159158
4752,21070958280
4753,20637927833
4754,21248557792
4755,21259062695
4756,21259061455
4757,21071150868
4758,21267100541
4759,21072177309
4760,21072176069
4761,20636352664
4762,20637915683
4763,20636242234
4764,20637806843
4765,21258942115
4766,21248433092
4767,21232686036
4768,20637801273
4769,21258936515
4770,21258935045
4771,20637796913
4772,20636229224
4773,21232677836
4774,20637792993
4775,21248421132
4776,21266968091
4777,21071017448
4778,21266965201
4779,21232670036
4780,21071013068
4781,21232667176
4782,21070809800
4783,21072037189
4784,21070807310
4785,20636212094
4786,21248406602
4787,21231436746
4788,20636553383
4789,21265727131
4790,21265725701
4791,21257678775
4792,21069572840
4793,20636547863
4794,21069770138
4795,21069371190
4796,21257475055
4797,21246975612
4798,20636344883
4799,21231221916
4800,21246971812
4801,21069361980
4802,21246967862
4803,20636336983
4804,20636336003
4805,21257462225
4806,20636332823
4807,21069353590
4808,20636329813
4809,21069550828
4810,21069549338
4811,20636210163
4812,21069429628
4813,20634635454
4814,21231083176
4815,21231081306
4816,21257332705
4817,21069222540
4818,21246827452
4819,21231074286
4820,21069416698
4821,21069215370
4822,21069213400
4823,21231067656
4824,21069409448
4825,21246815662
4826,21265356681
4827,21257314045
4828,20636182393
4829,21231058966
4830,21246808462
4831,20636178013
4832,21231054166
4833,21265345891
4834,21070429729
4835,21246801092
4836,21257201185
4837,21069290398
4838,21265237861
4839,21246694292
4840,21230943186
4841,21069285918
4842,21265233021
4843,21265231931
4844,21257191145
4845,21070314009
4846,21246684622
4847,20636052163
4848,21257184825
4849,21257183505
4850,21069273038
4851,20634476634
4852,21069270618
4853,21069067850
4854,21069267278
4855,21265213771
4856,20634469354
4857,21070296609
4858,21070295339
4859,21246665882
4860,20635933443
4861,21069157388
4862,20635930923
4863,21246560612
4864,20635928283
4865,21070187309
4866,21230806126
4867,21230805006
4868,21257057695
4869,20635921733
4870,21265091991
4871,21246549842
4872,21230797716
4873,21069141118
4874,21246545752
4875,21070173869
4876,20635911093
4877,21230790486
4878,20634340724
4879,20635906543
4880,20634337384
4881,21069129958
4882,20634229754
4883,21256931035
4884,21246427642
4885,20634225464
4886,21230670026
4887,20635790133
4888,21068810440
4889,21230664866
4890,21068807790
4891,21246417012
4892,21264954301
4893,20635781633
4894,20635780573
4895,21246411382
4896,21068800160
4897,21068999348
4898,20634206154
4899,20634204954
4900,21246405132
4901,21246403722
4902,21246401152
4903,21264938771
4904,21070027229
4905,21230546166
4906,21230544726
4907,21264834091
4908,20634095134
4909,20635661623
4910,20635660373
4911,20634091344
4912,21256791025
4913,21069916829
4914,21256788535
4915,21069914039
4916,20634084624
4917,20635645633
4918,20635644403
4919,21230523496
4920,20634075044
4921,21068664800
4922,20634072844
4923,20635637903
4924,20635636723
4925,21256770495
4926,21230515256
4927,21256767835
4928,20635631973
4929,21068655430
4930,21068754738
4931,20635529873
4932,21246163502
4933,21069790329
4934,21256661815
4935,20633957624
4936,21230404066
4937,21264692741
4938,21230401256
4939,21068544300
4940,21068741388
4941,21264687921
4942,21230396056
4943,21246148572
4944,21256648925
4945,21230391936
4946,21264681221
4947,21069771859
4948,20635507393
4949,21246140922
4950,21256640535
4951,21256639115
4952,20635502083
4953,20633932384
4954,20635499333
4955,20634653043
4956,21067876288
4957,20633083754
4958,21229530496
4959,21068913889
4960,21245280892
4961,21067870028
4962,21068910309
4963,21245277262
4964,21229523026
4965,21068906539
4966,20633072694
4967,20633071514
4968,21255770935
4969,21229516746
4970,20633067074
4971,21245266872
4972,21229512226
4973,21255763965
4974,21067655350
4975,21229508296
4976,21245260442
4977,21245258532
4978,21255651055
4979,21067540190
4980,21068780299
4981,21255647025
4982,20634509843
4983,21263676791
4984,21067733088
4985,21245139112
4986,21263672791
4987,21067729138
4988,21067527130
4989,21255636055
4990,21255634855
4991,21245131062
4992,21263665021
4993,21245128282
4994,21067518730
4995,20634491963
4996,21263659001
4997,21067715538
4998,20634488053
4999,21263654811
5000,21245119362
5001,21067710508
5002,21068750979
5003,20634061603
5004,20632492534
5005,21067081990
5006,21067281648
5007,21068323219
5008,21263219641
5009,21244684962
5010,20632483734
5011,20634050523
5012,21244680572
5013,21244678912
5014,21067068830
5015,21244676202
5016,21263207071
5017,21244672612
5018,21244671302
5019,21068304549
5020,21067058560
5021,21067056950
5022,21068299929
5023,21255162395
5024,20632462124
5025,21228909876
5026,21228908516
5027,21066919598
5028,21244329652
5029,21228574086
5030,20633692823
5031,21244325162
5032,20633689903
5033,21066711280
5034,20632114074
5035,21228564576
5036,21228563266
5037,21067946849
5038,21066703300
5039,21228559496
5040,21254808905
5041,21066899528
5042,20632102814
5043,21254804965
5044,21254803485
5045,21254801925
5046,20633670343
5047,20633668913
5048,21254797125
5049,21262823541
5050,21262820951
5051,21066882728
5052,20633386193
5053,21254517865
5054,21262542491
5055,21066605248
5056,20631811464
5057,20633377923
5058,20631808474
5059,21228253046
5060,21067639909
5061,21262530811
5062,21262529091
5063,21067635679
5064,21228244926
5065,21228243516
5066,21243999162
5067,21262521151
5068,21228238556
5069,21254492195
5070,21067624109
5071,20631786834
5072,20633353263
5073,21243986992
5074,20631782524
5075,21243983742
5076,21254480635
5077,21243479252
5078,20632846173
5079,21262002551
5080,20632842833
5081,21066059698
5082,21243470822
5083,20632837373
5084,21066053858
5085,20631263984
5086,21253962585
5087,21243462302
5088,20631259384
5089,21253957625
5090,21253956035
5091,20631253684
5092,21253952715
5093,21243452572
5094,21066038328
5095,21065838230
5096,21253946605
5097,21261972651
5098,21261970551
5099,21261969271
5100,20631100124
5101,21227546516
5102,20632665753
5103,21227543706
5104,20632663083
5105,21066925339
5106,21261817191
5107,21065879978
5108,21227536966
5109,20631087534
5110,21066918399
5111,21253782655
5112,21066915649
5113,21066913869
5114,21261804901
5115,21066910409
5116,20632646103
5117,20632644583
5118,21227521606
5119,21065862548
5120,21066903519
5121,21261794541
5122,21227515416
5123,21253763945
5124,21065469418
5125,21066513409
5126,21261400421
5127,21065270160
5128,21242876152
5129,21065266710
5130,21065458148
5131,20630673694
5132,21261389811
5133,21242719972
5134,21261235771
5135,21261234061
5136,21065102770
5137,21242713452
5138,21242711542
5139,21065097090
5140,21065094820
5141,21065290008
5142,21242703762
5143,20632075093
5144,21066329989
5145,20630502074
5146,20632070583
5147,21065082320
5148,21064942470
5149,21242555652
5150,21261070131
5151,20630357034
5152,21261067311
5153,20631921333
5154,20630352424
5155,21066177769
5156,21064928770
5157,21064927120
5158,21064925280
5159,21066170669
5160,21261054261
5161,21242535682
5162,20631907193
5163,20630337254
5164,21253026675
5165,21242528832
5166,21261043721
5167,21253021305
5168,20631896273
5169,21253016975
5170,21066151749
5171,21065103978
5172,21064565100
5173,21252680185
5174,20631553823
5175,21252676665
5176,20629982934
5177,20629981124
5178,21065807339
5179,20629978214
5180,21252668375
5181,20629975024
5182,21064548100
5183,21065799009
5184,21226410956
5185,21260677341
5186,21260675511
5187,21064742638
5188,20629962644
5189,21242155852
5190,20631526363
5191,21065784779
5192,21242149772
5193,20629953684
5194,21065779789
5195,21252642795
5196,21252641235
5197,21064477268
5198,21241892752
5199,21064474238
5200,21065517509
5201,21064471018
5202,21241886572
5203,21064262990
5204,20631252783
5205,21252377115
5206,21226124096
5207,21241878522
5208,21252371795
5209,21064252490
5210,21226117636
5211,21064249840
5212,21252365945
5213,21241870072
5214,21241868832
5215,20631236453
5216,21260374791
5217,21241864512
5218,21260372401
5219,20629664584
5220,21252227365
5221,20629534874
5222,20629533304
5223,20631097823
5224,21252221875
5225,21241725282
5226,21065352279
5227,20631092063
5228,21241720732
5229,20629522894
5230,20629521004
5231,21225960846
5232,21241714242
5233,21260223181
5234,21225955916
5235,21225953846
5236,21260217591
5237,21065333499
5238,21065332059
5239,20631070823
5240,21225944986
5241,21064281938
5242,21260207451
5243,21225940346
5244,21063933710
5245,21260066941
5246,21225800586
5247,21225798156
5248,21252043855
5249,20629350384
5250,20629348754
5251,21241544052
5252,20629345364
5253,21252035055
5254,21065168039
5255,20629340234
5256,21241536312
5257,20630903813
5258,21064117938
5259,21225776776
5260,21260039331
5261,21064112518
5262,21260036131
5263,21065152589
5264,21225767926
5265,21252013345
5266,21252012015
5267,21064102298
5268,21065017129
5269,21225632356
5270,20630754463
5271,21063967508
5272,21259888921
5273,21063756540
5274,21241376512
5275,20630746673
5276,21241373272
5277,21251868305
5278,21063748170
5279,20629171314
5280,21064996799
5281,21225613206
5282,21251860295
5283,20630734223
5284,21064991729
5285,20629162524
5286,21064989219
5287,21259865031
5288,21259863281
5289,21251850105
5290,21241351812
5291,20630722773
5292,21241348782
5293,21224961416
5294,20630083033
5295,21063298518
5296,21259222291
5297,21063295628
5298,21064336829
5299,21063292608
5300,21251200075
5301,21063081330
5302,21063079960
5303,21240700732
5304,21063076610
5305,21259208971
5306,21240696592
5307,20630063873
5308,21259204581
5309,21251187625
5310,21064318479
5311,21063274438
5312,21259199181
5313,21064313809
5314,21224928886
5315,21064310569
5316,21063266558
5317,21064307219
5318,21064049909
5319,21258930011
5320,21250912335
5321,21064043439
5322,21224657176
5323,21062791070
5324,21062789030
5325,21062787260
5326,21240405742
5327,21064033109
5328,20629772763
5329,21240400782
5330,21258909891
5331,21240397722
5332,21250891715
5333,21064022579
5334,21062978038
5335,21224634426
5336,21240388812
5337,21062767240
5338,21240385532
5339,20628191924
5340,21062762460
5341,21062501900
5342,21250616015
5343,21063747719
5344,21062496290
5345,21250610755
5346,21240114292
5347,20627922064
5348,21224352046
5349,21062487780
5350,20629476503
5351,21258614191
5352,21062482170
5353,21250597135
5354,21224341776
5355,20629467683
5356,21062475500
5357,21062473980
5358,21062472230
5359,21240091272
5360,20629459733
5361,20629458383
5362,21062674638
5363,20629455143
5364,21258592931
5365,21224323046
5366,21062330800
5367,20627757794
5368,21250446025
5369,21258453951
5370,21062531788
5371,21062322820
5372,21224181496
5373,21062526248
5374,21250436235
5375,21062523198
5376,21063565669
5377,20629303003
5378,21224172166
5379,21224170346
5380,21063559759
5381,20629296893
5382,20627734914
5383,21224164696
5384,21250420495
5385,21062300320
5386,21239918192
5387,20629287283
5388,21224157606
5389,21062501568
5390,20627430534
5391,21239615152
5392,21061996560
5393,20627425654
5394,20627423854
5395,21223855456
5396,21239606652
5397,21239605052
5398,21062196448
5399,21061986000
5400,20627414234
5401,21063233899
5402,21063232399
5403,21223843366
5404,21062187108
5405,21062185448
5406,21239590752
5407,21062182038
5408,20628960673
5409,21258093531
5410,21239584412
5411,21061966810
5412,21223827746
5413,21062172038
5414,21061723908
5415,21061722438
5416,21249629205
5417,21061507980
5418,20626937194
5419,21257625931
5420,21223365156
5421,21257622701
5422,21239118002
5423,21061497250
5424,21249614145
5425,21239111262
5426,21062742289
5427,20628481023
5428,21257608351
5429,21062736929
5430,21062735099
5431,21223343346
5432,21223341246
5433,20628469983
5434,21062728319
5435,21223336296
5436,21249591725
5437,21061471270
5438,21223193266
5439,21061331430
5440,21062580319
5441,21257448411
5442,21061325010
5443,21223183586
5444,21061321620
5445,21249436575
5446,20628308763
5447,20628306903
5448,21223175076
5449,21062564459
5450,21223171626
5451,21061517918
5452,21061307700
5453,21238924702
5454,21223164356
5455,21249418555
5456,21062551759
5457,21238918552
5458,20628289143
5459,21061504928
5460,21061502918
5461,21223152326
5462,21061498408
5463,21222718716
5464,21256977071
5465,21060854260
5466,21248974655
5467,21238472452
5468,21222709516
5469,21222707766
5470,21248966965
5471,21061049798
5472,21222701396
5473,20627790833
5474,20627789303
5475,21061006898
5476,21256918511
5477,21238419262
5478,21060795800
5479,21256913851
5480,21222651816
5481,20626220504
5482,21248911165
5483,21238410362
5484,20627774183
5485,21238407312
5486,21060990978
5487,21222382996
5488,21060521430
5489,20627508813
5490,21256640461
5491,21256638351
5492,20627502803
5493,21222371646
5494,21061763359
5495,21060715438
5496,21248628355
5497,21060503920
5498,20627490333
5499,21256621631
5500,21060497760
5501,21222355366
5502,21060701648
5503,20625869084
5504,20627424023
5505,21222294266
5506,21238055452
5507,21256552251
5508,21238052032
5509,21222287596
5510,20627413383
5511,21222150906
5512,21237910822
5513,20627274553
5514,21060282870
5515,21060280770
5516,21061536139
5517,21248400255
5518,21237899992
5519,21237898342
5520,21061530129
5521,21060478828
5522,21256392661
5523,21060267830
5524,20627254623
5525,21222126796
5526,21060262210
5527,21222122766
5528,21060465268
5529,21237880402
5530,21060461718
5531,21256376831
5532,21060251650
5533,21060456018
5534,21061232449
5535,21256099661
5536,20626961163
5537,21221835946
5538,21256094391
5539,20625399874
5540,20625398054
5541,21221829366
5542,20626950673
5543,20625392954
5544,21059962690
5545,20625388714
5546,21060164818
5547,21248076975
5548,20625383654
5549,21061204289
5550,21059951350
5551,21060155918
5552,21059948010
5553,21256066021
5554,21060149948
5555,21059941830
5556,21237562782
5557,20626779943
5558,21247913545
5559,21237413892
5560,21221652616
5561,21255908711
5562,21061038159
5563,20625215564
5564,21255903071
5565,21061032219
5566,21059985878
5567,21237399362
5568,21237396112
5569,21247890505
5570,21221633116
5571,20624944514
5572,20624941934
5573,21059509820
5574,20626491503
5575,21247623475
5576,21255619571
5577,21221359396
5578,20626483163
5579,20626455303
5580,21060720129
5581,21236860992
5582,21221076036
5583,20624646984
5584,21255330141
5585,21255328261
5586,20624641794
5587,20626192803
5588,21060456809
5589,21059409538
5590,21059203790
5591,21236825672
5592,21236824252
5593,21221057156
5594,20624628474
5595,21247315905
5596,21059371608
5597,20624594624
5598,21060414039
5599,20626143623
5600,21221014456
5601,21236778672
5602,21236776032
5603,20626134303
5604,21220718576
5605,21246978355
5606,21254975011
5607,21059062418
5608,20624280304
5609,21254966951
5610,21246965895
5611,21060097949
5612,21236469462
5613,20625826153
5614,21246957055
5615,21060089489
5616,21246953745
5617,21060085449
5618,20625816133
5619,21220686086
5620,21254944221
5621,21254942041
5622,21254940341
5623,20624250904
5624,21059028258
5625,21246937655
5626,21059024338
5627,20625800633
5628,21059020728
5629,21254670471
5630,21246670555
5631,21220406906
5632,21236175502
5633,21246664435
5634,21058545720
5635,20623972274
5636,21058541360
5637,21236161712
5638,21059785659
5639,21220387736
5640,21246647065
5641,21246645395
5642,21058730138
5643,21058728418
5644,20623952384
5645,21246638675
5646,20623949534
5647,20625502503
5648,21220372756
5649,21246631405
5650,21058511550
5651,20623940604
5652,21058712868
5653,21058505520
5654,21246480155
5655,21235986062
5656,20623788504
5657,21058560468
5658,21058353680
5659,21058557298
5660,21246469805
5661,20625336993
5662,21059600709
5663,20623774984
5664,21058546838
5665,20623771364
5666,20625327593
5667,21246456465
5668,21058334900
5669,21059587489
5670,21254446721
5671,20623759314
5672,21058323910
5673,21058526148
5674,21235947202
5675,21235945772
5676,21059572279
5677,21246435085
5678,21059568579
5679,20624959153
5680,20623394574
5681,21057961660
5682,20623391154
5683,20624951263
5684,21219815306
5685,21057956260
5686,21059209859
5687,21254071881
5688,21059206729
5689,21254068541
5690,20624939863
5691,21246068215
5692,21235574632
5693,21058149968
5694,21057939210
5695,20624931393
5696,21058144998
5697,21057934320
5698,21219790466
5699,21059187149
5700,21219786516
5701,21059183719
5702,21235558212
5703,20623355504
5704,21253915751
5705,21058002318
5706,21219648376
5707,21245912165
5708,21219645086
5709,21059044979
5710,20623216674
5711,21245905405
5712,21057784100
5713,20624776603
5714,21057988018
5715,21059035739
5716,21253897111
5717,21245896165
5718,21059030659
5719,21219627436
5720,21253890141
5721,21245889265
5722,21219622386
5723,21057766600
5724,21057971308
5725,21253882431
5726,21219616446
5727,21057760740
5728,20624620253
5729,21219481166
5730,21057830798
5731,21058876219
5732,21058874659
5733,21058872609
5734,21245734035
5735,21219471126
5736,21057614370
5737,21219467816
5738,20624604533
5739,21245726195
5740,20624601543
5741,21219462036
5742,21057605480
5743,21219459256
5744,21219457946
5745,21235234692
5746,21057599620
5747,20623026534
5748,21253715941
5749,21219449856
5750,20622498244
5751,21218928486
5752,21058316889
5753,20624059693
5754,21218924286
5755,21218922896
5756,21234698492
5757,21234696742
5758,20624052523
5759,21058306169
5760,21245165115
5761,21218913346
5762,21057054280
5763,21245160225
5764,21057257168
5765,21058296759
5766,21253165561
5767,20622471074
5768,20624036323
5769,21058289699
5770,21234675402
5771,21234673802
5772,21057244058
5773,21057117428
5774,21056910980
5775,20623899493
5776,21218766136
5777,21218764816
5778,21057110278
5779,20622327514
5780,21057107328
5781,21218758866
5782,21234533652
5783,21058145739
5784,21058144419
5785,21234528922
5786,21244998045
5787,21244996645
5788,21058138449
5789,20623878603
5790,21057092618
5791,21218744556
5792,21234519702
5793,21057087778
5794,20623871163
5795,21057084548
5796,20623868753
5797,20623753363
5798,21056760640
5799,21056962958
5800,20623748693
5801,21056755890
5802,21056957988
5803,20622176874
5804,21056751650
5805,21252864741
5806,21057998099
5807,21056746720
5808,20623736473
5809,21057993769
5810,21244849575
5811,20622164724
5812,20622163354
5813,21234374062
5814,21234372222
5815,21244841635
5816,21244840215
5817,20622155354
5818,20622153714
5819,21244834645
5820,21252840411
5821,21056724490
5822,20623313773
5823,20621744074
5824,21252427471
5825,21218172726
5826,21218171366
5827,21056513008
5828,21057563219
5829,21218167186
5830,21252418731
5831,21218164356
5832,21056506128
5833,21244411115
5834,21057554699
5835,21233938362
5836,21057552009
5837,21056498898
5838,21057548999
5839,20623287983
5840,20621718734
5841,21233929202
5842,20623283413
5843,21056290790
5844,21218145126
5845,21056377878
5846,21057428189
5847,21056374578
5848,21218030326
5849,21057423339
5850,21233805772
5851,20623158503
5852,21244272265
5853,20623155593
5854,20621587314
5855,20623152503
5856,21056161410
5857,21233796532
5858,21252266511
5859,20623146393
5860,21056151930
5861,21244255635
5862,21056348278
5863,20623137403
5864,21252254881
5865,21056344228
5866,21244249055
5867,21056341098
5868,21057391779
5869,21056030080
5870,21244132465
5871,21056027660
5872,21252134501
5873,21252133121
5874,21244126545
5875,21217875846
5876,21252129201
5877,21056018680
5878,21244120435
5879,20623003253
5880,21057265869
5881,21252121961
5882,20622998863
5883,21252119271
5884,21056008100
5885,21244110025
5886,21244108625
5887,21217858236
5888,21057253479
5889,21057252129
5890,21217853256
5891,21252107081
5892,21055880190
5893,21055878820
5894,20622864773
5895,20622862893
5896,21217726646
5897,21056070288
5898,20621295444
5899,21217722386
5900,21233505982
5901,21233504392
5902,21056062828
5903,20622850243
5904,21243964125
5905,21243961855
5906,20622845293
5907,21217709596
5908,21055855760
5909,21251963201
5910,21056050158
5911,21251960331
5912,21057101339
5913,21251957551
5914,20620797144
5915,20622333223
5916,20622338353
5917,20622345163
5918,20622346733
5919,20622348123
5920,20622357323
5921,21055344050
5922,21055366790
5923,21055552288
5924,21055565448
5925,21055570788
5926,21056599199
5927,21056616989
5928,21056619659
5929,21217204926
5930,21217208376
5931,21232986292
5932,21232998972
5933,21233009672
5934,21243457815
5935,21251450191
5936,21251456021
5937,21251458891
5938,21251481291
5939,20620640124
5940,20620645274
5941,20620646484
5942,20621896893
5943,20622197073
5944,21055400688
5945,21055419588
5946,21055424358
5947,21055427028
5948,21056168609
5949,21056459419
5950,21056467979
5951,21056474699
5952,21056484969
5953,21056487709
5954,21216773186
5955,21217078326
5956,21232847252
5957,21232848812
5958,21232855712
5959,21243024405
5960,21251321241
5961,20620163854
5962,20620168494
5963,20620179354
5964,20621737143
5965,20621745233
5966,20621746183
5967,21054735580
5968,21054736770
5969,21054738910
5970,21054741190
5971,21054743530
5972,21054755580
5973,21054956678
5974,21055995499
5975,21055999969
5976,21056009129
5977,21056011569
5978,21216603986
5979,21216606306
5980,21232390212
5981,21232392212
5982,21232406312
5983,21242863495
5984,20620053314
5985,20620055924
5986,20620058324
5987,20620060864
5988,20621602083
5989,20621608713
5990,20621610063
5991,20621612683
5992,20621619933
5993,20621623703
5994,20621627563
5995,20621628853
5996,21054617350
5997,21054622400
5998,21054641310
5999,21054828498
6000,21054833388
6001,21055886789
6002,21216500316
6003,21216503866
6004,21232257212
6005,21242730205
6006,21242744505
6007,20619759254
6008,20619763474
6009,20619771844
6010,20619779654
6011,20621313043
6012,20621320253
6013,21054327450
6014,21054345400
6015,21054550488
6016,21055596919
6017,21055604589
6018,21055610439
6019,21055612579
6020,21216197076
6021,21216206116
6022,21216210936
6023,21231967932
6024,21242449085
6025,21242451675
6026,21242457365
6027,21242465345
6028,21250435911
6029,21250437291
6030,21250439881
6031,20619641714
6032,20619652684
6033,20619657634
6034,20621201083
6035,21054211110
6036,21054221390
6037,21054226190
6038,21054402248
6039,21054410038
6040,21054411308
6041,21054417078
6042,21054421698
6043,21055486609
6044,21216065216
6045,21216075056
6046,21231850892
6047,21231851972
6048,21231864162
6049,21242310155
6050,21242311385
6051,21242322795
6052,21242326315
6053,21242334885
6054,20619513914
6055,20619515204
6056,20619537054
6057,21054080480
6058,21054084480
6059,21054089760
6060,21054102090
6061,21054104370
6062,21054105670
6063,21054290708
6064,21055339229
6065,21055347719
6066,21055348669
6067,21055359249
6068,21215939526
6069,21215954536
6070,21215955916
6071,21215964146
6072,21231740502
6073,21242184905
6074,20619180024
6075,20619181214
6076,20619198384
6077,20619199564
6078,20619200764
6079,20620725743
6080,20620736193
6081,20620754353
6082,21053771430
6083,21053941478
6084,21053945138
6085,21053954628
6086,21053965338
6087,21055007169
6088,21055019779
6089,21055022249
6090,21055025719
6091,21215613756
6092,21231398832
6093,21231402812
6094,21231406832
6095,21241869895
6096,21249849701
6097,21249853531
6098,21249866721
6099,20619061254
6100,20619065544
6101,20619080474
6102,20620607653
6103,20620612973
6104,20620614193
6105,20620618823
6106,20620632273
6107,20620636153
6108,21053655570
6109,21053823258
6110,21053834028
6111,21053847518
6112,21054888379
6113,21054890759
6114,21054902349
6115,21054903589
6116,21215498756
6117,21215503876
6118,21231287042
6119,21231290702
6120,21241733285
6121,20618746594
6122,20620297933
6123,20620306493
6124,20620310723
6125,20620311953
6126,20620322483
6127,20620326633
6128,21053323600
6129,21053325750
6130,21053338130
6131,21053341970
6132,21053507138
6133,21053516238
6134,21054588579
6135,21054591079
6136,21054592549
6137,21054599989
6138,21215174216
6139,21215197836
6140,21215199306
6141,21230965982
6142,21230969212
6143,20618619904
6144,20618623374
6145,20618630264
6146,20618637434
6147,20618639854
6148,20618640894
6149,20620184613
6150,21053205310
6151,21053217030
6152,21053389038
6153,21054449399
6154,21054456599
6155,21054470899
6156,21215066656
6157,21215067836
6158,21230843752
6159,21230848522
6160,21230854692
6161,21230861862
6162,21230864242
6163,21241302035
6164,21241322325
6165,21241331795
6166,21249298741
6167,21249315781
6168,20618499434
6169,20618506084
6170,20618519114
6171,20618521724
6172,20620066323
6173,20620067393
6174,20620069023
6175,21053268958
6176,21053270098
6177,21053283638
6178,21054330119
6179,21054331539
6180,21054341819
6181,21214939006
6182,21214953636
6183,21214956236
6184,21214958756
6185,21230734532
6186,21230745032
6187,21241178205
6188,21241189965
6189,21249176861
6190,20619947253
6191,20619956033
6192,21052959800
6193,21052966410
6194,21052969400
6195,21053147808
6196,21053158358
6197,21053162848
6198,21054212619
6199,21054220629
6200,21054224039
6201,21214834396
6202,21214838766
6203,21230596442
6204,21230598912
6205,21230603342
6206,21230606852
6207,21230619352
6208,21230623362
6209,21241076825
6210,21249053861
6211,21249059611
6212,21249064541
6213,20617925774
6214,20619475773
6215,20619485873
6216,21052486730
6217,21052496900
6218,21052512500
6219,21052669418
6220,21052670678
6221,21052673218
6222,21052686558
6223,21052689958
6224,21052691348
6225,21053737439
6226,21053742439
6227,21053747859
6228,21053754149
6229,21053758909
6230,21214345236
6231,21214351876
6232,21230128442
6233,21230133672
6234,21230150702
6235,21240601215
6236,21248587061
6237,20619342073
6238,20619348443
6239,21052372820
6240,21052381500
6241,21052547698
6242,21052549168
6243,21053621359
6244,21053631679
6245,21053632799
6246,21053635309
6247,21053641509
6248,21214214786
6249,21214228696
6250,21214236066
6251,21214242066
6252,21229999422
6253,21230023492
6254,21230024482
6255,21240459515
6256,21240472775
6257,21248452441
6258,21248456581
6259,21248460451
6260,20617657214
6261,20617661914
6262,20617663174
6263,20617673604
6264,20619224123
6265,20619225263
6266,20619227233
6267,20619230963
6268,21052245080
6269,21052254480
6270,21052263870
6271,21052439698
6272,21052445078
6273,21053493599
6274,21053494649
6275,21229882822
6276,21229890732
6277,21229903102
6278,21240342165
6279,21240348175
6280,21240358535
6281,21240359805
6282,21240362075
6283,20617113904
6284,20617141684
6285,20617148394
6286,20618691773
6287,20618705413
6288,21051685540
6289,21051868368
6290,21051869688
6291,21051872878
6292,21051899008
6293,21051900518
6294,21051930688
6295,21213545546
6296,21213572376
6297,21213580536
6298,21213598256
6299,21213599396
6300,21229329252
6301,21239819515
6302,21239821785
6303,21239823965
6304,21239846275
6305,21239848725
6306,21247806641
6307,21247809081
6308,20618398373
6309,20618399463
6310,20618402093
6311,20618447903
6312,20618457613
6313,20618460233
6314,21051473430
6315,21051477070
6316,21051485460
6317,21051486410
6318,21051487380
6319,21051611928
6320,21052738759
6321,21052744269
6322,21213281326
6323,21213324866
6324,21213329496
6325,21213332006
6326,21213338826
6327,21229114702
6328,21239572375
6329,21239585415
6330,21247505191
6331,21247561011
6332,21247564091
6333,20616675004
6334,20616682834
6335,20616693784
6336,20618223873
6337,20618235253
6338,20618250773
6339,21051243670
6340,21051453818
6341,21052502769
6342,21052505579
6343,21052506819
6344,21052519459
6345,21052522389
6346,21052523499
6347,21052526549
6348,21213106566
6349,21213110476
6350,21213111946
6351,21228906112
6352,21228910322
6353,21239352035
6354,21239367635
6355,21239371595
6356,21247340721
6357,20616342244
6358,20616343504
6359,20616346754
6360,20616355894
6361,20616365924
6362,20616367174
6363,20617898353
6364,21050917040
6365,21050918260
6366,21050926090
6367,21050935110
6368,21051106918
6369,21051127488
6370,21051130488
6371,21052175249
6372,21052201009
6373,21228583622
6374,21228590512
6375,21239024075
6376,21239027995
6377,21239029145
6378,21239045055
6379,21247013041
6380,21247015741
6381,20615943684
6382,20615951194
6383,20617499243
6384,20617513473
6385,20617514773
6386,21050528650
6387,21050533030
6388,21050539000
6389,21050543580
6390,21050713458
6391,21050731728
6392,21051780089
6393,21051782299
6394,21051801509
6395,21212378676
6396,21212383316
6397,21228183262
6398,21228184402
6399,21228187572
6400,21238639815
6401,21246594971
6402,21246601771
6403,21246614561
6404,21246617281
6405,21246622971
6406,20615824844
6407,20615842184
6408,20615848024
6409,20617392993
6410,20617401283
6411,20617402293
6412,20617407963
6413,21050408250
6414,21050601198
6415,21050604808
6416,21051669229
6417,21051672009
6418,21051676099
6419,21051685239
6420,21051686419
6421,21212256406
6422,21212264356
6423,21212269056
6424,21238501815
6425,21238503065
6426,21238506495
6427,21238528115
6428,21246494771
6429,21246495961
6430,21246500791
6431,20615480374
6432,20615496014
6433,20615497104
6434,20615498224
6435,20615501754
6436,20617064143
6437,21050062710
6438,21050242788
6439,21050243828
6440,21050244838
6441,21050248218
6442,21050251848
6443,21050254038
6444,21051316019
6445,21051324459
6446,21051328259
6447,21051332569
6448,21211933916
6449,21227728202
6450,21238164945
6451,21238169455
6452,21238179685
6453,21246148851
6454,21246150191
6455,20615362414
6456,20615364664
6457,20615369104
6458,20616924823
6459,20616929813
6460,20616934433
6461,20616945403
6462,21049941300
6463,21049946250
6464,21049952720
6465,21049955910
6466,21049960730
6467,21050127228
6468,21050128528
6469,21050142298
6470,21050149378
6471,21051205539
6472,21051207899
6473,21211806546
6474,21211818426
6475,21227620352
6476,21246032351
6477,20615063764
6478,20616615073
6479,20616825333
6480,20616826363
6481,21049637830
6482,21049645840
6483,21049833508
6484,21049837650
6485,21049844740
6486,21049847940
6487,21050901899
6488,21051102319
6489,21211490446
6490,21211691256
6491,21211693756
6492,21211696216
6493,21227301072
6494,21227309662
6495,21227504722
6496,21237742575
6497,21237935065
6498,21245720901
6499,21245907401
6500,21245910091
6501,20614957464
6502,20614961604
6503,20616511073
6504,21049353210
6505,21049528750
6506,21049532010
6507,21049534220
6508,21049543290
6509,21049715078
6510,21050610109
6511,21050785229
6512,21050799399
6513,21227010552
6514,21227189732
6515,21227193362
6516,21227202142
6517,21237452235
6518,21237453785
6519,21237623975
6520,21237625325
6521,21237638215
6522,21237639525
6523,21245599021
6524,21245604341
6525,20614523864
6526,20614525164
6527,20614529094
6528,20614542354
6529,20616090323
6530,20616096653
6531,20616102283
6532,20616108573
6533,21049098610
6534,21049114390
6535,21049120830
6536,21049121990
6537,21049127070
6538,21049319788
6539,21049323808
6540,21050362769
6541,21050369219
6542,21050374179
6543,21210958736
6544,21210968796
6545,21210981136
6546,21226772352
6547,21237221955
6548,21245184181
6549,20614399114
6550,20615948563
6551,20615951293
6552,20615952443
6553,20615960743
6554,21048982870
6555,21048998810
6556,21049175018
6557,21049177338
6558,21049183598
6559,21050241749
6560,21050245349
6561,21050250169
6562,21050252379
6563,21226644232
6564,21226655942
6565,21226658092
6566,21226665682
6567,21237077905
6568,21237092465
6569,21237093875
6570,21237099755
6571,21237100885
6572,21237102075
6573,21245073641
6574,20614033484
6575,20614038934
6576,20614040084
6577,20615574313
6578,21048606810
6579,21048612140
6580,21048801428
6581,21048803678
6582,21049852529
6583,21049853909
6584,21049862409
6585,21049863699
6586,21210442146
6587,21210443356
6588,21210444756
6589,21210454756
6590,21210464926
6591,21226259732
6592,21226264852
6593,21226269542
6594,21226281942
6595,21236694555
6596,21236703385
6597,21236706705
6598,21244677071
6599,20613892164
6600,20613905944
6601,20613909414
6602,20613912524
6603,20615452793
6604,20615467253
6605,21048467880
6606,21048470340
6607,21048474340
6608,21048476780
6609,21048482980
6610,21049748989
6611,21210325586
6612,21210333156
6613,21210334656
6614,21210349326
6615,21226132932
6616,21226160962
6617,21236578215
6618,21236584295
6619,21236592285
6620,21236595785
6621,21236601545
6622,21244549311
6623,20613779844
6624,20613783234
6625,20613789104
6626,20613793674
6627,20615323933
6628,20615335053
6629,21048343560
6630,21048362550
6631,21048366160
6632,21048369490
6633,21048548608
6634,21048555238
6635,21210206546
6636,21210224896
6637,21226011682
6638,21226014912
6639,21226016392
6640,21226022582
6641,21226030712
6642,21226034592
6643,20615202753
6644,20615205193
6645,20615207533
6646,20615211993
6647,21048229540
6648,21048238790
6649,21048239850
6650,21048244020
6651,21048249660
6652,21048441328
6653,21049492849
6654,21049499519
6655,21049505269
6656,21049506379
6657,21049509799
6658,21210105006
6659,21225889742
6660,21225898862
6661,21225905862
6662,21236334445
6663,21244296951
6664,21244302141
6665,21244306831
6666,20613528464
6667,20613545114
6668,20615084303
6669,20615089173
6670,20615096193
6671,20615109733
6672,21048122230
6673,21048124770
6674,21048129440
6675,21048302758
6676,21048306538
6677,21048307848
6678,21048310198
6679,21048326638
6680,21049374279
6681,21049391129
6682,21209958646
6683,21209976156
6684,21209982396
6685,21225771722
6686,21225772882
6687,21236228615
6688,20613414254
6689,20613421964
6690,20613428054
6691,20614966203
6692,20614980263
6693,21047994260
6694,21047997750
6695,21049244339
6696,21209845736
6697,21209857456
6698,21209858656
6699,21209864556
6700,21209866616
6701,21209868046
6702,21225649252
6703,21225651522
6704,21225654192
6705,21225673282
6706,21236093265
6707,21236102705
6708,21236107735
6709,21244058001
6710,21244063661
6711,21244069581
6712,20612762584
6713,20612768354
6714,20614296373
6715,20614297533
6716,20614301513
6717,20614308023
6718,20614316373
6719,21047518128
6720,21047522118
6721,21047523138
6722,21047534358
6723,21047537288
6724,21047540678
6725,21048592379
6726,21048594519
6727,21048596929
6728,21048599319
6729,21048601479
6730,21209191726
6731,21209205426
6732,21225014192
6733,21225016582
6734,21243392271
6735,21243397941
6736,21243404941
6737,20612617624
6738,20612627664
6739,20612633534
6740,20612639914
6741,20612641354
6742,20614187033
6743,20614190933
6744,21047193990
6745,21047196540
6746,21047225920
6747,21048467729
6748,21048471839
6749,21048475599
6750,21209060586
6751,21209066146
6752,21209077066
6753,21224865722
6754,21224872982
6755,21224878092
6756,21224883942
6757,21235338895
6758,21243272291
6759,21243286971
6760,21243288381
6761,20612484744
6762,20612496224
6763,20612503684
6764,20612506514
6765,20612508934
6766,20614040033
6767,20614042643
6768,20614045163
6769,20614050393
6770,21047064400
6771,21047077040
6772,21047094950
6773,21047271598
6774,21047276558
6775,21047288878
6776,21048343009
6777,21048344599
6778,21048345859
6779,21208926176
6780,21208943606
6781,21224752382
6782,21235205065
6783,21243138351
6784,20612351594
6785,20612368564
6786,20612372424
6787,20613909023
6788,20613919043
6789,20613930583
6790,21046930370
6791,21046939160
6792,21046940500
6793,21046947310
6794,21046951370
6795,21046952620
6796,21046960380
6797,21047138718
6798,21047141708
6799,21047145578
6800,21047156438
6801,21047159048
6802,21048204139
6803,21048216589
6804,21224607072
6805,21235048225
6806,20612225874
6807,20612244454
6808,20613784823
6809,20613794053
6810,20613805313
6811,21046812730
6812,21046821770
6813,21046827510
6814,21047001998
6815,21047010758
6816,21047015668
6817,21048063609
6818,21048092339
6819,21208673926
6820,21208680106
6821,21208682416
6822,21224483442
6823,21224490332
6824,21224497782
6825,21224504252
6826,21224509402
6827,21234942915
6828,21242877281
6829,21242879831
6830,20612086044
6831,20612087104
6832,20612099354
6833,20613669883
6834,21046676720
6835,21046686490
6836,21046869078
6837,21046870298
6838,21046877568
6839,21047929889
6840,21047938839
6841,21208524256
6842,21208532946
6843,21208537496
6844,21208540076
6845,21208544896
6846,21208547336
6847,21224345442
6848,21224368142
6849,21234798545
6850,21234808335
6851,21242740961
6852,21242753881
6853,21242758701
6854,20611971874
6855,20611980534
6856,20611984314
6857,20611989104
6858,20613524383
6859,21046543900
6860,21046557630
6861,21046564510
6862,21046565780
6863,21046749928
6864,21046755208
6865,21046764458
6866,21047814459
6867,21047815819
6868,21047818769
6869,21047833169
6870,21224216942
6871,21224219972
6872,21224228162
6873,21224239602
6874,21234657855
6875,21242609761
6876,21242612391
6877,21242616141
6878,20611854404
6879,20613377233
6880,20613380953
6881,21046401400
6882,21046412220
6883,21046416270
6884,21046420590
6885,21046611408
6886,21046614318
6887,21046622548
6888,21047694469
6889,21208259826
6890,21208268106
6891,21208286996
6892,21224087432
6893,21224091282
6894,21234530855
6895,21234534695
6896,21234535975
6897,21234540385
6898,21242474171
6899,21242475791
6900,21242477031
6901,20613255193
6902,21046267200
6903,21046278430
6904,21046288050
6905,21046468708
6906,21046482048
6907,21047537139
6908,21047538439
6909,21047546899
6910,21208123546
6911,21208129556
6912,21208135266
6913,21208137886
6914,21208153236
6915,21208154796
6916,21208156216
6917,21223947902
6918,21223966752
6919,21234396415
6920,21234405005
6921,21234406305
6922,21242337651
6923,21242355641
6924,21242361591
6925,21242362891
6926,20610935944
6927,20610943024
6928,20610951364
6929,20610958684
6930,20612487223
6931,20612497803
6932,21045505850
6933,21045536770
6934,21045696878
6935,21045698368
6936,21045712828
6937,21046773429
6938,21046783069
6939,21046786749
6940,21046796509
6941,21207364356
6942,21207373966
6943,21207381966
6944,21207385986
6945,21207392756
6946,21223204952
6947,21223212632
6948,21233619835
6949,20610766124
6950,20610777774
6951,20612330703
6952,20612332573
6953,20612334333
6954,21045336110
6955,21045346240
6956,21045378240
6957,21045562208
6958,21045567298
6959,21045573148
6960,21046617869
6961,21207223346
6962,21207226136
6963,21207228236
6964,21207240656
6965,21223026792
6966,21223033072
6967,21223034572
6968,21223056812
6969,20609848774
6970,20609850344
6971,20611405913
6972,20611434263
6973,21044436860
6974,21044440330
6975,21044441850
6976,21044444630
6977,21044622798
6978,21044624168
6979,21044648738
6980,21044652778
6981,21044655848
6982,21045699849
6983,21045702939
6984,21045711949
6985,21045714939
6986,21045721779
6987,21206278076
6988,21206307866
6989,21222121772
6990,21222124562
6991,21222127302
6992,21222137802
6993,20609703394
6994,20609711944
6995,20609714694
6996,20609722884
6997,20609733074
6998,20611268583
6999,20611271913
7000,21044278210
7001,21044475638
7002,21044487298
7003,21044499798
7004,21044504228
7005,21044507438
7006,21045570319
7007,21045573369
7008,21206137766
7009,21206142106
7010,21206165996
7011,21206167316
7012,21221984242
7013,21232391135
7014,21240341851
7015,21240344711
7016,21240347621
7017,21240356591
7018,20609350014
7019,20609358194
7020,20610912613
7021,21043928220
7022,21043938180
7023,21043941130
7024,21043942430
7025,21043947890
7026,21044147288
7027,21045431039
7028,21205785286
7029,21205795676
7030,21205807596
7031,21206017006
7032,21221620312
7033,21221623522
7034,21221632302
7035,21221633862
7036,21221845152
7037,21221846322
7038,21232046085
7039,21232277255
7040,21239999321
7041,21240009911
7042,21240219891
7043,20609207414
7044,20610771753
7045,20610776603
7046,20610795323
7047,21043790900
7048,21043794950
7049,21043805660
7050,21043813980
7051,21043992288
7052,21043995158
7053,21044012088
7054,21045066169
7055,21045067539
7056,21045070479
7057,21045074409
7058,21045077299
7059,21045078749
7060,21205644726
7061,21205659636
7062,21221470422
7063,21221474852
7064,21231920935
7065,21231933995
7066,21239844291
7067,20610642303
7068,20610650103
7069,21043648600
7070,21043650050
7071,21043654600
7072,21043667570
7073,21043853478
7074,21044914689
7075,21044929289
7076,21044933349
7077,21205498446
7078,21205500606
7079,21205516726
7080,21205520916
7081,21205532706
7082,21221328762
7083,21221335912
7084,21221337572
7085,21221344902
7086,21221353502
7087,21231758305
7088,21231773985
7089,21239699481
7090,21239724531
7091,20608951894
7092,20610478313
7093,20610479813
7094,20610508633
7095,21043692898
7096,21043702358
7097,21043716018
7098,21044767499
7099,21044779329
7100,21044786539
7101,21044797189
7102,21205363696
7103,21205371036
7104,21205374356
7105,21205380386
7106,21205383646
7107,21221183622
7108,21221185222
7109,21221195532
7110,21221201852
7111,21221207412
7112,21231625425
7113,21231628765
7114,21239576931
7115,21239581571
7116,20608781134
7117,20608790534
7118,20608794644
7119,20610351013
7120,21043344110
7121,21043545288
7122,21044611889
7123,21205215126
7124,21205217526
7125,21205218876
7126,21205222076
7127,21205223716
7128,21205228356
7129,21205235866
7130,21221037472
7131,21221038682
7132,21221040172
7133,21221041542
7134,21231475105
7135,21231482725
7136,21231488755
7137,21231493815
7138,20608632384
7139,20608635644
7140,20610178553
7141,20610203963
7142,21043198880
7143,21043203010
7144,21043207180
7145,21043219900
7146,21043406428
7147,21043413848
7148,21043423908
7149,21044490819
7150,21205056186
7151,21205067476
7152,21205079996
7153,21220908802
7154,21220911812
7155,21231319775
7156,21231325565
7157,21231329875
7158,21231334525
7159,21231350485
7160,20607978464
7161,20607981124
7162,20607994754
7163,20609521793
7164,20609524403
7165,20609542363
7166,20609543813
7167,21042547310
7168,21042548740
7169,21042558110
7170,21042567560
7171,21042758338
7172,21204410806
7173,21204417356
7174,21204425056
7175,21204432626
7176,21204437666
7177,21204440266
7178,21220239802
7179,21220251282
7180,21220262912
7181,21230676735
7182,21230693655
7183,20607837084
7184,20607845134
7185,20607846404
7186,20607850914
7187,20607852174
7188,20609389553
7189,20609416933
7190,20609418243
7191,21042423250
7192,21043683759
7193,21043692299
7194,21043698109
7195,21204280156
7196,21204281776
7197,21204299066
7198,21204302146
7199,21220095602
7200,21220096882
7201,21220125622
7202,21230534165
7203,21230541855
7204,21238464591
7205,21238478241
7206,20607697124
7207,20607705044
7208,20607713224
7209,20607718654
7210,20607723174
7211,20607727994
7212,20609247633
7213,20609272323
7214,20609277733
7215,21042276100
7216,21042277740
7217,21042299690
7218,21042478918
7219,21042486778
7220,21042495788
7221,21043543339
7222,21043552579
7223,21204151836
7224,21204155726
7225,21204158276
7226,21219971132
7227,21219980552
7228,21230399155
7229,21230408655
7230,21230427015
7231,20607564054
7232,20607565134
7233,20609141153
7234,20609143513
7235,20609144683
7236,21042143130
7237,21042159230
7238,21042160750
7239,21042338098
7240,21042352278
7241,21043416469
7242,21043421289
7243,21043429289
7244,21204015556
7245,21204033116
7246,21219839872
7247,21219840842
7248,21219851822
7249,21230263715
7250,21230269675
7251,21230281715
7252,21230282885
7253,20607437144
7254,20607439704
7255,20607452704
7256,20608995773
7257,20609001853
7258,20609004283
7259,21042033710
7260,21042210078
7261,21042218888
7262,21042219908
7263,21042228538
7264,21042235098
7265,21043282249
7266,21203874726
7267,21203888206
7268,21203889886
7269,21203903756
7270,21203904796
7271,21219699532
7272,21219702092
7273,21219707352
7274,21230160735
7275,21238087191
7276,21238092231
7277,21238094911
7278,20606849594
7279,20607314234
7280,20607320004
7281,20607328474
7282,20608415293
7283,20608420013
7284,20608869583
7285,21041436930
7286,21041446790
7287,21041631248
7288,21041638088
7289,21042096698
7290,21043171329
7291,21203305686
7292,21203762486
7293,21203767116
7294,21219127162
7295,21219592322
7296,21229554445
7297,21229561195
7298,21230021525
7299,21230024255
7300,21237481921
7301,21237486691
7302,20606701694
7303,20606715234
7304,20606730174
7305,20606737434
7306,20608260703
7307,20608289993
7308,21041278910
7309,21041289540
7310,21041297380
7311,21041300110
7312,21041304620
7313,21041306200
7314,21041503608
7315,21042560589
7316,21042569279
7317,21042582399
7318,21203148436
7319,21203156196
7320,21218974292
7321,21218976422
7322,21218984112
7323,21218996132
7324,21219001872
7325,21229418545
7326,20606538534
7327,20606553424
7328,20606579844
7329,20608105033
7330,20608111513
7331,20608123743
7332,21041146040
7333,21041320928
7334,21042420179
7335,21042423879
7336,21042425979
7337,21202980466
7338,21202990476
7339,21202994676
7340,21202998376
7341,21203025216
7342,21218811412
7343,21218820612
7344,21218833492
7345,21229246555
7346,21229267775
7347,20606115204
7348,20606119854
7349,20607659573
7350,20607662063
7351,20607666913
7352,20607693383
7353,21040686650
7354,21040705240
7355,21040718170
7356,21040903228
7357,21040906598
7358,21040909908
7359,21041955959
7360,21041957499
7361,21041963709
7362,21041966689
7363,21202554126
7364,21202569196
7365,21202572246
7366,21228829545
7367,21236747401
7368,21236752991
7369,21236755871
7370,21236768201
7371,20605977734
7372,20607516923
7373,20607525873
7374,21040538630
7375,21040543180
7376,21040551090
7377,21040552760
7378,21040561260
7379,21040745138
7380,21040759488
7381,21040763278
7382,21041815709
7383,21041832919
7384,21202428756
7385,21218226972
7386,21218228182
7387,21218245642
7388,21218258592
7389,21228668665
7390,21228669905
7391,21236596991
7392,21236608751
7393,21236617231
7394,20605804664
7395,20605810874
7396,20605823244
7397,20605826914
7398,20607389533
7399,21040404510
7400,21040419610
7401,21040425650
7402,21040603338
7403,21040609828
7404,21040620768
7405,21041657649
7406,21041660509
7407,21041664719
7408,21041673239
7409,21202261746
7410,21218088952
7411,21218107522
7412,21228528275
7413,21228530175
7414,21228539115
7415,21236442391
7416,21236449831
7417,21236461211
7418,20607007663
7419,20607015943
7420,20607019953
7421,20607022373
7422,20607037813
7423,21040035670
7424,21040055940
7425,21040060440
7426,21040061780
7427,21040238258
7428,21040243718
7429,21040245018
7430,21040246488
7431,21040247788
7432,21040251838
7433,21041297919
7434,21217727972
7435,21217749732
7436,21228144765
7437,21228149095
7438,21228157335
7439,21228165775
7440,21236086911
7441,21236089521
7442,21236108241
7443,20605324884
7444,20605335164
7445,20605336614
7446,20605343904
7447,20605346504
7448,20605348004
7449,20606868163
7450,21039897980
7451,21039913680
7452,21039918850
7453,21039926370
7454,21040095318
7455,21040101518
7456,21041178349
7457,21201749926
7458,21201752806
7459,21201775126
7460,21217585862
7461,21217594922
7462,21228008135
7463,21228014095
7464,21228030845
7465,21235943921
7466,21235957261
7467,21235971051
7468,20605203394
7469,20605211834
7470,20606734143
7471,20606739433
7472,20606753353
7473,20606754783
7474,21039758060
7475,21039770500
7476,21039776920
7477,21039782980
7478,21039953948
7479,21039976868
7480,21039982548
7481,21041032919
7482,21041035269
7483,21041054909
7484,21201615446
7485,21201623756
7486,21201642006
7487,21217451252
7488,21217456972
7489,21217470702
7490,20604772974
7491,20604777814
7492,20604779494
7493,20604787374
7494,20606346793
7495,20606352973
7496,21039348490
7497,21039356610
7498,21039367130
7499,21039378220
7500,21039383970
7501,21039567778
7502,21040621289
7503,21201201886
7504,21201232776
7505,21217052022
7506,21227461445
7507,21227479725
7508,21235393881
7509,21235397161
7510,21235405121
7511,20604627374
7512,20604635904
7513,20606161693
7514,20606164723
7515,20606175893
7516,20606194063
7517,21039198860
7518,21039218780
7519,21039228360
7520,21039384458
7521,21039411288
7522,21040467619
7523,21040468939
7524,21040488379
7525,21201054916
7526,21201057896
7527,21201059546
7528,21201061346
7529,21201069996
7530,21216871942
7531,21216876782
7532,21216880292
7533,21216883462
7534,21216898332
7535,20604440954
7536,20604446924
7537,20604458684
7538,20604470684
7539,20606004543
7540,20606021193
7541,21039027830
7542,21039038840
7543,21039045660
7544,21039061970
7545,21039227028
7546,21039234318
7547,21040303439
7548,21040319659
7549,21040327299
7550,21200891806
7551,21200893246
7552,21200900636
7553,21216750962
7554,21227156805
7555,20604262534
7556,20604293484
7557,20604314774
7558,20605860943
7559,20605867923
7560,21038864810
7561,21038890110
7562,21038891790
7563,21039098588
7564,21040115989
7565,21040139169
7566,21040152729
7567,21040164779
7568,21200704446
7569,21200720506
7570,21200750396
7571,21200755056
7572,21226965785
7573,21226970395
7574,21226999725
7575,21234893951
7576,21234899331
7577,21234926091
7578,21234930791
7579,20604116054
7580,20604117774
7581,20605666863
7582,20605669983
7583,20605687963
7584,20605689443
7585,20605690993
7586,21038684940
7587,21038703480
7588,21038710370
7589,21038713620
7590,21038722460
7591,21038875428
7592,21038881228
7593,21038899208
7594,21200539676
7595,21200550906
7596,21200566046
7597,21226794955
7598,21226815105
7599,21234726611
7600,21234733861
7601,21234737201
7602,20603504764
7603,20603512604
7604,20603518974
7605,20605053053
7606,20605090763
7607,21038280308
7608,21038298978
7609,21039359839
7610,21039374929
7611,21039376189
7612,21039377989
7613,21039381449
7614,21199931986
7615,21199940146
7616,21199962736
7617,21215775532
7618,21215783852
7619,21215795112
7620,21215807182
7621,21226185505
7622,21226193545
7623,21226201535
7624,21226206645
7625,20603326384
7626,20603343684
7627,20603350114
7628,20603360874
7629,20603362494
7630,20604896013
7631,20604913973
7632,21037929580
7633,21037930890
7634,21037940070
7635,21037945500
7636,21038108138
7637,21038118718
7638,21038122288
7639,21038131028
7640,21038137928
7641,21039217579
7642,21199780176
7643,21199797396
7644,21215634172
7645,21233959051
7646,21233960711
7647,21233962611
7648,21233968141
7649,21233975451
7650,20603161034
7651,20603176734
7652,20603189294
7653,20604727633
7654,20604734883
7655,21037760390
7656,21037775950
7657,21037786420
7658,21037940848
7659,21037942318
7660,21037944058
7661,21037947348
7662,21037964538
7663,21037965838
7664,21039037539
7665,21039045849
7666,21199599896
7667,21199607396
7668,21199608976
7669,21199624436
7670,21199632156
7671,21215463712
7672,20604286393
7673,20604290863
7674,20604297053
7675,20604307673
7676,20604314493
7677,21037306480
7678,21037307850
7679,21037315570
7680,21037324760
7681,21037509418
7682,21037539108
7683,21038566919
7684,21038570709
7685,21199173046
7686,21199174686
7687,21199181436
7688,21199185286
7689,21214988252
7690,21215003712
7691,21225410035
7692,21225433355
7693,21233342671
7694,21233366551
7695,21233368421
7696,20604118483
7697,21037126320
7698,21037127920
7699,21037160800
7700,21037320818
7701,21037326818
7702,21037338148
7703,21037346118
7704,21037353938
7705,21037359658
7706,21038407269
7707,21038410479
7708,21198970276
7709,21198979976
7710,21198997556
7711,21199000536
7712,21199003696
7713,21214816662
7714,21225231035
7715,21225236905
7716,21225248485
7717,21233180191
7718,21233181641
7719,21233191091
7720,21233197511
7721,20602075424
7722,20602084374
7723,20603647273
7724,20603657433
7725,20603659303
7726,20603671403
7727,21036678080
7728,21036863558
7729,21036866878
7730,21036886528
7731,21036890938
7732,21036897028
7733,21037933299
7734,21037941809
7735,21037964559
7736,21198522096
7737,21198528426
7738,21214345912
7739,21214347572
7740,21224784075
7741,21224795685
7742,21232705931
7743,21232708631
7744,21232736391
7745,20601891934
7746,20601893404
7747,20601912474
7748,20601915064
7749,20601916874
7750,20603464863
7751,20603466533
7752,21036499500
7753,21036515700
7754,21036517410
7755,21036673848
7756,21036675488
7757,21036690268
7758,21036691768
7759,21036709628
7760,21037751019
7761,21037773819
7762,21198327906
7763,21214168002
7764,21214184242
7765,21214186262
7766,21214207562
7767,21224600705
7768,21224602165
7769,20601416924
7770,20602957813
7771,20602961653
7772,20602969243
7773,21035972430
7774,21035980880
7775,21036182358
7776,21036185418
7777,21036197008
7778,21036201808
7779,21037282569
7780,21197821686
7781,21197853596
7782,21213666752
7783,21213673012
7784,21224097225
7785,21224099085
7786,21224119125
7787,21232020011
7788,21232033661
7789,21232036671
7790,21232045081
7791,21232048301
7792,21232055541
7793,21232057941
7794,20601000924
7795,20601025694
7796,20602586583
7797,21035606420
7798,21035608020
7799,21035623850
7800,21035806328
7801,21036873599
7802,21036879629
7803,21197445406
7804,21197447196
7805,21197450226
7806,21197478516
7807,21213308682
7808,21213317202
7809,21213318672
7810,21213320292
7811,21213325022
7812,21223700245
7813,21223708275
7814,21223716455
7815,21223722775
7816,21223728635
7817,21231654301
7818,21231663021
7819,20600647024
7820,20602204843
7821,20602209923
7822,20602214683
7823,20602377773
7824,21035254980
7825,21035258920
7826,21035432698
7827,21035598698
7828,21036497329
7829,21036500689
7830,21036526749
7831,21197085226
7832,21197088936
7833,21197094926
7834,21212927752
7835,21212944832
7836,21212950142
7837,21223323035
7838,21223343895
7839,21223347665
7840,21223504345
7841,21223506275
7842,21231279031
7843,20600391904
7844,20601966703
7845,20601988093
7846,21034998430
7847,21035003500
7848,21035013750
7849,21035089528
7850,21035190108
7851,21035211488
7852,21036263799
7853,21036277759
7854,21036279259
7855,21036285789
7856,21196841086
7857,21196842446
7858,21196874146
7859,21212591302
7860,21212690502
7861,21212696782
7862,21212714932
7863,21223104055
7864,21223116705
7865,21231028851
7866,21231045331
7867,21231056621
7868,20600018184
7869,20601595663
7870,20601605703
7871,21034605740
7872,21034628780
7873,21034638470
7874,21034816458
7875,21034833438
7876,21034835268
7877,21035873309
7878,21035878839
7879,21196462516
7880,21196467286
7881,21196469656
7882,21196475336
7883,21196485346
7884,21196493826
7885,21212317252
7886,21212326842
7887,21212329542
7888,21222735425
7889,21230652981
7890,21230662531
7891,21230671911
7892,21230689331
7893,20599755344
7894,20599758384
7895,20601315843
7896,20601334513
7897,20601340893
7898,21034345320
7899,21034346700
7900,21034376370
7901,21034541848
7902,21034564508
7903,21034566158
7904,21035612309
7905,21196197626
7906,21196202056
7907,21196223506
7908,21196225256
7909,21212057142
7910,21212063252
7911,21212067902
7912,21222437475
7913,21222454795
7914,21222460705
7915,21222462485
7916,21230387421
7917,20599436724
7918,20599438404
7919,20599444914
7920,20599447704
7921,20601015503
7922,21034005410
7923,21034007500
7924,21034013360
7925,21034016700
7926,21034204738
7927,21034214558
7928,21034219078
7929,21034225588
7930,21034233538
7931,21035300429
7932,21035310379
7933,21195867346
7934,21195897306
7935,21211728492
7936,21222113345
7937,21222120875
7938,21222128055
7939,21222145145
7940,21230068231
7941,21230094611
7942,20598994804
7943,20599002254
7944,20600560973
7945,20600579603
7946,21033738190
7947,21033744260
7948,21033946318
7949,21034876369
7950,21035011239
7951,21035014679
7952,21195438716
7953,21195446606
7954,21211300562
7955,21211309032
7956,21211449902
7957,21211451742
7958,21221696935
7959,21221840525
7960,21221847395
7961,21229629801
7962,21229637711
7963,21229639591
7964,21229648721
7965,20598417574
7966,20598429794
7967,20599989213
7968,20599995263
7969,20600001773
7970,20600003303
7971,20600206693
7972,21033014560
7973,21033028850
7974,21033241780
7975,21033424428
7976,21033425888
7977,21033430728
7978,21033472778
7979,21034305519
7980,21034515079
7981,21194880956
7982,21195131576
7983,21210718382
7984,21210721772
7985,21210938402
7986,21210945662
7987,21210981442
7988,21221123605
7989,21229279191
7990,20598246394
7991,20598268624
7992,20598270204
7993,20598278694
7994,20599818203
7995,20599827603
7996,21032856430
7997,21032870510
7998,21033056868
7999,21034111799
8000,21194707556
8001,21194710906
8002,21194729636
8003,21210559902
8004,21210573622
8005,21220955375
8006,21220969355
8007,21220971325
8008,21220978365
8009,21228885161
8010,21228886841
8011,21228888681
8012,20598066834
8013,20598080504
8014,20598089894
8015,20598095034
8016,20599650913
8017,20599661953
8018,21032655110
8019,21032662380
8020,21032668810
8021,21032688110
8022,21032692650
8023,21032858608
8024,21194522436
8025,21194536916
8026,21210394862
8027,21210402392
8028,21220764255
8029,21220765815
8030,21220770265
8031,21220781005
8032,21220782805
8033,21220794375
8034,21220801015
8035,20597893754
8036,20597900584
8037,20597902234
8038,20597922044
8039,20597923554
8040,20599485183
8041,21032494400
8042,21032516610
8043,21032675468
8044,21032705258
8045,21033763819
8046,21033776319
8047,21033778459
8048,21194377486
8049,21194382706
8050,21210195942
8051,21210224862
8052,21210227992
8053,21220594305
8054,21220612505
8055,21220627755
8056,21220629245
8057,21228541441
8058,20597741214
8059,20597749594
8060,20599291373
8061,20599295213
8062,20599300293
8063,20599303433
8064,20599322063
8065,20599327083
8066,21032307580
8067,21032323860
8068,21032325590
8069,21032502158
8070,21032524388
8071,21032527988
8072,21033590199
8073,21033593309
8074,21033598519
8075,21033612269
8076,21033620469
8077,21194202156
8078,21194205346
8079,21210050782
8080,21220422475
8081,21220429555
8082,20597542884
8083,20597550044
8084,20597556764
8085,20597559604
8086,20597569484
8087,20599123863
8088,21032125220
8089,21032132860
8090,21032134570
8091,21032322258
8092,21032346638
8093,21032349358
8094,21033409619
8095,21193992616
8096,21194002396
8097,21194024056
8098,21209860592
8099,21209865782
8100,21209875112
8101,21209878622
8102,21209880432
8103,21209882192
8104,21220231635
8105,21228170341
8106,20596799734
8107,20596805114
8108,20598381583
8109,20598956493
8110,20598960663
8111,21031371480
8112,21031980110
8113,21032184198
8114,21033253439
8115,21033267249
8116,21193255786
8117,21209092412
8118,21209095792
8119,21209104552
8120,21209111902
8121,21219494605
8122,21219498115
8123,21220084015
8124,21220087285
8125,21220089095
8126,21227424401
8127,21227425631
8128,21227427221
8129,21227428781
8130,20596663864
8131,20598187573
8132,20598192893
8133,20598194753
8134,20598218723
8135,21031402628
8136,21031419778
8137,21031421438
8138,21031426498
8139,21032491969
8140,21032493829
8141,21032515059
8142,21032523639
8143,21032528539
8144,21208935952
8145,21208944632
8146,21208951872
8147,21208955182
8148,21219321555
8149,21219330755
8150,21219336025
8151,21219341015
8152,21219348325
8153,21219349975
8154,20596448364
8155,20596453394
8156,20596460914
8157,20598017413
8158,20598042883
8159,20598049593
8160,21031021100
8161,21031025860
8162,21031045470
8163,21031237958
8164,21031241228
8165,21031258688
8166,21032331999
8167,21032337579
8168,21032350079
8169,21192887766
8170,21192893396
8171,21192911196
8172,21208762542
8173,21208765562
8174,21208775652
8175,21208777532
8176,21219145715
8177,21219171125
8178,20596296794
8179,20597838483
8180,20597841513
8181,20597843103
8182,21030863730
8183,21030870190
8184,21031053648
8185,21031058278
8186,21031059558
8187,21031075058
8188,21031078728
8189,21031088468
8190,21032160349
8191,21032162999
8192,21192724866
8193,21192728066
8194,21192740956
8195,21192749656
8196,21192753416
8197,21208574672
8198,21208590752
8199,21208608232
8200,21218977945
8201,21218992065
8202,21226928571
8203,20596113714
8204,20596119934
8205,20596132614
8206,20596137134
8207,20597675323
8208,20597689953
8209,20597701543
8210,21030685500
8211,21030696260
8212,21030699370
8213,21030702800
8214,21030706370
8215,21030898748
8216,21030910058
8217,21030914498
8218,21032009959
8219,21192548356
8220,21192580416
8221,21192586416
8222,21208425472
8223,21208446362
8224,21218803835
8225,20597515623
8226,21030522150
8227,21030528920
8228,21030547740
8229,21030727718
8230,21030742768
8231,21030751468
8232,21030754888
8233,21031817489
8234,21031842119
8235,21192382386
8236,21192401026
8237,21208241992
8238,21208257362
8239,21208260402
8240,21208271182
8241,21218631935
8242,21218635075
8243,21218653845
8244,21218665955
8245,21218669145
8246,21226582111
8247,20595432584
8248,20595456634
8249,20595469764
8250,20597004043
8251,21030010800
8252,21030014100
8253,21030029820
8254,21030211088
8255,21030214618
8256,21030236498
8257,21030240038
8258,21030243868
8259,21031307159
8260,21031319959
8261,21191885806
8262,21191898636
8263,21207743132
8264,21207752932
8265,21207759492
8266,21207765752
8267,21207772922
8268,21218131835
8269,21218133385
8270,20595275764
8271,20595288784
8272,20595291994
8273,20596831123
8274,20596845813
8275,20596857573
8276,20596862293
8277,21029848010
8278,21029852710
8279,21029874810
8280,21030077728
8281,21030081198
8282,21030084378
8283,21031143239
8284,21031149749
8285,21031159559
8286,21191705726
8287,21191715466
8288,21191720446
8289,21191725996
8290,21191741066
8291,21207582902
8292,21207595782
8293,21207597392
8294,21225889981
8295,20595125264
8296,20595127814
8297,20595130774
8298,20595142684
8299,20596666873
8300,20596682733
8301,21029690710
8302,21029717680
8303,21029720690
8304,21029895418
8305,21029909828
8306,21030980229
8307,21207420312
8308,21207438712
8309,21207440242
8310,21207447762
8311,21217795005
8312,21217799625
8313,21217801005
8314,21217815185
8315,21217826395
8316,21217827935
8317,21225743721
8318,21225752331
8319,20594965514
8320,20594985474
8321,20594998794
8322,20596518283
8323,20596529263
8324,20596532263
8325,20596550103
8326,21029538510
8327,21029555090
8328,21029741298
8329,21029745758
8330,21191411096
8331,21191418846
8332,21207259952
8333,21207270402
8334,21207282332
8335,21217654355
8336,21217659415
8337,21217673625
8338,21225587051
8339,21225606411
8340,21225607641
8341,21225610671
8342,21225612051
8343,20594832994
8344,20594835494
8345,20594838984
8346,20596361533
8347,20596370373
8348,20596372033
8349,20596392863
8350,20596394273
8351,21029391380
8352,21029398890
8353,21029587948
8354,21029589758
8355,21029612018
8356,21030693759
8357,21030699629
8358,21191241206
8359,21191244006
8360,21191267446
8361,21207109502
8362,21217504335
8363,21217505955
8364,21217510135
8365,21217522545
8366,21225448871
8367,20594182604
8368,20594184534
8369,20594185894
8370,20594194684
8371,20594200854
8372,20594207854
8373,20595725543
8374,20595733753
8375,20595740103
8376,20595749713
8377,21028774780
8378,21028779380
8379,21028962978
8380,21030057069
8381,21030072489
8382,21030076539
8383,21030079279
8384,21190608806
8385,21190625766
8386,21190627116
8387,21206468622
8388,21216853975
8389,20593803694
8390,20595358583
8391,20595363983
8392,20595367183
8393,20595379033
8394,21028399930
8395,21028408670
8396,21028562318
8397,21028577938
8398,21028590038
8399,21028603328
8400,21029678749
8401,21029688789
8402,21029694279
8403,21029701219
8404,21190229396
8405,21206090992
8406,21206098952
8407,21206107612
8408,21206127592
8409,21216480175
8410,21216495125
8411,21216505375
8412,21224419351
8413,21224439631
8414,20593663374
8415,20595185203
8416,20595189913
8417,20595211893
8418,20595213003
8419,21028230840
8420,21028235550
8421,21028399598
8422,21028420978
8423,21029516129
8424,21029518099
8425,21029521339
8426,21190062616
8427,21190091236
8428,21205950262
8429,21216315105
8430,21216317985
8431,21216320895
8432,21216332595
8433,21216340235
8434,21216341765
8435,21216348885
8436,20593488614
8437,20593492884
8438,20593502404
8439,20593518994
8440,20593520284
8441,20595048553
8442,20595051563
8443,20595062793
8444,21028060000
8445,21028074380
8446,21028082870
8447,21028259188
8448,21028260928
8449,21028262408
8450,21028265388
8451,21028272658
8452,21028278078
8453,21029386919
8454,21189908366
8455,21189916576
8456,21189934266
8457,21189936916
8458,21205778212
8459,21216168075
8460,20593343124
8461,20593348824
8462,20594888903
8463,20594898223
8464,20594901103
8465,20594912313
8466,20594915933
8467,21027908740
8468,21027918680
8469,21027938330
8470,21028119028
8471,21029237159
8472,21189765686
8473,21189776446
8474,21189779366
8475,21189789846
8476,21189798206
8477,21205640872
8478,21205652922
8479,21205666572
8480,21216018905
8481,21216020455
8482,21216034965
8483,20593209264
8484,20594743753
8485,20594758893
8486,21027773770
8487,21027802710
8488,21027968508
8489,21027972158
8490,21027973428
8491,21029097979
8492,21189648056
8493,21205492242
8494,21205497622
8495,21205513992
8496,21205516702
8497,21205518342
8498,21205519932
8499,21215878735
8500,21215886045
8501,21215892335
8502,21223808791
8503,21223810161
8504,21223824821
8505,21223826551
8506,20592443784
8507,20592447134
8508,20592456184
8509,21027022400
8510,21027029400
8511,21027030820
8512,21027199358
8513,21027200998
8514,21027204538
8515,21027205578
8516,21027209448
8517,21027221578
8518,21027222648
8519,21028317319
8520,21028319849
8521,21188883036
8522,21188885406
8523,21188893016
8524,21204736442
8525,21204742312
8526,21204760342
8527,21215127135
8528,21215129595
8529,21223048251
8530,21223069511
8531,20592203084
8532,20592213034
8533,20592214574
8534,20592221004
8535,20592223414
8536,20593763693
8537,20593765843
8538,21026764880
8539,21026963848
8540,21026967198
8541,21026968298
8542,21026977268
8543,21026981388
8544,21026983838
8545,21026985058
8546,21026988758
8547,21028071999
8548,21028086279
8549,21028093339
8550,21028094569
8551,21028096719
8552,21204511292
8553,21214882855
8554,21222819761
8555,20592082084
8556,20592095294
8557,20592099124
8558,20592100144
8559,20593631863
8560,20593639933
8561,21026649060
8562,21026666190
8563,21026850668
8564,21027947169
8565,21027948179
8566,21027949159
8567,21027955279
8568,21188502956
8569,21188518586
8570,21188528776
8571,21204373262
8572,21204382822
8573,21204395732
8574,21204396812
8575,21204399222
8576,21214767025
8577,21222696831
8578,20591982724
8579,20591983624
8580,20593511513
8581,20593516423
8582,20593535723
8583,20593537173
8584,21026526980
8585,21026546740
8586,21026553970
8587,21026721618
8588,21027840259
8589,21027844269
8590,21027850659
8591,21027857539
8592,21188388446
8593,21188392756
8594,21188395346
8595,21188405576
8596,21204268962
8597,21204270062
8598,21204279862
8599,21204280922
8600,21214645255
8601,20591607684
8602,20591636804
8603,20593165533
8604,20593169193
8605,21026162940
8606,21026169680
8607,21026192660
8608,21027480019
8609,21027491009
8610,21188027076
8611,21188033276
8612,21188035506
8613,21188039136
8614,21188045456
8615,21188049256
8616,21203902862
8617,21203907702
8618,21203910302
8619,21203916742
8620,21203920712
8621,21214297575
8622,21214307115
8623,21222218611
8624,21222241591
8625,20591471144
8626,20591474174
8627,20591490164
8628,20591497724
8629,20593031093
8630,21026052870
8631,21026054060
8632,21026230078
8633,21026232248
8634,21026243908
8635,21027342129
8636,21027344589
8637,21027358509
8638,21027362279
8639,21187905566
8640,21203771412
8641,21203782882
8642,21203795472
8643,21214160435
8644,21214161705
8645,21214168525
8646,21214173425
8647,20591351034
8648,20591366054
8649,20592893923
8650,21026106048
8651,21026118068
8652,21026120388
8653,21027202939
8654,21027216869
8655,21027222359
8656,21027232499
8657,21187764806
8658,21187788346
8659,21203636262
8660,21203638822
8661,21203644832
8662,21203646122
8663,21203649852
8664,21203658642
8665,21203665062
8666,21214019945
8667,21214021325
8668,21214032805
8669,21214036725
8670,21214040505
8671,20590687454
8672,20590696104
8673,20591235954
8674,20592242193
8675,21025452768
8676,21025788250
8677,21026557779
8678,21027092289
8679,21027093499
8680,21027094789
8681,21187656936
8682,21202988682
8683,21202992562
8684,21202997492
8685,21203519222
8686,21203535152
8687,21213361065
8688,21213365575
8689,21213896725
8690,21213899695
8691,21213906585
8692,21221292011
8693,21221829431
8694,21221833471
8695,21221844171
8696,20590569594
8697,20590591244
8698,20592128243
8699,20592132483
8700,20592133773
8701,20592137973
8702,21025141180
8703,21025145700
8704,21025327958
8705,21025329188
8706,21025332348
8707,21025336618
8708,21025351628
8709,21026439399
8710,21026445949
8711,21186993966
8712,21187005216
8713,21187009186
8714,21187011486
8715,21187015506
8716,21202880022
8717,20590300374
8718,20590309034
8719,20590318394
8720,20591842883
8721,20591844143
8722,20591845333
8723,20591854263
8724,20591856693
8725,21024876420
8726,21025052258
8727,21025068548
8728,21025076398
8729,21025081508
8730,21186722236
8731,21186727266
8732,21186729486
8733,21186733276
8734,21202615952
8735,21212964935
8736,21212974025
8737,21212993415
8738,21220902801
8739,21220906841
8740,21220918081
8741,21220919081
8742,20590031874
8743,20591732323
8744,21024584610
8745,21024586000
8746,21024604120
8747,21024747710
8748,21024784498
8749,21024790848
8750,21024794688
8751,21024801608
8752,21025889619
8753,21025912489
8754,21026050809
8755,21026056589
8756,21186446336
8757,21186455366
8758,21186459866
8759,21186463346
8760,21202334362
8761,21202347632
8762,21202490182
8763,21212711855
8764,21212863615
8765,20589841734
8766,20589846414
8767,20589851664
8768,20589865734
8769,20591397673
8770,20591409323
8771,21024421400
8772,21024609258
8773,21024613998
8774,21024616238
8775,21024623178
8776,21025719639
8777,21025723469
8778,21025726959
8779,21025731659
8780,21025733709
8781,21186261726
8782,21186266246
8783,21202147212
8784,21212525125
8785,21212529735
8786,21212540195
8787,21220448481
8788,21220464541
8789,20589598794
8790,20589605244
8791,20589607894
8792,20589612094
8793,20591162143
8794,21024164100
8795,21024171840
8796,21024183010
8797,21024184600
8798,21024369178
8799,21024381068
8800,21025469109
8801,21025481709
8802,21025485909
8803,21186031676
8804,21186033996
8805,21186043516
8806,21201898632
8807,21201901202
8808,21201902942
8809,21201921632
8810,21212298565
8811,21212299875
8812,21220202701
8813,20589019924
8814,20589021424
8815,20590537813
8816,20590545033
8817,21023470720
8818,21023472490
8819,21023474440
8820,21023476760
8821,21023546390
8822,21023683168
8823,21023684108
8824,21023690258
8825,21023693218
8826,21024787589
8827,21024791599
8828,21024796369
8829,21024857399
8830,21024858719
8831,21185413876
8832,21201220422
8833,21201294552
8834,21201302332
8835,20588806624
8836,20588807824
8837,20588830804
8838,20590364093
8839,20590365323
8840,21023372220
8841,21023376910
8842,21023574488
8843,21023585138
8844,21023590198
8845,21023593738
8846,21024673159
8847,21024676249
8848,21024677299
8849,21024696139
8850,21201121502
8851,21201125042
8852,21201126352
8853,21201134812
8854,21211492115
8855,21211505415
8856,21211510825
8857,20588710434
8858,21023255730
8859,21023274190
8860,21023472228
8861,21023474458
8862,21023487328
8863,21024565379
8864,21024577049
8865,21024581359
8866,21024582519
8867,21185119666
8868,21185130176
8869,21185133526
8870,21201002362
8871,21201004572
8872,21201011652
8873,21201015402
8874,21201020872
8875,21219297561
8876,21219300051
8877,21219305931
8878,21219310661
8879,21219318701
8880,21219324481
8881,21219325721
8882,20588330864
8883,20588334894
8884,20588338894
8885,21022889120
8886,21022892810
8887,21022978430
8888,21022985490
8889,21022989690
8890,21023096708
8891,21023103378
8892,21023193698
8893,21023194678
8894,21024291979
8895,21024298929
8896,21024300049
8897,21024303779
8898,21184848076
8899,21200734592
8900,21211013595
8901,21211102215
8902,21211116735
8903,21218928311
8904,21218929701
8905,21219022861
8906,21219034261
8907,20588219694
8908,20588228914
8909,20588233274
8910,20589770523
8911,20589776363
8912,20589788343
8913,21022763320
8914,21022764700
8915,21022984298
8916,21022995888
8917,21022996788
8918,21022998288
8919,21024080429
8920,21024090289
8921,21184647556
8922,21200515892
8923,21200520502
8924,21210893075
8925,21210896565
8926,21210905135
8927,21210907565
8928,21210916615
8929,21218814721
8930,21218822941
8931,20588089574
8932,20588092334
8933,20588100354
8934,20588103834
8935,20588106274
8936,20589633673
8937,20589652503
8938,21022851798
8939,21022858998
8940,21022860548
8941,21022861958
8942,21022867998
8943,21022870568
8944,21023957609
8945,21023967739
8946,21023976969
8947,21023982019
8948,21184514076
8949,21200392242
8950,21210772245
8951,21210790515
8952,21210791745
8953,21210792845
8954,21218685801
8955,20587501284
8956,20587605474
8957,20587617804
8958,20589045873
8959,20589051573
8960,20589054863
8961,20589159413
8962,20589169383
8963,21022055580
8964,21022258628
8965,21022382108
8966,21022387078
8967,21023481979
8968,21184030566
8969,21199802032
8970,21199818682
8971,21199924882
8972,21199925982
8973,21199930432
8974,21210294435
8975,21210300785
8976,21218094291
8977,21218097011
8978,21218099761
8979,21218102891
8980,20587331524
8981,20587338164
8982,20587342324
8983,20587346644
8984,20588876243
8985,20588890733
8986,21022090848
8987,21022097608
8988,21022110538
8989,21022112588
8990,21022115998
8991,21023200489
8992,21023210249
8993,21023213059
8994,21023219519
8995,21183762766
8996,21199637462
8997,21199649592
8998,21199663202
8999,21210015095
9000,21210016365
9001,21217926311
9002,21217929021
9003,21217931571
9004,20587026354
9005,20587030674
9006,20587037814
9007,20588579353
9008,20588602733
9009,21021600040
9010,21021609070
9011,21021793928
9012,21021821258
9013,21022915139
9014,21022925469
9015,21022926819
9016,21183449136
9017,21183451376
9018,21183460496
9019,21183465826
9020,21183468386
9021,21183469596
9022,21199358922
9023,21209715175
9024,21209718295
9025,21209719245
9026,21209720345
9027,21209723815
9028,21217643921
9029,20586745914
9030,20586753284
9031,20586924784
9032,20586934554
9033,20588314113
9034,20588490803
9035,21021311060
9036,21021317260
9037,21021498350
9038,21021694558
9039,21021699038
9040,21022622099
9041,21022631289
9042,21022633639
9043,21022807339
9044,21183169816
9045,21183354736
9046,21183358706
9047,21199243432
9048,21199256052
9049,21209437315
9050,21209612115
9051,21217349941
9052,21217533341
9053,21217536631
9054,20586404654
9055,20587964763
9056,20587977453
9057,20587979743
9058,21020969280
9059,21020979030
9060,21020988910
9061,21021185738
9062,21021191608
9063,21022273099
9064,21022276109
9065,21022279389
9066,21022287059
9067,21022294629
9068,21022305249
9069,21182832236
9070,21182833346
9071,21182836506
9072,21198721622
9073,21198736872
9074,21209084185
9075,21209101395
9076,21209111175
9077,20586185414
9078,20586194374
9079,20587738743
9080,20587744103
9081,21020750260
9082,21020758500
9083,21020759610
9084,21020772130
9085,21020773520
9086,21020776040
9087,21020946768
9088,21020954888
9089,21020960428
9090,21020966638
9091,21020973148
9092,21182616616
9093,21198499722
9094,21198501842
9095,21198505422
9096,21198506462
9097,21198517672
9098,21198518742
9099,21198523232
9100,21208885335
9101,20586052224
9102,20586064634
9103,20587604763
9104,20587616093
9105,20587624903
9106,20587626093
9107,21020625090
9108,21020639430
9109,21020640490
9110,21020820078
9111,21020824068
9112,21020846428
9113,21021922589
9114,21021925109
9115,21021931309
9116,21021941499
9117,21021949399
9118,21182470616
9119,21182497866
9120,21198379582
9121,21198396982
9122,21208737295
9123,21208749985
9124,21216662481
9125,21216668791
9126,20585930344
9127,20585944804
9128,20587476883
9129,20587478513
9130,20587491133
9131,20587502943
9132,21020506580
9133,21020509140
9134,21020687158
9135,21020693808
9136,21021803689
9137,21021813049
9138,21182350576
9139,21182353096
9140,21182367546
9141,21182369096
9142,21198270542
9143,21208606985
9144,21208620565
9145,21208624595
9146,21208629745
9147,21216518351
9148,21216525191
9149,21216529031
9150,20585789104
9151,20585791864
9152,20585801794
9153,20585816214
9154,20587354923
9155,20587356103
9156,20587362503
9157,20587372963
9158,20587375343
9159,21020359100
9160,21020361670
9161,21020366020
9162,21020374410
9163,21020385100
9164,21020569398
9165,21021679949
9166,21182210926
9167,21182219216
9168,21182226046
9169,21198108842
9170,21198129732
9171,21198131202
9172,20585247704
9173,20585254674
9174,20586718263
9175,20586725173
9176,20586809393
9177,21019733770
9178,21019824720
9179,21019926868
9180,21021042389
9181,21021048699
9182,21021117799
9183,21021122289
9184,21021123889
9185,21197496762
9186,21197499132
9187,21197579772
9188,21207855775
9189,21207932135
9190,21215762001
9191,21215765001
9192,21215771251
9193,21215775151
9194,21215846441
9195,21215857021
9196,20585056104
9197,20586593573
9198,20586611153
9199,20586617963
9200,21019627900
9201,21019638600
9202,21019802448
9203,21019827328
9204,21019830478
9205,21019831768
9206,21020915609
9207,21020929849
9208,21181474296
9209,21197368382
9210,21197370652
9211,21197374332
9212,21197377412
9213,21197382762
9214,21197384192
9215,21207732565
9216,21207736245
9217,21207738425
9218,21215636951
9219,21215639721
9220,20584913074
9221,20586473163
9222,20586479553
9223,20586488473
9224,20586495333
9225,21019484310
9226,21019495730
9227,21019500610
9228,21019507380
9229,21019679808
9230,21019681318
9231,21019689328
9232,21019702718
9233,21181359876
9234,21181363216
9235,21181369876
9236,21197240862
9237,21197258822
9238,21197266072
9239,21207599725
9240,21207610495
9241,21207614575
9242,21207615755
9243,21215519191
9244,20584805274
9245,20586343743
9246,20586349303
9247,20586355113
9248,21019371050
9249,21019380160
9250,21019554138
9251,21019555658
9252,21019561848
9253,21019568548
9254,21019569728
9255,21019574868
9256,21019576008
9257,21019577378
9258,21020671859
9259,21020675059
9260,21020676309
9261,21181213766
9262,21181215276
9263,21181232856
9264,21181236206
9265,21197122492
9266,21197125392
9267,21197132552
9268,20584653204
9269,20584656704
9270,20584664754
9271,20584670734
9272,20584671944
9273,20584677544
9274,20586233203
9275,20586241343
9276,21019236640
9277,21019436818
9278,21019439218
9279,21020557239
9280,21020560049
9281,21181096036
9282,21181114296
9283,21181115736
9284,21207349475
9285,21207351035
9286,21207358575
9287,21207361095
9288,21207362305
9289,21207367495
9290,21215260561
9291,21215261901
9292,20584542504
9293,20584549914
9294,20584553574
9295,20584554814
9296,20586094433
9297,20586096953
9298,20586100493
9299,21019104110
9300,21019107950
9301,21019129620
9302,21019296918
9303,21019301878
9304,21019317358
9305,21020415909
9306,21020419429
9307,21020420799
9308,21020421889
9309,21180979716
9310,21180982216
9311,21196862002
9312,21196880702
9313,21196887732
9314,21207232655
9315,21207243195
9316,21215145681
9317,20584408154
9318,20584425794
9319,20584430804
9320,20585982543
9321,21018981190
9322,21018997140
9323,21019002170
9324,21019180328
9325,21019188028
9326,21019197868
9327,21020282959
9328,21020292109
9329,21020303039
9330,21180850286
9331,21180857036
9332,21180865706
9333,21196744112
9334,21196753082
9335,21196755182
9336,21196769042
9337,21207100975
9338,21207123465
9339,21215008891
9340,21215016751
9341,20584275584
9342,20584292074
9343,20585865143
9344,21018853900
9345,21018857670
9346,21018865770
9347,21019058418
9348,21019062228
9349,21019075158
9350,21020161579
9351,21020164099
9352,21020165269
9353,21020166579
9354,21020182009
9355,21020185739
9356,21196619072
9357,21196632522
9358,21206987855
9359,21214880721
9360,21214893181
9361,21214895351
9362,21214898791
9363,21214902341
9364,21214903551
9365,21214905931
9366,20583535884
9367,20583538724
9368,20583557014
9369,20585120633
9370,20585147683
9371,21018157920
9372,21018162070
9373,21018312678
9374,21018314158
9375,21018334188
9376,21019416959
9377,21019425309
9378,21019427109
9379,21019430299
9380,21019431389
9381,21020062969
9382,21179968396
9383,21179969866
9384,21179983146
9385,21206236465
9386,21206246835
9387,21206249955
9388,21206251125
9389,21214158111
9390,21214182851
9391,20582745624
9392,20582853244
9393,20584316983
9394,20584398083
9395,20584403363
9396,20584404893
9397,21017437380
9398,21017607588
9399,21017625528
9400,21018721369
9401,21018725939
9402,21018729229
9403,21018738189
9404,21195173652
9405,21195175062
9406,21195193482
9407,21205526115
9408,21205527025
9409,21205540195
9410,21205543365
9411,21213349831
9412,21213439301
9413,21213447131
9414,21213449981
9415,21213457541
9416,20582612434
9417,20582625344
9418,20582638314
9419,20582642154
9420,20584205073
9421,21017209350
9422,21017399468
9423,21017401348
9424,21017404028
9425,21017406788
9426,21018515059
9427,21179050486
9428,21179053556
9429,21179072796
9430,21179080456
9431,21194954602
9432,21205321215
9433,21205334075
9434,21205336755
9435,21205339815
9436,21213213471
9437,21213218121
9438,21213231311
9439,20582484784
9440,20582505544
9441,20584063923
9442,20584066763
9443,20584073883
9444,21017060380
9445,21017067530
9446,21017071400
9447,21017084880
9448,21017259838
9449,21017270248
9450,21017277198
9451,21018372769
9452,21178913316
9453,21178914456
9454,21178917396
9455,21178934596
9456,21178942836
9457,21194838992
9458,21194845752
9459,21205176305
9460,21205191075
9461,21205206005
9462,21213086551
9463,21213094011
9464,20582345084
9465,20582358804
9466,20582361884
9467,20583941393
9468,21016925470
9469,21016928420
9470,21016942090
9471,21017113598
9472,21017121998
9473,21017134478
9474,21018237059
9475,21178773996
9476,21178787206
9477,21178795226
9478,21178801986
9479,21178804816
9480,21194693442
9481,21194700732
9482,21205037955
9483,21205048225
9484,21205052905
9485,21205069805
9486,21212933211
9487,21212937821
9488,21212963541
9489,20581781624
9490,20581793344
9491,20583380243
9492,20583382963
9493,21016395870
9494,21016591738
9495,21017685219
9496,21017700239
9497,21178220216
9498,21178223796
9499,21178226836
9500,21194134012
9501,21194150812
9502,21194158622
9503,21194160922
9504,21194162112
9505,21194163322
9506,21204503935
9507,21204505575
9508,21212379621
9509,21212385981
9510,21212389261
9511,21212391971
9512,20581381134
9513,20581384844
9514,20581386094
9515,20581390284
9516,20582944953
9517,20582947693
9518,20582952453
9519,20582958513
9520,20582964943
9521,20582967833
9522,20582970843
9523,21016154488
9524,21016159098
9525,21017258359
9526,21017279139
9527,21177810726
9528,21177818446
9529,21177820866
9530,21177824756
9531,21177838366
9532,21193717042
9533,21193719712
9534,20581180044
9535,20581194444
9536,20581198334
9537,20581203604
9538,20582760903
9539,20582763253
9540,20582773163
9541,20582776303
9542,21015771100
9543,21015776360
9544,21015791300
9545,21015801100
9546,21015976238
9547,21015990508
9548,21017074439
9549,21017089079
9550,21177630566
9551,21177643506
9552,21193542972
9553,21203886595
9554,21203910435
9555,21211784121
9556,21211788631
9557,21211805841
9558,21211807081
9559,20580823374
9560,20582407503
9561,21015406470
9562,21015407640
9563,21015429050
9564,21015605478
9565,21016690619
9566,21016692099
9567,21016712799
9568,21016716049
9569,21177263516
9570,21177264836
9571,21193166782
9572,21193175822
9573,21193179982
9574,21193183512
9575,21193189342
9576,21193191632
9577,21203515905
9578,21203517055
9579,21203519575
9580,21203528895
9581,21203533835
9582,20580198684
9583,20580199914
9584,20580229184
9585,20581773853
9586,20581778013
9587,20581789153
9588,21014790090
9589,21014801240
9590,21014970998
9591,21014975348
9592,21014984048
9593,21014989508
9594,21014990778
9595,21014994028
9596,21015001758
9597,21016086349
9598,21176645456
9599,21176664146
9600,21192565942
9601,21192571592
9602,21192575572
9603,21202919595
9604,21210800711
9605,21210803361
9606,20579890484
9607,20580078654
9608,20580082044
9609,20580083504
9610,20581663013
9611,21014480300
9612,21014664778
9613,21014667388
9614,21014671330
9615,21014672630
9616,21014675310
9617,21014676650
9618,21014681850
9619,21014846678
9620,21015973859
9621,21176325406
9622,21176520766
9623,21176524626
9624,21176533536
9625,21192235432
9626,21192240532
9627,21192427402
9628,21192444532
9629,21210675531
9630,21210685761
9631,20579690854
9632,20581257823
9633,20581262123
9634,20581271853
9635,20581274523
9636,20581279053
9637,21014257280
9638,21014258780
9639,21014264180
9640,21014268550
9641,21014279500
9642,21014286680
9643,21014472578
9644,21015567159
9645,21015582229
9646,21015583979
9647,21176118676
9648,21176137896
9649,21192024412
9650,21192029992
9651,21202382035
9652,21202392995
9653,21210269881
9654,21210275171
9655,21210286191
9656,20579556724
9657,20579565344
9658,20579574974
9659,20581141603
9660,20581146053
9661,21014143960
9662,21014152500
9663,21014155170
9664,21014331458
9665,21014339018
9666,21014353338
9667,21175988746
9668,21176005376
9669,21176015156
9670,21191896092
9671,21191903312
9672,21191905852
9673,21191914322
9674,21191923842
9675,21202245295
9676,21202249525
9677,21202258845
9678,21202262705
9679,21210142011
9680,21210150551
9681,20580991343
9682,20580992673
9683,21014004710
9684,21014009370
9685,21014011690
9686,21014032020
9687,21014033110
9688,21014199568
9689,21014210338
9690,21014217168
9691,21014221768
9692,21015306629
9693,21015308919
9694,21015322649
9695,21175882066
9696,21175886096
9697,21191780062
9698,21191782612
9699,21191786362
9700,21191790692
9701,21202114355
9702,21202121695
9703,21202129595
9704,21202134945
9705,21210030101
9706,20579034464
9707,20579061304
9708,20580621363
9709,20580624323
9710,20580628343
9711,21013626330
9712,21013627600
9713,21013638550
9714,21013807578
9715,21013809278
9716,21013834318
9717,21014923919
9718,21014926169
9719,21014927189
9720,21014934869
9721,21175476226
9722,21175483336
9723,21175486986
9724,21191385872
9725,21191387262
9726,21191392322
9727,21201724715
9728,21201730005
9729,21209629861
9730,20578786484
9731,20580318883
9732,20580320583
9733,20580328083
9734,20580331953
9735,20580345653
9736,20580346873
9737,20580349523
9738,21013347590
9739,21013357070
9740,21013533568
9741,21013543418
9742,21013544798
9743,21014632719
9744,21014633839
9745,21014637569
9746,21175188826
9747,21175205346
9748,21175207996
9749,20578617794
9750,20578619284
9751,20578631314
9752,20578641294
9753,20580178743
9754,20580185103
9755,21013205150
9756,21013394698
9757,21013403878
9758,21013410398
9759,21013419298
9760,21013422278
9761,21014504409
9762,21014505729
9763,21175057666
9764,21175068676
9765,21190962462
9766,21190968102
9767,21190982932
9768,21201313275
9769,21201326955
9770,21201332185
9771,20578478144
9772,20578493684
9773,20578498224
9774,20578502274
9775,20578506674
9776,20578509924
9777,20580040893
9778,20580044983
9779,20580047753
9780,20580050273
9781,20580051683
9782,20580052993
9783,21013075180
9784,21013076670
9785,21013085800
9786,21013091100
9787,21013255248
9788,21013256528
9789,21013262228
9790,21174928846
9791,21174930216
9792,21174938126
9793,21174942796
9794,21190844382
9795,21209076241
9796,20578347804
9797,20578353734
9798,20578359264
9799,20578367114
9800,20578374034
9801,20579900993
9802,20579908803
9803,20579929393
9804,21012950780
9805,21013123948
9806,21013125308
9807,21013128168
9808,21013130918
9809,21013145348
9810,21014218389
9811,21014229769
9812,21014234539
9813,21174777116
9814,21174799676
9815,21201030585
9816,21201049755
9817,20578206894
9818,20578216004
9819,20578219814
9820,20578230914
9821,20579774613
9822,21012797130
9823,21012802190
9824,21012803530
9825,21012812590
9826,21014082159
9827,21014100699
9828,21014106169
9829,21174656736
9830,21174659156
9831,21174660446
9832,21190054982
9833,21190544712
9834,21190551082
9835,21190552402
9836,21200888885
9837,21200895145
9838,21200899165
9839,21208811491
9840,21208825201
9841,20577586484
9842,20577595414
9843,20579116403
9844,20579118063
9845,20579123813
9846,21012145470
9847,21012153970
9848,21012155400
9849,21012158160
9850,21012161580
9851,21012359078
9852,21012362168
9853,21012364908
9854,21012370408
9855,21013440739
9856,21013466169
9857,21013474679
9858,21174024296
9859,21174033376
9860,21189912232
9861,21189920842
9862,21189923902
9863,21200282355
9864,21208175801
9865,20577422654
9866,20577429954
9867,20577432914
9868,20577434344
9869,20578989253
9870,20578993483
9871,21012002970
9872,21012005840
9873,21012031320
9874,21012213188
9875,21012219548
9876,21012222538
9877,21013315039
9878,21173863116
9879,21173877176
9880,21189770502
9881,21189783872
9882,21189796072
9883,21200104405
9884,21200106235
9885,21200110405
9886,21200122485
9887,21208033651
9888,21208035281
9889,20576983314
9890,20578531653
9891,20578541663
9892,20578557773
9893,20578559063
9894,20578566383
9895,21011558450
9896,21011566750
9897,21011570250
9898,21011584270
9899,21011761668
9900,21011768298
9901,21011779828
9902,21011785368
9903,21012853219
9904,21012868049
9905,21012880259
9906,21012885429
9907,21012887039
9908,21173433266
9909,21189328072
9910,21199685375
9911,20576852054
9912,20578376223
9913,20578381413
9914,20578397363
9915,21011407300
9916,21011426170
9917,21011599068
9918,21011608468
9919,21011612698
9920,21011616378
9921,21011623428
9922,21173291046
9923,21173294096
9924,21189191982
9925,21199506835
9926,21199513555
9927,21199528775
9928,21199538825
9929,21199541685
9930,21207410441
9931,21207418651
9932,21207420081
9933,21207423341
9934,20576326324
9935,20576695794
9936,20577879063
9937,20578247013
9938,21011276910
9939,21011456708
9940,21011480318
9941,21012551959
9942,21012553359
9943,21012565469
9944,21012568879
9945,21173124186
9946,21173130266
9947,21188659282
9948,21188660872
9949,21188665782
9950,21189045382
9951,21199003625
9952,21199367505
9953,21199378655
9954,21199383335
9955,21199392415
9956,21206907781
9957,21206911281
9958,21207269071
9959,20576175474
9960,20576194634
9961,20576195954
9962,20576199734
9963,20577732753
9964,21010940598
9965,21012023319
9966,21012026629
9967,21012039379
9968,21012044059
9969,21172614666
9970,21172621666
9971,21172625536
9972,21188513722
9973,21188519302
9974,21198839575
9975,21198854655
9976,21198871125
9977,21206735591
9978,21206737231
9979,21206744681
9980,21206748071
9981,21206749401
9982,21206752541
9983,20576010724
9984,20576034604
9985,20577542403
9986,20577567363
9987,21010582430
9988,21010586010
9989,21010599890
9990,21010771548
9991,21010773178
9992,21010779868
9993,21010788378
9994,21010790258
9995,21010791948
9996,21011854459
9997,21011880599
9998,21011884089
9999,21011885519
10000,21011896139
10001,21172465646
10002,21188342692
10003,21188347392
10004,21188350802
10005,21188372482
10006,20575400194
10007,20576911513
10008,20576936223
10009,20576939703
10010,21009930520
10011,21009951450
10012,21009959500
10013,21009974420
10014,21009978820
10015,21010133418
10016,21010143058
10017,21010153978
10018,21011247149
10019,21011266339
10020,21171804646
10021,21171819146
10022,21171825826
10023,21187704982
10024,21187708142
10025,21187716212
10026,21198069155
10027,21198075405
10028,21205936031
10029,21205946791
10030,21205949371
10031,20574845154
10032,20576371513
10033,20576379183
10034,20576393683
10035,20576405283
10036,20576418843
10037,21009407810
10038,21009415580
10039,21009417570
10040,21009433410
10041,21009497880
10042,21009626378
10043,21010689669
10044,21010705329
10045,21010708019
10046,21010726699
10047,21171268856
10048,21171272796
10049,21171286536
10050,21171303606
10051,21187203462
10052,21197537055
10053,21197544125
10054,21205425341
10055,21205442951
10056,20574652454
10057,20576172123
10058,20576179833
10059,20576185843
10060,20576189783
10061,20576215843
10062,21009206720
10063,21009411118
10064,21009431718
10065,21010512479
10066,21010516459
10067,21010526529
10068,21171069896
10069,21171104556
10070,21171108576
10071,21186993062
10072,21186999042
10073,21187009402
10074,21187019682
10075,21197297545
10076,21197303705
10077,21197310855
10078,21197333755
10079,21205214241
10080,21205230561
10081,20574105154
10082,20574109924
10083,20575650783
10084,21008674090
10085,21008698370
10086,21008707510
10087,21008874968
10088,21008883178
10089,21009955429
10090,21009957099
10091,21009968669
10092,21009981149
10093,21170551616
10094,21170554416
10095,21170559756
10096,21170563666
10097,21186436352
10098,21186438042
10099,21186460672
10100,21186470262
10101,21196775835
10102,21196789765
10103,21204667821
10104,21204683551
10105,21204695621
10106,20573836174
10107,20573846044
10108,20573861634
10109,20573868974
10110,20575400653
10111,20575402253
10112,21008423870
10113,21008616248
10114,21008623148
10115,21009700049
10116,21009713909
10117,21009716089
10118,21009727329
10119,21009728679
10120,21009731829
10121,21170299156
10122,21186174952
10123,21186177232
10124,21186187942
10125,21186195032
10126,21186205362
10127,21186208942
10128,21196513035
10129,21204399071
10130,20573441104
10131,20573467094
10132,20574969853
10133,20574971363
10134,20574975253
10135,20575005253
10136,20575008953
10137,20575010913
10138,21008014280
10139,21008016390
10140,21008021840
10141,21008029310
10142,21008031760
10143,21008212568
10144,21009294219
10145,21009324619
10146,21169863746
10147,21169868516
10148,21169870126
10149,21185783302
10150,21196121735
10151,21196123935
10152,21204020211
10153,21204022621
10154,20573259344
10155,20573268884
10156,20573277844
10157,20574784513
10158,20574793353
10159,20574803103
10160,20574816723
10161,20574818493
10162,21007834230
10163,21007839860
10164,21007843630
10165,21008007648
10166,21008012458
10167,21008021708
10168,21008033588
10169,21008036848
10170,21008045908
10171,21009107939
10172,21185584332
10173,21185598592
10174,21185600722
10175,21185621142
10176,21185626232
10177,20572786154
10178,20572801124
10179,20572811464
10180,20572812894
10181,20574350393
10182,20574355213
10183,21007329360
10184,21007338970
10185,21007559558
10186,21008625719
10187,21008631069
10188,21169192806
10189,21169194586
10190,21169204286
10191,21169222676
10192,21169224466
10193,21169227716
10194,21185117002
10195,21185137192
10196,21185142882
10197,21185151522
10198,21195455635
10199,21203322361
10200,21203361431
10201,21203366481
10202,20572582424
10203,20572598124
10204,20574122443
10205,20574150733
10206,20574160393
10207,21007142500
10208,21007183660
10209,21007188160
10210,21007339898
10211,21007353518
10212,21007366868
10213,21007372578
10214,21007374038
10215,21008486659
10216,21169013216
10217,21169038136
10218,21169045566
10219,21184931132
10220,21184935352
10221,21184944852
10222,21195257475
10223,21195261305
10224,21195271845
10225,21195273935
10226,21203148821
10227,20572198214
10228,20572208114
10229,20572216094
10230,20573734933
10231,20573740243
10232,20573745893
10233,20573757433
10234,20573758913
10235,20573761953
10236,21006763940
10237,21006774150
10238,21006942488
10239,21006947828
10240,21006965698
10241,21008061719
10242,21008079869
10243,21168621126
10244,21184527972
10245,21184532772
10246,21184543432
10247,21194853975
10248,21194876875
10249,20571703664
10250,20571705674
10251,20571711274
10252,20571958024
10253,20573259043
10254,20573261043
10255,20573511163
10256,20573519933
10257,21006268560
10258,21006470208
10259,21006508730
10260,21006531670
10261,21006716858
10262,21006718888
10263,21006727728
10264,21007820579
10265,21007840449
10266,21168152106
10267,21168386706
10268,21168412586
10269,21168414026
10270,21184308452
10271,21184310442
10272,20571145354
10273,20571197334
10274,20572761693
10275,21005705710
10276,21005753850
10277,21005759020
10278,21005949218
10279,21005972568
10280,21007056499
10281,21007074389
10282,21167645716
10283,21167648656
10284,21167657336
10285,21183546572
10286,21183554312
10287,21183555952
10288,21193863605
10289,21193869845
10290,21193899685
10291,21201744981
10292,21201751331
10293,21201757271
10294,21201764931
10295,21201766441
10296,21201770161
10297,20570881944
10298,20572412963
10299,20572420493
10300,21005416800
10301,21005439170
10302,21005610648
10303,21005619228
10304,21005639498
10305,21167308876
10306,21167313616
10307,21167319426
10308,21167322436
10309,21183205762
10310,21183207362
10311,21183211462
10312,21183220212
10313,21183230372
10314,21193540545
10315,21193554735
10316,21201402311
10317,21201403601
10318,21201409081
10319,21201414871
10320,20570701714
10321,20570717804
10322,20572252623
10323,20572264783
10324,20572271733
10325,20572279403
10326,21005260170
10327,21005268560
10328,21005271220
10329,21005274330
10330,21005282150
10331,21005285290
10332,21005460948
10333,21005489468
10334,21005491008
10335,21006571539
10336,21006575679
10337,21006578759
10338,21006582759
10339,21167141436
10340,21193382565
10341,21193388565
10342,20570560804
10343,20570563984
10344,20570568154
10345,20572095363
10346,21005111190
10347,21005112480
10348,21005115530
10349,21005116820
10350,21005129290
10351,21005320418
10352,21005321818
10353,21005336838
10354,21006428189
10355,21006442259
10356,21006446729
10357,21166987606
10358,21166989156
10359,21167002636
10360,21167015336
10361,21167023466
10362,21182908152
10363,21182931482
10364,21182934262
10365,21193253185
10366,21201118541
10367,20571641103
10368,20571642453
10369,20571660203
10370,21004604510
10371,21004678760
10372,21004686760
10373,21004688120
10374,21004809248
10375,21004855588
10376,21004881378
10377,21004885888
10378,21004887488
10379,21005973199
10380,21005982569
10381,21166570456
10382,21182407152
10383,21182458562
10384,21182459892
10385,21182461452
10386,21182464212
10387,21182468442
10388,21182470722
10389,21182478302
10390,21182484962
10391,21192778015
10392,20569874714
10393,20569889414
10394,20571401253
10395,20571439833
10396,21004440100
10397,21004443000
10398,21004448730
10399,21004623578
10400,21004625468
10401,21004627748
10402,21004656918
10403,21005715249
10404,21166292836
10405,21166310546
10406,21166321606
10407,21166327276
10408,21166339216
10409,21182216752
10410,21182231162
10411,21182234832
10412,21182239072
10413,21182245142
10414,21200400971
10415,20569394514
10416,20569396304
10417,20570924873
10418,21003920620
10419,21003940150
10420,21003943090
10421,21003949680
10422,21003955340
10423,21003958210
10424,21003967420
10425,21004132318
10426,21004168388
10427,21005231639
10428,21005242039
10429,21165805576
10430,21165831126
10431,21181722712
10432,21181728572
10433,21181731932
10434,21181746602
10435,21192039715
10436,21192061795
10437,21192088585
10438,21199905961
10439,21199950191
10440,20569007974
10441,20569009344
10442,20569017834
10443,20569024364
10444,20570538203
10445,21003546840
10446,21003561030
10447,21003568190
10448,21003758138
10449,21003785568
10450,21004866589
10451,21004871669
10452,21004873109
10453,21004879299
10454,21165438936
10455,21165448166
10456,21165465646
10457,21181358032
10458,21181361572
10459,21181378602
10460,21181385442
10461,21191677595
10462,21191684535
10463,21199558941
10464,21199571141
10465,20568845774
10466,20568850084
10467,20568856274
10468,20570381773
10469,20570390833
10470,20570397893
10471,21003375420
10472,21003377070
10473,21003390350
10474,21003412460
10475,21003581008
10476,21003588468
10477,21003605598
10478,21003608228
10479,21003619498
10480,21004693199
10481,21004695359
10482,21165274916
10483,21181188112
10484,21191537615
10485,21199359201
10486,21199365921
10487,21199378891
10488,20568679314
10489,20568689754
10490,20570223063
10491,20570228273
10492,21003245020
10493,21003426358
10494,21003427928
10495,21003442588
10496,21004517899
10497,21004522829
10498,21004528849
10499,21004532089
10500,21004543889
10501,21004552399
10502,21165131366
10503,21181018862
10504,21181021902
10505,21181037422
10506,21191336195
10507,21191360775
10508,21191372115
10509,21191375275
10510,20568075384
10511,20568087464
10512,20569632013
10513,20569686453
10514,21002637670
10515,21002703260
10516,21002850718
10517,21002853608
10518,21002900888
10519,21002917398
10520,21164526966
10521,21164582696
10522,21164593736
10523,21164599116
10524,21180450582
10525,21180503162
10526,21180509232
10527,21180514072
10528,21180518802
10529,21190768825
10530,21190778705
10531,21190820705
10532,21190828405
10533,21198673341
10534,21198691691
10535,20567756724
10536,20567764514
10537,20567774404
10538,20567776444
10539,20567778304
10540,20567787834
10541,20567795434
10542,20569318723
10543,20569337353
10544,21002317520
10545,21002326090
10546,21002523158
10547,21002537978
10548,21002547478
10549,21002551808
10550,21003631769
10551,21164211876
10552,21180119002
10553,21180147732
10554,21180162902
10555,21190440905
10556,21198290601
10557,20567104914
10558,20567107874
10559,20567116584
10560,20567121334
10561,20568673833
10562,20568684363
10563,20568687313
10564,21001661470
10565,21001664000
10566,21001684020
10567,21001692600
10568,21002995489
10569,21002996919
10570,21163561356
10571,21163562876
10572,21163578176
10573,21163588156
10574,21179477832
10575,21179500762
10576,21179507712
10577,21189806255
10578,21189809175
10579,21189810595
10580,20566847744
10581,20566849284
10582,20566893014
10583,20568391383
10584,20568411193
10585,20568420123
10586,21001401210
10587,21001402930
10588,21001414980
10589,21001430070
10590,21001620338
10591,21001625988
10592,21001633588
10593,21001635008
10594,21002703869
10595,21002715299
10596,21163306966
10597,21163311846
10598,21179221942
10599,21179235522
10600,21189527885
10601,21189554565
10602,20566424514
10603,20566426334
10604,20566428014
10605,20566431054
10606,20566467984
10607,20567985583
10608,20567991853
10609,20568035103
10610,21001000920
10611,21001192018
10612,21001203378
10613,21002293239
10614,21002303759
10615,21002324379
10616,21002329199
10617,21002353439
10618,21162876736
10619,21178806032
10620,21178827392
10621,21178831072
10622,21178855022
10623,21178856612
10624,21189154805
10625,21189174295
10626,21196978331
10627,20566180904
10628,20566192014
10629,20567749743
10630,20567760483
10631,21000745450
10632,21000746800
10633,21000963518
10634,21000965228
10635,21000980178
10636,21002046069
10637,21002061009
10638,21002070289
10639,21162629066
10640,21162643186
10641,21162649586
10642,21162653566
10643,21162657836
10644,21188873505
10645,21188877805
10646,21188892665
10647,21188894385
10648,21188898515
10649,21196719201
10650,21196725551
10651,21196732781
10652,20565903164
10653,20565907454
10654,20567421623
10655,20567424773
10656,20567431723
10657,20567443933
10658,20567448853
10659,21000433450
10660,21000444800
10661,21000459920
10662,21000648408
10663,21000664418
10664,21000671108
10665,21001744209
10666,21001746729
10667,21001753519
10668,21001755299
10669,21001760329
10670,21162316616
10671,21162351196
10672,21178255612
10673,21196401881
10674,21196409781
10675,20565440294
10676,20565483094
10677,20565514884
10678,20566975513
10679,20566993753
10680,21000000940
10681,21000035150
10682,21000043700
10683,21000069230
10684,21000200988
10685,21000202368
10686,21000203808
10687,21000246878
10688,21000255288
10689,21001294879
10690,21001301829
10691,21161867386
10692,21161870206
10693,21161927346
10694,21177790742
10695,21188127865
10696,21188129365
10697,21195961201
10698,21195964051
10699,20565125014
10700,20565146614
10701,20565157374
10702,20566681743
10703,20566708423
10704,20999698210
10705,20999890418
10706,20999916898
10707,20999918248
10708,20999919468
10709,20999922808
10710,21000989489
10711,21000990629
10712,21001000459
10713,21001008829
10714,21161576176
10715,21161577706
10716,21161584396
10717,21177497192
10718,21177498662
10719,21177504262
10720,21177512942
10721,21187818115
10722,21187837355
10723,21195669871
10724,20564543344
10725,20564558334
10726,20566097463
10727,20566098833
10728,20566104433
10729,20566108753
10730,20566148553
10731,20566152593
10732,20999099740
10733,20999361128
10734,21000415049
10735,21000422919
10736,21000461269
10737,21000462719
10738,21160987286
10739,21176915532
10740,21176928682
10741,21187229755
10742,21187234685
10743,21187235865
10744,21187245005
10745,20564332044
10746,20564346574
10747,20564350754
10748,20565869263
10749,20565880003
10750,20565885583
10751,20998880950
10752,20998902290
10753,20999100558
10754,21000198409
10755,21000204559
10756,21000213199
10757,21160756546
10758,21160763766
10759,21160765016
10760,21160771826
10761,21160777336
10762,21160789406
10763,21176691452
10764,21187037975
10765,21187040465
10766,21194846031
10767,21194854001
10768,20563931784
10769,20565496963
10770,20998488520
10771,20998500540
10772,20998703178
10773,20998711008
10774,20998726528
10775,20999817259
10776,20999819119
10777,20999828289
10778,21160379856
10779,21160388836
10780,21160393206
10781,21160403776
10782,21176302922
10783,21176320332
10784,21186630345
10785,21186632205
10786,21186637655
10787,21186640505
10788,21186654245
10789,21186659035
10790,21194471131
10791,21194485701
10792,20563584994
10793,20563691534
10794,20565136513
10795,20998073970
10796,20998079510
10797,20998146810
10798,20998147980
10799,20998151700
10800,20998278518
10801,20998355548
10802,20999564969
10803,21175889202
10804,21175893562
10805,21175960032
10806,21186387085
10807,21186389925
10808,21186391295
10809,21186395345
10810,21194040571
10811,21194045431
10812,21194047861
10813,21194050311
10814,21194224991
10815,21194226181
10816,20563212944
10817,20564759093
10818,20564842853
10819,20564848273
10820,20564854343
10821,20564861893
10822,20997861580
10823,20997864990
10824,20997969738
10825,20997970778
10826,20997972038
10827,20998067278
10828,20998081588
10829,20998084988
10830,20999157669
10831,20999170139
10832,20999174369
10833,21159647386
10834,21175575162
10835,21175690672
10836,21186005385
10837,21193823261
10838,21193824901
10839,21193835841
10840,21193842601
10841,20562705784
10842,20562719904
10843,20564266153
10844,20564273353
10845,20564274583
10846,20564278673
10847,20564280273
10848,20564288783
10849,20997271480
10850,20997289550
10851,20997473498
10852,20997480368
10853,20997484308
10854,20997499418
10855,21159165946
10856,21159168406
10857,21159171116
10858,21159180226
10859,21159185616
10860,21175087742
10861,21175089052
10862,21185411065
10863,20562285014
10864,20562286504
10865,20562300234
10866,20562328074
10867,20563778073
10868,20563845493
10869,20996781080
10870,20996785030
10871,20996786110
10872,20996792490
10873,20996851880
10874,20996993228
10875,20996994508
10876,20997061828
10877,20997094598
10878,21158743276
10879,21158746156
10880,21174601502
10881,21174602812
10882,21174609232
10883,21174611962
10884,21174675742
10885,21174680712
10886,20561890344
10887,20561938824
10888,20563444293
10889,20996470090
10890,20996501680
10891,20996676088
10892,20996702378
10893,20997746549
10894,20997796519
10895,20997800829
10896,21158324846
10897,21158351866
10898,21158380896
10899,21174270972
10900,21184580145
10901,21184585025
10902,21184586545
10903,21184588115
10904,21184612035
10905,21184642725
10906,21192403531
10907,21192408821
10908,20561462174
10909,20561463414
10910,20562909513
10911,20562911993
10912,20563017993
10913,20563019373
10914,20995878800
10915,20995957470
10916,20996127878
10917,20997258999
10918,21157806696
10919,21157832846
10920,21157835296
10921,21173700932
10922,21173739112
10923,21173747052
10924,21173750592
10925,21173845172
10926,21184060975
10927,21184096215
10928,21191840391
10929,21191878231
10930,21191881761
10931,21191889891
10932,20560864664
10933,20560868794
10934,20560871114
10935,20560886384
10936,20562446483
10937,20995432090
10938,20995439490
10939,20995444320
10940,20995645548
10941,20995646908
10942,20995648168
10943,20995652028
10944,20996742319
10945,20996756759
10946,20996818149
10947,21157315026
10948,21157321396
10949,21157389746
10950,21173253642
10951,21173257762
10952,21173278962
10953,21173340312
10954,21191391791
10955,21191395911
10956,21191409351
10957,20560387834
10958,20560393884
10959,20560427184
10960,20560430504
10961,20560453904
10962,20561962243
10963,20561996433
10964,20994957670
10965,20995190698
10966,20995235998
10967,20996267999
10968,20996296529
10969,20996320179
10970,21156829686
10971,21156832816
10972,21156864606
10973,21156875066
10974,21172794252
10975,21183122385
10976,21183127015
10977,21183131555
10978,21183152715
10979,21183154465
10980,21190921121
10981,21190953011
10982,20560248344
10983,20561794813
10984,20561801113
10985,20994787110
10986,20994797880
10987,20994804040
10988,20995018228
10989,20995027828
10990,20995034978
10991,20995039628
10992,20996099019
10993,20996120769
10994,20996126199
10995,20996138229
10996,21156670566
10997,21156672156
10998,21172664682
10999,21182927475
11000,21182933395
11001,21182938095
11002,21182939625
11003,21182945495
11004,21182946945
11005,21190770821
11006,21190775211
11007,20559802754
11008,20561376333
11009,20561443003
11010,20561444263
11011,20561447553
11012,20994372040
11013,20994579208
11014,20994589998
11015,20994656288
11016,20995677429
11017,20995686299
11018,20995687479
11019,20995693659
11020,20995747129
11021,20995748289
11022,20995749489
11023,20995758129
11024,21156252296
11025,21172213782
11026,21172281392
11027,21182505395
11028,21182519905
11029,21182522125
11030,20559379764
11031,20559429824
11032,20559433904
11033,20560943843
11034,20560948333
11035,20560950813
11036,20993935630
11037,20993949740
11038,20994146258
11039,20994149948
11040,20995251399
11041,20995302949
11042,21155823476
11043,21155838516
11044,21155840836
11045,21155841846
11046,21155877826
11047,21155881636
11048,21171781542
11049,21171834482
11050,21182106105
11051,21189898001
11052,21189900881
11053,20559068454
11054,20559070744
11055,20559074114
11056,20559105404
11057,20559107794
11058,20560630793
11059,20560634393
11060,20560642513
11061,20560671853
11062,20993625070
11063,20993844238
11064,20993885088
11065,20994931899
11066,20994937899
11067,21155557386
11068,21155593986
11069,21155595046
11070,21171465172
11071,21171470492
11072,21171509332
11073,21171511602
11074,21181818975
11075,21189590911
11076,21189630911
11077,20558944724
11078,20558949294
11079,20558958374
11080,20558972344
11081,20560514123
11082,20560515353
11083,20560542143
11084,20993509580
11085,20993513130
11086,20993524660
11087,20993531060
11088,20993724598
11089,20994826079
11090,20994841219
11091,21155393686
11092,21155398836
11093,21155402536
11094,21155408056
11095,21155409236
11096,21171350032
11097,21181678185
11098,21189476451
11099,21189482711
11100,21189487061
11101,21189493141
11102,20558553294
11103,20558632134
11104,20560117273
11105,20560193753
11106,20560200493
11107,20560202833
11108,20993109310
11109,20993120100
11110,20993121250
11111,20993122470
11112,20993197380
11113,20993315048
11114,20993325448
11115,20994498379
11116,21154994226
11117,21154997326
11118,21154998576
11119,21155001346
11120,21155068606
11121,21155075556
11122,21170966842
11123,21171036962
11124,21181337925
11125,21189068681
11126,21189159271
11127,20558327424
11128,20558346754
11129,20559892293
11130,20559900003
11131,20559903323
11132,20559913063
11133,20992883520
11134,20992893410
11135,20992896880
11136,20993099378
11137,20994204149
11138,21154760536
11139,21154761636
11140,21154778446
11141,21154783886
11142,21170733182
11143,21170741452
11144,21181030535
11145,21181040345
11146,21181041465
11147,21181053645
11148,21188843701
11149,21188850041
11150,21188851091
11151,21188870251
11152,20559269843
11153,20559278453
11154,20992241850
11155,20992247240
11156,20992268980
11157,20992449998
11158,20992459308
11159,20992475988
11160,20993545319
11161,20993552389
11162,20993556339
11163,20993568589
11164,20993569919
11165,20993571099
11166,20993572519
11167,21154127826
11168,21154151806
11169,21170087402
11170,21170106312
11171,21180403325
11172,21180406925
11173,21180423975
11174,21188204751
11175,20557160004
11176,20557168704
11177,20557183164
11178,20558732313
11179,20558750233
11180,20991729710
11181,20991732480
11182,20991738500
11183,20991936588
11184,20991939098
11185,20993020299
11186,20993027009
11187,20993039049
11188,20993051489
11189,20993052559
11190,21153596486
11191,21153619836
11192,21169571772
11193,21169577342
11194,21169590962
11195,21169592302
11196,21179882685
11197,21187684741
11198,21187686271
11199,21187704251
11200,20556687894
11201,20556693674
11202,20558236843
11203,20991232080
11204,20991239520
11205,20991250090
11206,20991433668
11207,20991436028
11208,20991438468
11209,20992537219
11210,20992547859
11211,20992553479
11212,20992554629
11213,20992556739
11214,20992559099
11215,21153107776
11216,21153121376
11217,21153123716
11218,21153125256
11219,21169074312
11220,21169081022
11221,21179376265
11222,21179379195
11223,21187210791
11224,21187220491
11225,20556445324
11226,20556449844
11227,20556465454
11228,20558003193
11229,20558017103
11230,20558019433
11231,20558022043
11232,20990993010
11233,20990998610
11234,20991007260
11235,20991013960
11236,20991020400
11237,20991191188
11238,20991196518
11239,20991213098
11240,20991218388
11241,20992301749
11242,20992305569
11243,21152884016
11244,21152888866
11245,21152892356
11246,21152901706
11247,21168842302
11248,21168854182
11249,20556300804
11250,20556307174
11251,20556319594
11252,20556320984
11253,20557862563
11254,20557875093
11255,20557877413
11256,20557881063
11257,20557884513
11258,20990865680
11259,20990867200
11260,20991078038
11261,20991080818
11262,20991081768
11263,20992168849
11264,20992172679
11265,20992194919
11266,21152750856
11267,21152768636
11268,21179010305
11269,21179021375
11270,21186822381
11271,21186826221
11272,21186837851
11273,21186850271
11274,20556159544
11275,20556168444
11276,20556179474
11277,20556191954
11278,20557728623
11279,20990716250
11280,20990920158
11281,20990924538
11282,20990949538
11283,20990950838
11284,20990954858
11285,20992050859
11286,21152594426
11287,21152598296
11288,21152636476
11289,21152637936
11290,21168599292
11291,21178871075
11292,21178899365
11293,21178901885
11294,21186679991
11295,21186683761
11296,21186705271
11297,21186708211
11298,20556016414
11299,20556022254
11300,20556037234
11301,20556040434
11302,20556055054
11303,20556057224
11304,20557598043
11305,20557602563
11306,20557607563
11307,20990599920
11308,20990608200
11309,20990765318
11310,20991877239
11311,20991883219
11312,20991901519
11313,20991902629
11314,20991906359
11315,21152459476
11316,21152471336
11317,21152486076
11318,21168424432
11319,21168442172
11320,21178727635
11321,20555880384
11322,20555883154
11323,20555902354
11324,20557430873
11325,20557433713
11326,20557444003
11327,20990427470
11328,20990438920
11329,20990620418
11330,20990643658
11331,20990650458
11332,20991728979
11333,21152313786
11334,21168276722
11335,21168283132
11336,21168288882
11337,21168292942
11338,21168295852
11339,21168297262
11340,21168300722
11341,21178587555
11342,21186406671
11343,21186414171
11344,21186416661
11345,20555763804
11346,20557300423
11347,20990286140
11348,20990287690
11349,20990295240
11350,20990298030
11351,20990309050
11352,20990310360
11353,20990488388
11354,20990511778
11355,20991597099
11356,20991598319
11357,20991617389
11358,21152188386
11359,21168152362
11360,21178449155
11361,21178450295
11362,21178452065
11363,21178453505
11364,21178454845
11365,21178456095
11366,21178465745
11367,21186251431
11368,21186283081
11369,21186284681
11370,20555599894
11371,20555619884
11372,20555628154
11373,20555629264
11374,20557162543
11375,20557180453
11376,20557183043
11377,20990156400
11378,20990157630
11379,20990160150
11380,20990163080
11381,20990169780
11382,20990172800
11383,20990349938
11384,20991456009
11385,21152037336
11386,21152045986
11387,21152053856
11388,21152056576
11389,21168005492
11390,21168006832
11391,21168014812
11392,21168019242
11393,21178312965
11394,20554849284
11395,20554865294
11396,20556427003
11397,20989410130
11398,20989412600
11399,20989431290
11400,20989597848
11401,20989599388
11402,20989602338
11403,20989608788
11404,20989624508
11405,20990703519
11406,20990712939
11407,21151289226
11408,21151301166
11409,21167267892
11410,21167273622
11411,21177541525
11412,21177543335
11413,21177555875
11414,21185373331
11415,21185374681
11416,21185378721
11417,21185381541
11418,21185385741
11419,20554718364
11420,20554737224
11421,20554740354
11422,20554741604
11423,20556275773
11424,20556280873
11425,20556281983
11426,20989278340
11427,20989463538
11428,20989468918
11429,20989486808
11430,20990568099
11431,20990585489
11432,20990589529
11433,20990598059
11434,21151142376
11435,21151152126
11436,21151163856
11437,21167137152
11438,21177413585
11439,21177422105
11440,21185224771
11441,21185236741
11442,20554590464
11443,20554593394
11444,20554596434
11445,20556138853
11446,20556148383
11447,20556161443
11448,20989158920
11449,20989163720
11450,20989165080
11451,20989329618
11452,20989351838
11453,20990466869
11454,21151007466
11455,21151015696
11456,21151028006
11457,21151032306
11458,21166991122
11459,21167003762
11460,21177274965
11461,21177276365
11462,21177281105
11463,21177289855
11464,21177294715
11465,20554457754
11466,20554458984
11467,20556019443
11468,20989006810
11469,20989021690
11470,20989195978
11471,20989200568
11472,20989206018
11473,20989209798
11474,20989219908
11475,20989223968
11476,21150876446
11477,21150879606
11478,21150903966
11479,21166852222
11480,21166871182
11481,21177141105
11482,21177148415
11483,21177158755
11484,21177160365
11485,21177169595
11486,21184950051
11487,20554320214
11488,20555882573
11489,20555891183
11490,20989060418
11491,20990182969
11492,20990184539
11493,20990194709
11494,21150739156
11495,21150742956
11496,21150759866
11497,21150761836
11498,21166725292
11499,21166728562
11500,21166729712
11501,21166731102
11502,21166734032
11503,21166743822
11504,21166745062
11505,21177002675
11506,21177030615
11507,21184817251
11508,21184820021
11509,21184821541
11510,21184845861
11511,21184847061
11512,20554182814
11513,20554183864
11514,20555729353
11515,20555750423
11516,20988726900
11517,20988742250
11518,20988743590
11519,20988755000
11520,20988919628
11521,20988942458
11522,20988948218
11523,20990027199
11524,20990043549
11525,20990056519
11526,21150613596
11527,21166609822
11528,21176867435
11529,21176868755
11530,21176871285
11531,21184681571
11532,21184684481
11533,21184689561
11534,21184695381
11535,21184699681
11536,20554041784
11537,20554047384
11538,20554055344
11539,20555589373
11540,20555607613
11541,20988590330
11542,20988591770
11543,20988594560
11544,20989893549
11545,20989915929
11546,20989917179
11547,20989920579
11548,21150475296
11549,21150483996
11550,21150486676
11551,21166453272
11552,21166454422
11553,21166462022
11554,21166468222
11555,21176749685
11556,21184546431
11557,21184552921
11558,21184554391
11559,20553905974
11560,20553911864
11561,20553916064
11562,20553920134
11563,20555460333
11564,20988453380
11565,20988454960
11566,20988470380
11567,20988644478
11568,20988651358
11569,20988655988
11570,20988670768
11571,20988675028
11572,20988677278
11573,20989770789
11574,20989776429
11575,21150325516
11576,21150334106
11577,21166303312
11578,21166319622
11579,21176593835
11580,21176611305
11581,21176618175
11582,21184414301
11583,21184425331
11584,20553762364
11585,20553768614
11586,20553781184
11587,20553782684
11588,20553783954
11589,20553788274
11590,20554561623
11591,20554565503
11592,20555311673
11593,20555315573
11594,20555317983
11595,20987563360
11596,20988321900
11597,20988511088
11598,20988517498
11599,20988523008
11600,20988531408
11601,20988534178
11602,20989612389
11603,21166179142
11604,21166183382
11605,21166189472
11606,21183507701
11607,21184271301
11608,20552753824
11609,20552805634
11610,20554289563
11611,20554292853
11612,20554348573
11613,20987295970
11614,20987358410
11615,20987495248
11616,20987545068
11617,20988653999
11618,21149179566
11619,21149183716
11620,21149229576
11621,21165145972
11622,21165162422
11623,21165163942
11624,21165208172
11625,21165215352
11626,21165216762
11627,21165217812
11628,21175421085
11629,21175423985
11630,21175431035
11631,21175482275
11632,20554026793
11633,20554035823
11634,20554050103
11635,20554056343
11636,20554057913
11637,20987027760
11638,20987033460
11639,20987039250
11640,20987041020
11641,20987042490
11642,20987043990
11643,20987047340
11644,20987050930
11645,20987220558
11646,20987252358
11647,20988331669
11648,20988351579
11649,20988357539
11650,21148907766
11651,21164910412
11652,21175155975
11653,21175160345
11654,21175164965
11655,21175180415
11656,21182986531
11657,20552215534
11658,20552230454
11659,20553755023
11660,20553769533
11661,20986757230
11662,20986942768
11663,20986970618
11664,20988053939
11665,20988067069
11666,20988080759
11667,21148640626
11668,21148656336
11669,21164606272
11670,21164617722
11671,21164627032
11672,21164631892
11673,21164633402
11674,21174885735
11675,21174887665
11676,21182690821
11677,21182694081
11678,21182705591
11679,21182710081
11680,21182713281
11681,21182727761
11682,20551813604
11683,20553357713
11684,20553483063
11685,20553486013
11686,20553493983
11687,20986368920
11688,20986493680
11689,20986558918
11690,20986688978
11691,20986697118
11692,20987670789
11693,20987784469
11694,21148237196
11695,21148239156
11696,21148248566
11697,21148365976
11698,21148372106
11699,21164210302
11700,21164340892
11701,21164351982
11702,21164358072
11703,21174502745
11704,21174633625
11705,21182299051
11706,20551529964
11707,20551534664
11708,20551537944
11709,20551541034
11710,20551542594
11711,20553061333
11712,20553069183
11713,20553071163
11714,20553093303
11715,20553099223
11716,20986070390
11717,20986092970
11718,20986094430
11719,20986097980
11720,20986276828
11721,20987366729
11722,20987369669
11723,21147967166
11724,21147974786
11725,21147982336
11726,21163933302
11727,21163955082
11728,21174205845
11729,20551236394
11730,20551239414
11731,20551265964
11732,20985798450
11733,20985806730
11734,20985819450
11735,20985823050
11736,20985997058
11737,20985998658
11738,20986008598
11739,20986021338
11740,20987097449
11741,20987109949
11742,20987122999
11743,21147667726
11744,21147685276
11745,21147693506
11746,21147701596
11747,21163653872
11748,21173923915
11749,21173925835
11750,21181735771
11751,21181748771
11752,20550951424
11753,20550982054
11754,20552511763
11755,20552515163
11756,20985501370
11757,20985538190
11758,20985701058
11759,20985709738
11760,20985713058
11761,20986804589
11762,20986806409
11763,21147404696
11764,21147406046
11765,21147409436
11766,21147412606
11767,21163358562
11768,21163371642
11769,21163376372
11770,21163381632
11771,21173638825
11772,21173645815
11773,21173654195
11774,21173667465
11775,21173669115
11776,20550726574
11777,20550732954
11778,20550742634
11779,20552263403
11780,20552268293
11781,20552276863
11782,20985276210
11783,20985288240
11784,20985462968
11785,20985465958
11786,20986558909
11787,21147150556
11788,21147171786
11789,21163145902
11790,21173396325
11791,21173398035
11792,21173399655
11793,21173403735
11794,21173413625
11795,21173418765
11796,21181212581
11797,21181219111
11798,21181233161
11799,20550448584
11800,20551958723
11801,20551968123
11802,20551985433
11803,20984966910
11804,20984971220
11805,20984978690
11806,20984993600
11807,20984996810
11808,20984998210
11809,20985187058
11810,20985189978
11811,20986270579
11812,20986273509
11813,21146848366
11814,21146849976
11815,21146870386
11816,21146881596
11817,21162841902
11818,21162847062
11819,21173114855
11820,21173126765
11821,21180919651
11822,21180922501
11823,20550093564
11824,20551628323
11825,20551638013
11826,20984634940
11827,20984637890
11828,20984639570
11829,20984663640
11830,20984849178
11831,20984857118
11832,20984858588
11833,20984871178
11834,20985946889
11835,20985948279
11836,20985957689
11837,21146546026
11838,21162485642
11839,21162495152
11840,21162498162
11841,21162503092
11842,21162507752
11843,21172791495
11844,21180572511
11845,21180598301
11846,20549825484
11847,20549830414
11848,20549832014
11849,20551354973
11850,20551356643
11851,20551364903
11852,20984348880
11853,20984352820
11854,20984357400
11855,20984360780
11856,20984367590
11857,20984369440
11858,20984386060
11859,20984577138
11860,20985672299
11861,21146234916
11862,21146262796
11863,21162202812
11864,21162223082
11865,21162226262
11866,21172493785
11867,21172515515
11868,21180289641
11869,20551041843
11870,20551056853
11871,20551065093
11872,20551070583
11873,20984072390
11874,20984247238
11875,20984266668
11876,20985346849
11877,20985350429
11878,20985357579
11879,20985366979
11880,21145926766
11881,21145928606
11882,21145946476
11883,21145956226
11884,21161914542
11885,21161934752
11886,21172178865
11887,21172185405
11888,21179983991
11889,21179994161
11890,21180005061
11891,21180017501
11892,21180020811
11893,20549227594
11894,20549234904
11895,20549236634
11896,20549252144
11897,20550768103
11898,20550776673
11899,20550790513
11900,20550793933
11901,20550802343
11902,20983788570
11903,20983982458
11904,20983998968
11905,21145651646
11906,21145656136
11907,21161621112
11908,21161638222
11909,21161653292
11910,21161656692
11911,21171906235
11912,21179702611
11913,21179706021
11914,21179723441
11915,20548921204
11916,20548931004
11917,20550447143
11918,20550454083
11919,20550485413
11920,20983477080
11921,20983487750
11922,20983664398
11923,20983669538
11924,20983695578
11925,20984753519
11926,20984756199
11927,20984785829
11928,21145345066
11929,21161322712
11930,21171577245
11931,21171580835
11932,21171607745
11933,21179388241
11934,21179405811
11935,21179407801
11936,21179409671
11937,20548224224
11938,20549757613
11939,20549773153
11940,20549807423
11941,20982769050
11942,20982773010
11943,20982779410
11944,20982784990
11945,20982786170
11946,20982816650
11947,20984060139
11948,20984074769
11949,20984080029
11950,21144658736
11951,21144661516
11952,21144666516
11953,21144702816
11954,21160622792
11955,21170884445
11956,21170894445
11957,21170943085
11958,21178701931
11959,21178704171
11960,20547824474
11961,20547838244
11962,20549210853
11963,20549386583
11964,20982369340
11965,20982376920
11966,20982580118
11967,20982591158
11968,20982600028
11969,20982609278
11970,20983670979
11971,20983672419
11972,20983698169
11973,21144265066
11974,21144269496
11975,21160220152
11976,21160230632
11977,21160238612
11978,21160241952
11979,21160249022
11980,21160251082
11981,21170495345
11982,21178300481
11983,21178320231
11984,21178328051
11985,20547150544
11986,20547162664
11987,20548700303
11988,20548702233
11989,20548705763
11990,20548714123
11991,20548720833
11992,20548764583
11993,20548767193
11994,20548768643
11995,20548770173
11996,20981728280
11997,20981767890
11998,20981769150
11999,20981771540
12000,20981971708
12001,20983016599
12002,21143594946
12003,21143599396
12004,21143648066
12005,21143658286
12006,21169843815
12007,20546709164
12008,20546872524
12009,20548421553
12010,20548434263
12011,20548436733
12012,20548440763
12013,20981263590
12014,20981267760
12015,20981426930
12016,20981471008
12017,20981473418
12018,20981477168
12019,20981658338
12020,20982555049
12021,20982725909
12022,20982727619
12023,20982733289
12024,20982737019
12025,21143314416
12026,21143325996
12027,21143330006
12028,21143331836
12029,21159285782
12030,21177191091
12031,21177368571
12032,20546267014
12033,20546274524
12034,20546319324
12035,20547863503
12036,20547865263
12037,20980811800
12038,20980818000
12039,20981024768
12040,20981027138
12041,20982110059
12042,21142709426
12043,21142712486
12044,21142758526
12045,21142760006
12046,21158665442
12047,21158666582
12048,21158672542
12049,21158679452
12050,21158723992
12051,21158725172
12052,21168986085
12053,21176745621
12054,21176757331
12055,21176758511
12056,21176797091
12057,20545891504
12058,20545906624
12059,20545908124
12060,20547461773
12061,20980451120
12062,20980526900
12063,20980530830
12064,20980663458
12065,20980732908
12066,20981738319
12067,20981741139
12068,20981742239
12069,20981747769
12070,20981750789
12071,20981752279
12072,20981832509
12073,21142337466
12074,21142423716
12075,21158307682
12076,21158310552
12077,21158322652
12078,21158324262
12079,20545499544
12080,20545585954
12081,20547062053
12082,20547073773
12083,20980053610
12084,20980056200
12085,20980062190
12086,20980071030
12087,20980275918
12088,20980282938
12089,20980344258
12090,20980347288
12091,20981362869
12092,20981372549
12093,21141936256
12094,21141956356
12095,21157907062
12096,21157917272
12097,21157927092
12098,21168174795
12099,21168186565
12100,21175985811
12101,21175987241
12102,21175993781
12103,21176007191
12104,20544837244
12105,20544838344
12106,20544938084
12107,20544939594
12108,20544946244
12109,20546381273
12110,20546385833
12111,20546488753
12112,20546491633
12113,20546496893
12114,20979384760
12115,20979392510
12116,20979486370
12117,20980676349
12118,20980690519
12119,21141260916
12120,21141377256
12121,21141383636
12122,21157193612
12123,21157356442
12124,21167458065
12125,21167504875
12126,21167509105
12127,21167618485
12128,21175325491
12129,20544181234
12130,20545737733
12131,20545740963
12132,20545822543
12133,20978817010
12134,20979007098
12135,20979014888
12136,20980091049
12137,20980102139
12138,21140365916
12139,21140684296
12140,21156586632
12141,21156588732
12142,21156669902
12143,21156671182
12144,21166606145
12145,21166607815
12146,21166609515
12147,21166855495
12148,21166924955
12149,21166928245
12150,21166932135
12151,21166939405
12152,21166943915
12153,21174730901
12154,20543514484
12155,20543602234
12156,20543615434
12157,20543618894
12158,20978058400
12159,20978065340
12160,20978147860
12161,20978152860
12162,20978155460
12163,20978167780
12164,20978170660
12165,20978272928
12166,20978368148
12167,20979452829
12168,21139943106
12169,21140031336
12170,21140044346
12171,21140045976
12172,21140049326
12173,21155910962
12174,21155915352
12175,21156009792
12176,21156013002
12177,21156030752
12178,21174080191
12179,20543042304
12180,20543125404
12181,20544596833
12182,20977687350
12183,20977886128
12184,20977889838
12185,20977899738
12186,20978880439
12187,20978885689
12188,20978890179
12189,20978892749
12190,21139473296
12191,21139554706
12192,21139566996
12193,21155446142
12194,21155449262
12195,21155452252
12196,21155528472
12197,21155550472
12198,21165800275
12199,21165803975
12200,21165817995
12201,20542788294
12202,20542806784
12203,20542821794
12204,20544346443
12205,20544370713
12206,20544393113
12207,20977382630
12208,20977392670
12209,20977564178
12210,20978631599
12211,20978666609
12212,20978679159
12213,21139222546
12214,21139233036
12215,21139255986
12216,21139268496
12217,21155200652
12218,21155210232
12219,21155211992
12220,21155214612
12221,21165493045
12222,21165495315
12223,21165511005
12224,21165524205
12225,21173279281
12226,20543460843
12227,20543472403
12228,20543482183
12229,20976676948
12230,20976684778
12231,20976910658
12232,20976917648
12233,20977753559
12234,20977761209
12235,20977769629
12236,20977771729
12237,21138342926
12238,21138352946
12239,21138354676
12240,21138360306
12241,21138589866
12242,21138595276
12243,21154318412
12244,21154571612
12245,21164843065
12246,21172389941
12247,21172391941
12248,21172403711
12249,21172411691
12250,20541108974
12251,20541750944
12252,20541753714
12253,20975659550
12254,20975671900
12255,20975873708
12256,20976317630
12257,20976954559
12258,20977603789
12259,20977606509
12260,21137540476
12261,21137542416
12262,21137557706
12263,21137565866
12264,21153534992
12265,21153541032
12266,21154171812
12267,21163781475
12268,21163788055
12269,21163796625
12270,21163813135
12271,21164445475
12272,21164448715
12273,21171585721
12274,21171609541
12275,20542288043
12276,20542297193
12277,20542314293
12278,20975304630
12279,20975485198
12280,20975493748
12281,20975503148
12282,20975510178
12283,20975524538
12284,20976573169
12285,20976574909
12286,20976576869
12287,20976608829
12288,21137162166
12289,21137164196
12290,21137180726
12291,21137189656
12292,21153149172
12293,21163424525
12294,21163426255
12295,21163432165
12296,21171213851
12297,21171230881
12298,21171235831
12299,21171238961
12300,20540262704
12301,20542123133
12302,20542129523
12303,20974800150
12304,20974818250
12305,20975017778
12306,20975026088
12307,20975035458
12308,20975113680
12309,20975117300
12310,20975120770
12311,20975339358
12312,20976107829
12313,20976111229
12314,20976112989
12315,20976120989
12316,21136700256
12317,21137010176
12318,21137017156
12319,21152683482
12320,21152989692
12321,21152991062
12322,21170745791
12323,21171056591
12324,20540026994
12325,20540029914
12326,20540035914
12327,20541571763
12328,20541603923
12329,20974566740
12330,20974569410
12331,20974572640
12332,20974575210
12333,20974576510
12334,20974779188
12335,20974796778
12336,20974798278
12337,20975865049
12338,20975872679
12339,20975878869
12340,20975890209
12341,20975894909
12342,21136466596
12343,21136487416
12344,21162700425
12345,21162701775
12346,21162718205
12347,21170523221
12348,20539761254
12349,20539766354
12350,20541317843
12351,20541319413
12352,20541327733
12353,20974306530
12354,20974326680
12355,20974334470
12356,20974337730
12357,20974528418
12358,20974538108
12359,20974547178
12360,20975620169
12361,20975624439
12362,20975633409
12363,20975639869
12364,21136215466
12365,21136220226
12366,21136231016
12367,21136237066
12368,21152179922
12369,21152190452
12370,21152199852
12371,20539517704
12372,20539532404
12373,20539533834
12374,20539539054
12375,20541086953
12376,20541088593
12377,20541103073
12378,20541104733
12379,20974060360
12380,20974066470
12381,20974301598
12382,20974305858
12383,20975374009
12384,20975379929
12385,20975402189
12386,21135967156
12387,21135970476
12388,21135984876
12389,21151968292
12390,21151969672
12391,21162197445
12392,21162219205
12393,21170001731
12394,21170012671
12395,20539209994
12396,20539221724
12397,20540760373
12398,20540779333
12399,20540783793
12400,20973750340
12401,20973751850
12402,20973973018
12403,20973979458
12404,20973991498
12405,20975057589
12406,20975079509
12407,20975088799
12408,21135650076
12409,21135656786
12410,21135660056
12411,21135671576
12412,21135678876
12413,21151640482
12414,21151647912
12415,21161897425
12416,21161919195
12417,21169688551
12418,21169689631
12419,20538888644
12420,20540421503
12421,20540429903
12422,20973412420
12423,20973427310
12424,20973436950
12425,20973621798
12426,20973628528
12427,20973640248
12428,20973652008
12429,20974717029
12430,20974719479
12431,20974742519
12432,20974745519
12433,21135322846
12434,21135329886
12435,21151298382
12436,21151304572
12437,21161540375
12438,21161546445
12439,21161555435
12440,21169347951
12441,21169349331
12442,21169357181
12443,21169365081
12444,20538752204
12445,20540293483
12446,20540298893
12447,20540309503
12448,20973293430
12449,20973300090
12450,20973504618
12451,20973508988
12452,20973515278
12453,20974599949
12454,20974616559
12455,21135179936
12456,21135194316
12457,21135200536
12458,21135206056
12459,21151153632
12460,21151160112
12461,21151162702
12462,21151169942
12463,21161427755
12464,21169208201
12465,21169209351
12466,21169214291
12467,20538605924
12468,20538608324
12469,20538609524
12470,20538615274
12471,20538619284
12472,20538620524
12473,20538621794
12474,20538633114
12475,20973146730
12476,20973156240
12477,20973384648
12478,20973391428
12479,20973393978
12480,20974480159
12481,21135046316
12482,21135047276
12483,21135050706
12484,21135060376
12485,21135061506
12486,21135074186
12487,21151048932
12488,21151050982
12489,21161290785
12490,20537995004
12491,20539533793
12492,20539540633
12493,20539544523
12494,20539546853
12495,20539553783
12496,20972505780
12497,20972508560
12498,20972511300
12499,20972533320
12500,20972537370
12501,20972734978
12502,20972746478
12503,20973820469
12504,20973822959
12505,20973825789
12506,20973844629
12507,21134418036
12508,21134428526
12509,21150400302
12510,21150405762
12511,21150418972
12512,21160658295
12513,21160659795
12514,21160671445
12515,20537851904
12516,20537857614
12517,20537862334
12518,20537863494
12519,20537870474
12520,20539397043
12521,20539398283
12522,20539401933
12523,20539403153
12524,20972380010
12525,20972391180
12526,20972403420
12527,20972600328
12528,20972606808
12529,20972616308
12530,20972621718
12531,20973721349
12532,21134287156
12533,21134304156
12534,21150274332
12535,21150287772
12536,21160531835
12537,20537721634
12538,20537733464
12539,20539267723
12540,20539282403
12541,20539297313
12542,20972248220
12543,20972259940
12544,20972271610
12545,20972274500
12546,20972466618
12547,20972494688
12548,20973566879
12549,21134156366
12550,21134160196
12551,21134161486
12552,21150149562
12553,21150152062
12554,21150155882
12555,21150164172
12556,21160390135
12557,21160409875
12558,21168182511
12559,21168187861
12560,21168197151
12561,20537585054
12562,20537605074
12563,20537611474
12564,20539149393
12565,20972125040
12566,20972126190
12567,20972147660
12568,20972353418
12569,20972362458
12570,20972365098
12571,20973445209
12572,20973449279
12573,21134023706
12574,21134036986
12575,21150009292
12576,21150018412
12577,21150026682
12578,21160252885
12579,21160259415
12580,21160274825
12581,21168051021
12582,21168059711
12583,21168068691
12584,21168074971
12585,20537475944
12586,20537476944
12587,20539009913
12588,20971998380
12589,20972001110
12590,20972007710
12591,20972222088
12592,20972231468
12593,20973317709
12594,20973332699
12595,21133898566
12596,21149878602
12597,21149879822
12598,21149883882
12599,21149889242
12600,21149895942
12601,21149903652
12602,21149904702
12603,21149906062
12604,21149907482
12605,21160140265
12606,21160142875
12607,21160150825
12608,21167922621
12609,21167939981
12610,20537328304
12611,20537343014
12612,20537349034
12613,20537350244
12614,20537355324
12615,20538889253
12616,20538891893
12617,20538894363
12618,20538901583
12619,20971869120
12620,20971873930
12621,20971881670
12622,20972080778
12623,21133768776
12624,21133780446
12625,21149754872
12626,21149767812
12627,21149780042
12628,21160008725
12629,21160013735
12630,21160025265
12631,21160026485
12632,21160027795
12633,21167796321
12634,21167816461
12635,20537211274
12636,20537219964
12637,20538773233
12638,20538780903
12639,20971741520
12640,20971742710
12641,20971745100
12642,20971748950
12643,20971751670
12644,20971756950
12645,20971980548
12646,20973054159
12647,20973055329
12648,20973057829
12649,20973082079
12650,20973083409
12651,21133648266
12652,21133656146
12653,21149625202
12654,21149626412
12655,21149629872
12656,21149643882
12657,20537083474
12658,20538643913
12659,20538652243
12660,20538656253
12661,20538658603
12662,20971613310
12663,20971614450
12664,20971623030
12665,20971625590
12666,20971830918
12667,20971836608
12668,20971839158
12669,20971848788
12670,20971850088
12671,21133513636
12672,21133527766
12673,21133531316
12674,21133536316
12675,21159756135
12676,21159774795
12677,21167547381
12678,21167553261
12679,21167557941
12680,21167567291
12681,20536951744
12682,20536952884
12683,20536957854
12684,20536980564
12685,20538510513
12686,20538527283
12687,20538528573
12688,20538529613
12689,20971498450
12690,20971713948
12691,20971717698
12692,20971719968
12693,20972817449
12694,21133403296
12695,21133404516
12696,21133414276
12697,21149393682
12698,21149401742
12699,21149402962
12700,21159624935
12701,21159636135
12702,21159640165
12703,21159642605
12704,20536832924
12705,20536838744
12706,20536840014
12707,20536843614
12708,20536847024
12709,20536850774
12710,20538385153
12711,20538386353
12712,20971371780
12713,20971377920
12714,20971389320
12715,20971602368
12716,20972686939
12717,20972690349
12718,20972693859
12719,20972708299
12720,21133295806
12721,21149267192
12722,21149276172
12723,21149278432
12724,21159503355
12725,21159506665
12726,21159513435
12727,21167322241
12728,20536704574
12729,20536721164
12730,20536725984
12731,20536731064
12732,20538267603
12733,20538283203
12734,20971238100
12735,20971242100
12736,20971263260
12737,20971470538
12738,20971474428
12739,20971475828
12740,20971478718
12741,20972559229
12742,20972571579
12743,20972589899
12744,21133149836
12745,21149152582
12746,21159376835
12747,21159390035
12748,21159393965
12749,21159395125
12750,20536585884
12751,20536593104
12752,20536596094
12753,20538141153
12754,20538160433
12755,20538165233
12756,20971113080
12757,20971114470
12758,20971127290
12759,20971136880
12760,20971341488
12761,20971344038
12762,20971362688
12763,20971366118
12764,20972444169
12765,20972454999
12766,20972457379
12767,21133030416
12768,21133032806
12769,21149002962
12770,21149023932
12771,21149029982
12772,21159259335
12773,21167071261
12774,20536458034
12775,20536480504
12776,20538034803
12777,20538039173
12778,20971209808
12779,20971216078
12780,20971226368
12781,20971231558
12782,20972318889
12783,20972325339
12784,21132911926
12785,21148879912
12786,21148884162
12787,21148889462
12788,21148890572
12789,21148898242
12790,21148899482
12791,21148908452
12792,21159122405
12793,21159125765
12794,21159130265
12795,21159136685
12796,21159151565
12797,21166939241
12798,20536337554
12799,20536344544
12800,20536351704
12801,20536354004
12802,20536356454
12803,20537886143
12804,20537914653
12805,20970873150
12806,20971088978
12807,20971099578
12808,20971101618
12809,20971103738
12810,20972190859
12811,20972191979
12812,20972206389
12813,21132780316
12814,21132795966
12815,21148755892
12816,21148777222
12817,21159007015
12818,21159011765
12819,21159017385
12820,21166810731
12821,20536214344
12822,20537769803
12823,20537773203
12824,20537779143
12825,20970741100
12826,20970744600
12827,20970748410
12828,20970749710
12829,20970767600
12830,20970768710
12831,20970986688
12832,20970989898
12833,20970991228
12834,20972075919
12835,20972081959
12836,21132661226
12837,21132672776
12838,21132673946
12839,21132679926
12840,21148651382
12841,21158883545
12842,21158895005
12843,21158897765
12844,21158901115
12845,20536090834
12846,20537661263
12847,20537662403
12848,20537677453
12849,20970852098
12850,20970855688
12851,20971968809
12852,21132541706
12853,21132552976
12854,21132560026
12855,21148516802
12856,21148521292
12857,21148524972
12858,21148529532
12859,21148530602
12860,21148531502
12861,21148532562
12862,21148533622
12863,21158768315
12864,21158773935
12865,21158785175
12866,21158787665
12867,21158788965
12868,21166565821
12869,21166587361
12870,20535968394
12871,20535969904
12872,20535977084
12873,20535979524
12874,20537531273
12875,20537547203
12876,20537549953
12877,20537553873
12878,20970509160
12879,20970512700
12880,20970516110
12881,20970517100
12882,20970525890
12883,20970746368
12884,20970749218
12885,20970750368
12886,20971830589
12887,20971831899
12888,20971840729
12889,21132440386
12890,21148401942
12891,21148409822
12892,21148423042
12893,21166445181
12894,20535014734
12895,20535025924
12896,20535072954
12897,20536573333
12898,20536584253
12899,20536641303
12900,20969544840
12901,20969764348
12902,20969772588
12903,20969777588
12904,20969834228
12905,20970888659
12906,20970889669
12907,21131458136
12908,21131462896
12909,21147434482
12910,21147440152
12911,21147456892
12912,21157693765
12913,21157702615
12914,21157707745
12915,21157749475
12916,20534677144
12917,20534681554
12918,20534686424
12919,20536245333
12920,20536253383
12921,20536254623
12922,20969200550
12923,20969213050
12924,20969226090
12925,20969428788
12926,20969453458
12927,20970533639
12928,20970535819
12929,20970557369
12930,20970558689
12931,21131119856
12932,21131128536
12933,21147095522
12934,21147102822
12935,21147113032
12936,21147116212
12937,21157345095
12938,21157348955
12939,21157355465
12940,21157370855
12941,20534369864
12942,20534381624
12943,20534389764
12944,20535940763
12945,20535947353
12946,20968899080
12947,20968901450
12948,20968910980
12949,20968920190
12950,20968922340
12951,20968924960
12952,20969133578
12953,20969146698
12954,20970233929
12955,20970235049
12956,20970235959
12957,21130808696
12958,21130824276
12959,21130832146
12960,21146820752
12961,21157056355
12962,21157061215
12963,21164844121
12964,21164849721
12965,20533936624
12966,20533940834
12967,20533942464
12968,20534088754
12969,20534091734
12970,20534093944
12971,20535667243
12972,20968622280
12973,20968624300
12974,20968694328
12975,20968705168
12976,20968855718
12977,20969796479
12978,20969951829
12979,21130381106
12980,21130538126
12981,21146371062
12982,21146520502
12983,21146523402
12984,21146528332
12985,21146534902
12986,21164408921
12987,21164416471
12988,20533743624
12989,20535306613
12990,20968275780
12991,20968278800
12992,20969597419
12993,20969598439
12994,20969606779
12995,20969616419
12996,20969618839
12997,21130176686
12998,21130198046
12999,21130201356
13000,21146167232
13001,21146173032
13002,21146174242
13003,21146182212
13004,21146186482
13005,21146188912
13006,21156416285
13007,21156431145
13008,21156440235
13009,21156443835
13010,21164212231
13011,21164227371
13012,21164231091
13013,20533164424
13014,20533169554
13015,20533267754
13016,20534735583
13017,20534846843
13018,20967690180
13019,20967694020
13020,20967803990
13021,20967914088
13022,20967923588
13023,20967930128
13024,20968035828
13025,20968040938
13026,20969022089
13027,20969133559
13028,21129596046
13029,21129611156
13030,21145590882
13031,21145707602
13032,21145714162
13033,21155838085
13034,21155843545
13035,21163625281
13036,21163626621
13037,20532750644
13038,20534350233
13039,20534357813
13040,20967311480
13041,20967313840
13042,20967329880
13043,20967540688
13044,20967561138
13045,20968638749
13046,20968658539
13047,21129193096
13048,21129216526
13049,21129218636
13050,21129228216
13051,21129230226
13052,21129231286
13053,21129232416
13054,21129235046
13055,21129236296
13056,21145223072
13057,21145225532
13058,21155431475
13059,21155432625
13060,21163255041
13061,21163263071
13062,20532594394
13063,20532612814
13064,20534155483
13065,20534166833
13066,20967130120
13067,20967142270
13068,20967145570
13069,20968457109
13070,20968461789
13071,20968466559
13072,20968468979
13073,21129030046
13074,21129044266
13075,21129046586
13076,21129048736
13077,21145027872
13078,21145053192
13079,21155278545
13080,21155288665
13081,21155291245
13082,21163062071
13083,21163063401
13084,20532476604
13085,20532481134
13086,20532492694
13087,20534039843
13088,20534051013
13089,20534059993
13090,20967002900
13091,20967023070
13092,20967026780
13093,20968342549
13094,20968362169
13095,21128923936
13096,21128930076
13097,21144914992
13098,21144919372
13099,21144926342
13100,21144927442
13101,21144929492
13102,21144938772
13103,21155159225
13104,21155171755
13105,21162945551
13106,21162952121
13107,21162953281
13108,21162970121
13109,20532358254
13110,20532362264
13111,20532368234
13112,20533924883
13113,20533943043
13114,20966905900
13115,20966912400
13116,20967125348
13117,20967135358
13118,20967142938
13119,20968222289
13120,20968237539
13121,20968241799
13122,20968246159
13123,21128802406
13124,21128806456
13125,21144800842
13126,21144804342
13127,21144805672
13128,21144809012
13129,21144821292
13130,21155059035
13131,21155062205
13132,21162833081
13133,21162855011
13134,20532240544
13135,20532245364
13136,20966772550
13137,20966782330
13138,20966783420
13139,20966795120
13140,20967013008
13141,20967029048
13142,20968118789
13143,20968133299
13144,21128680636
13145,21128681826
13146,21128686036
13147,21128691296
13148,21144691912
13149,21144697712
13150,21154940675
13151,21154950755
13152,21162717291
13153,21162718441
13154,21162728111
13155,21162730621
13156,21162731711
13157,21162733741
13158,21162736181
13159,20531874024
13160,20531882694
13161,20531887564
13162,20531898204
13163,20533449153
13164,20533458013
13165,20533461643
13166,20966411360
13167,20966435190
13168,20966640408
13169,20966654128
13170,20966662068
13171,20967745249
13172,20967764999
13173,21128314066
13174,21128322646
13175,21128333636
13176,21144327662
13177,21144337202
13178,21154559805
13179,21154567385
13180,21154575345
13181,21154579855
13182,21154584195
13183,21162364741
13184,20531750684
13185,20531757624
13186,20531766554
13187,20531774064
13188,20533333873
13189,20967619999
13190,20967623629
13191,20967634009
13192,20967636799
13193,20967641979
13194,20967643269
13195,21128192966
13196,21128201366
13197,21128205256
13198,21128207476
13199,21128216296
13200,21144192582
13201,21144198762
13202,21154433415
13203,21154437305
13204,21154444805
13205,21154451495
13206,21154454275
13207,21154458335
13208,20531654104
13209,20531657084
13210,20533204563
13211,20533221823
13212,20533225163
13213,20966163190
13214,20966169020
13215,20967505909
13216,20967508859
13217,20967512429
13218,20967522489
13219,21128074026
13220,21128078706
13221,21128085936
13222,21144087792
13223,21144090212
13224,21144092462
13225,21154320635
13226,21154323105
13227,21154325245
13228,21162102831
13229,21162106221
13230,21162114041
13231,20531528194
13232,20531534804
13233,20533081793
13234,20533085003
13235,20966048600
13236,20966065310
13237,20966278818
13238,20966282978
13239,20966290348
13240,20966293178
13241,20967373939
13242,20967392399
13243,21127959296
13244,21127960336
13245,21127961426
13246,21127965366
13247,21127969986
13248,21127973736
13249,21127976586
13250,21143951862
13251,21143955142
13252,21143959762
13253,21143972962
13254,21143976352
13255,20531051244
13256,20531052414
13257,20532634273
13258,20532636053
13259,20532638613
13260,20965596240
13261,20965598450
13262,20965602500
13263,20965822698
13264,20965827818
13265,20965836738
13266,20965837778
13267,20966913599
13268,20966938789
13269,20966939899
13270,21127491656
13271,21127493636
13272,21127497016
13273,21127513826
13274,21143492652
13275,21143497952
13276,21153736425
13277,21153742515
13278,21161523821
13279,21161539721
13280,20530932944
13281,20532504533
13282,20532510143
13283,20532511433
13284,20532512573
13285,20532513533
13286,20532520043
13287,20965464750
13288,20965477130
13289,20965478220
13290,20965487570
13291,20965488730
13292,20965701938
13293,20965713818
13294,20965718618
13295,21127369086
13296,21127375396
13297,21127376506
13298,21127389796
13299,21143373452
13300,21153633105
13301,21153637385
13302,21153641975
13303,21161413051
13304,21161427661
13305,20530818404
13306,20530821924
13307,20530823304
13308,20530832454
13309,20530841294
13310,20532396703
13311,20532406523
13312,20965344510
13313,20965348970
13314,20965369630
13315,20965581498
13316,20965589698
13317,20965595388
13318,20965598608
13319,20966692409
13320,21127256926
13321,21127260426
13322,21127268686
13323,21127270966
13324,21143264762
13325,21143280802
13326,21153508195
13327,21153517045
13328,21153518295
13329,21161287711
13330,20530697764
13331,20530706274
13332,20530719294
13333,20532269043
13334,20532270173
13335,20532271183
13336,20532272413
13337,20532285563
13338,20532290093
13339,20965238260
13340,20965241030
13341,20965242390
13342,20965243660
13343,20965252810
13344,20965458768
13345,20965462558
13346,20965469098
13347,20965471508
13348,20966571899
13349,20966576979
13350,21127157756
13351,21143158182
13352,21153388515
13353,21153398295
13354,21161166561
13355,20530333684
13356,20531892693
13357,20531899903
13358,20964848660
13359,20965090418
13360,20966178899
13361,20966186969
13362,20966188169
13363,20966190389
13364,20966193699
13365,20966196009
13366,20966199349
13367,21126747486
13368,21126748666
13369,21126753786
13370,21126755066
13371,21126764016
13372,21126769176
13373,21142753552
13374,21152984925
13375,21152985995
13376,21153000685
13377,20531752343
13378,20531766013
13379,20531773523
13380,20964705960
13381,20964714690
13382,20964723560
13383,20964724620
13384,20964938338
13385,20964949128
13386,20964953428
13387,20964958868
13388,20964962718
13389,20966042529
13390,20966044919
13391,21126634966
13392,21142620132
13393,21142621112
13394,21142623312
13395,21142629292
13396,21142648132
13397,21152873985
13398,21152876175
13399,21160652791
13400,21160656231
13401,21160666381
13402,20530055734
13403,20530068994
13404,20531623413
13405,20531634233
13406,20531645433
13407,20531646533
13408,20531649853
13409,20531651923
13410,20964589190
13411,20964595660
13412,20964599550
13413,20964601170
13414,20965920869
13415,20965926519
13416,20965930009
13417,20965940529
13418,21126490006
13419,21126491366
13420,21126493826
13421,21126497326
13422,21126506016
13423,21126510786
13424,21142523932
13425,20529930334
13426,20529952804
13427,20529957484
13428,20531512123
13429,20964460910
13430,20964470650
13431,20964475760
13432,20964489800
13433,20964490990
13434,20964698068
13435,20964710828
13436,20964713668
13437,20965798529
13438,20965802109
13439,20965811849
13440,20965814479
13441,21126372106
13442,21126376936
13443,21126389196
13444,21142398492
13445,21152605615
13446,21152609375
13447,21152630555
13448,20529500514
13449,20529522674
13450,20529524984
13451,20531083083
13452,20531096723
13453,20531104343
13454,20964046620
13455,20964066450
13456,20964272038
13457,20965382619
13458,20965389239
13459,20965390389
13460,21125943726
13461,21125952196
13462,21125969726
13463,21141950922
13464,21141954322
13465,21141963712
13466,21141968662
13467,21152183645
13468,21152196135
13469,21152203475
13470,21152206125
13471,21159983671
13472,21160001061
13473,20529380224
13474,20529407554
13475,20530960973
13476,20530971283
13477,20530986903
13478,20963926400
13479,20963938130
13480,20964155288
13481,20964156208
13482,20964168788
13483,20964175048
13484,20965266879
13485,21125823696
13486,21125834436
13487,21125850966
13488,21141836902
13489,21141847322
13490,21141849752
13491,21141852422
13492,21152067125
13493,21152068195
13494,21152077675
13495,21159871221
13496,21159877991
13497,20529272544
13498,20529290164
13499,20530852633
13500,20530860733
13501,20530864893
13502,20963805910
13503,20965136479
13504,20965141019
13505,20965152949
13506,20965159489
13507,20965163949
13508,21125706006
13509,21125707346
13510,21125719196
13511,21125723516
13512,21125730126
13513,21141720172
13514,21141726252
13515,21151956515
13516,21151957745
13517,21151960575
13518,21151965005
13519,20530728333
13520,20530736423
13521,20530742863
13522,20530744203
13523,20530745483
13524,20530757913
13525,20963916478
13526,20965029539
13527,20965034449
13528,20965040099
13529,20965041499
13530,20965045579
13531,20965046719
13532,21125590046
13533,21125598206
13534,21125600696
13535,21125614956
13536,21141602812
13537,21141603912
13538,21141608602
13539,21141626962
13540,21151852495
13541,21151857245
13542,20528795564
13543,20528799154
13544,20530376163
13545,20530383783
13546,20530385823
13547,20530387013
13548,20963339320
13549,20963352490
13550,20963574968
13551,20963587688
13552,20963593508
13553,20964676029
13554,20964687309
13555,20964698139
13556,21125251866
13557,21125253036
13558,21125260536
13559,21141260702
13560,21141267252
13561,21141275322
13562,21151486285
13563,20528679244
13564,20528687134
13565,20530273633
13566,20530274843
13567,20963219450
13568,20963221840
13569,20963241840
13570,20963451288
13571,20963469098
13572,20963480068
13573,20964557599
13574,20964562029
13575,20964575699
13576,21125123186
13577,21125137956
13578,21125146436
13579,21141141932
13580,21141146942
13581,21141156592
13582,21141157652
13583,21151374645
13584,21151375875
13585,21151391485
13586,21159173041
13587,20528564154
13588,20528583464
13589,20530138213
13590,20530141483
13591,20530147123
13592,20530149553
13593,20530154413
13594,20530161353
13595,20963104750
13596,20963107090
13597,20963331308
13598,20963344328
13599,20963351498
13600,20963352538
13601,20963353748
13602,20964449099
13603,20964452439
13604,20964459579
13605,21125001726
13606,21125003246
13607,21125012186
13608,21141016672
13609,21151242045
13610,20528439904
13611,20528442464
13612,20528443704
13613,20528454304
13614,20530013763
13615,20530018923
13616,20530020233
13617,20530027703
13618,20962981840
13619,20963226358
13620,20963228768
13621,20963232158
13622,20964309149
13623,20964311789
13624,20964324699
13625,21124876616
13626,21124891216
13627,21124899036
13628,21124900376
13629,21140913852
13630,21151125195
13631,21151134485
13632,21151137735
13633,20529481113
13634,20529482633
13635,20529487703
13636,20529557073
13637,20962435450
13638,20962439210
13639,20962449800
13640,20962518620
13641,20962521100
13642,20962524950
13643,20962667038
13644,20962670878
13645,20962751498
13646,20962755148
13647,20962757568
13648,20963776779
13649,20963779459
13650,20963859349
13651,21124346836
13652,21124428516
13653,21140356442
13654,21140429602
13655,20527677514
13656,20527684514
13657,20529262543
13658,20529265743
13659,20529269123
13660,20529271083
13661,20529278383
13662,20962225710
13663,20962234310
13664,20962242230
13665,20962474758
13666,20962481368
13667,20962483398
13668,20962484708
13669,20963567409
13670,20963568799
13671,20963576749
13672,21124147276
13673,21140135962
13674,21140140332
13675,21140151252
13676,21140156442
13677,21150372885
13678,21158158731
13679,20528819353
13680,20961781870
13681,20961787670
13682,20961789010
13683,20961961570
13684,20962018628
13685,20962080638
13686,20962081998
13687,20962197668
13688,20962198768
13689,20963112059
13690,21123684396
13691,21123740796
13692,21123860516
13693,21123865876
13694,21139695852
13695,21139875402
13696,21149926895
13697,21149930505
13698,21149993365
13699,21150105635
13700,21150113055
13701,20527027674
13702,20527035044
13703,20527135084
13704,20527139264
13705,20528604973
13706,20528607213
13707,20528608583
13708,20961585910
13709,20961682720
13710,20961804758
13711,20961912678
13712,20962898459
13713,20962915149
13714,21123472476
13715,21123474856
13716,21123477266
13717,21123581346
13718,21139480182
13719,21149717775
13720,21149730335
13721,21149833675
13722,21157486771
13723,21157489881
13724,21157493611
13725,20526779174
13726,20526781764
13727,20526788714
13728,20526797414
13729,20528368003
13730,20528369293
13731,20528378123
13732,20961327560
13733,20961338020
13734,20961348790
13735,20961576568
13736,20962665479
13737,20962678879
13738,21123230056
13739,21123238086
13740,21123245426
13741,21139234502
13742,21139236652
13743,21139241402
13744,21139248172
13745,21139256392
13746,21149476625
13747,21149477765
13748,20526534014
13749,20526538224
13750,20526548504
13751,20526562174
13752,20528102513
13753,20528108143
13754,20961087600
13755,20961310458
13756,20961326868
13757,20961332688
13758,20962417829
13759,21122997236
13760,21122998806
13761,21123006966
13762,21123008096
13763,21138993572
13764,21138998492
13765,21139016682
13766,21139019192
13767,21139020302
13768,21149246525
13769,21149254155
13770,21157009931
13771,21157011431
13772,21157012781
13773,20526319594
13774,20526340254
13775,20527907823
13776,20960863860
13777,20960867200
13778,20960868300
13779,20960869440
13780,20960874830
13781,20960877920
13782,20960882510
13783,20961097118
13784,20961121078
13785,20962204559
13786,20962209069
13787,20962212089
13788,20962214319
13789,20962217299
13790,21122785296
13791,21138789512
13792,21138798402
13793,21149019995
13794,21149030525
13795,20526035324
13796,20526039614
13797,20526042574
13798,20526047874
13799,20526064224
13800,20960814578
13801,20960817588
13802,20960820158
13803,20960829888
13804,20961911249
13805,20961915719
13806,20961923599
13807,20961933989
13808,20961940879
13809,21122495106
13810,21122499026
13811,21122506526
13812,21138514802
13813,21138520062
13814,21138525022
13815,21148723975
13816,21148751505
13817,21156513981
13818,21156520241
13819,21156525431
13820,20525928464
13821,20525936974
13822,20527501443
13823,20527507053
13824,20527513613
13825,20960462410
13826,20960463610
13827,20960702918
13828,20960708728
13829,20961789129
13830,20961801239
13831,20961802109
13832,21122362196
13833,21122368386
13834,21122369546
13835,21122381946
13836,21138376212
13837,21138379542
13838,21138384622
13839,21138385672
13840,21156380491
13841,21156395581
13842,21156397571
13843,21156402341
13844,21156403621
13845,20527003653
13846,20959976350
13847,20960043960
13848,20960046470
13849,20960053680
13850,20960203898
13851,20960279708
13852,20960289068
13853,20961300789
13854,20961384699
13855,20961385749
13856,21121952636
13857,21121961626
13858,21137874822
13859,21137896252
13860,21137966032
13861,21137973222
13862,21137979902
13863,21137981152
13864,21148179735
13865,21148180875
13866,21148182155
13867,21148189295
13868,21148190355
13869,20525150814
13870,20525257784
13871,20525261754
13872,20526707463
13873,20526720943
13874,20959687600
13875,20959692760
13876,20959696700
13877,20959912258
13878,20959915098
13879,20959927508
13880,20960035898
13881,20961003589
13882,20961009069
13883,20961011389
13884,20961014309
13885,20961020649
13886,21121593876
13887,21137597012
13888,21137598132
13889,21137727842
13890,21147829875
13891,21155616371
13892,20524814564
13893,20524830614
13894,20526385673
13895,20526393453
13896,20526396833
13897,20526399433
13898,20526405273
13899,20959370170
13900,20959377030
13901,20959381510
13902,20959383160
13903,20959388300
13904,20959389840
13905,20959593888
13906,20959611978
13907,20960705989
13908,21121259716
13909,21121261956
13910,21121263506
13911,21121278196
13912,21121291886
13913,21147530535
13914,21155274931
13915,21155283491
13916,20524572004
13917,20526079943
13918,20526087573
13919,20526088653
13920,20526152483
13921,20959122720
13922,20959283998
13923,20959286738
13924,20960379999
13925,20960384859
13926,20960392069
13927,20960393329
13928,21120954126
13929,21121027236
13930,21136971622
13931,21136985392
13932,21137043352
13933,21137046062
13934,21137050202
13935,21147187495
13936,21147194815
13937,21154969101
13938,21155033071
13939,20524303064
13940,20524306814
13941,20524316314
13942,20525889993
13943,20958837230
13944,20958843750
13945,20958850980
13946,20958861730
13947,20959070378
13948,20959073978
13949,20959082898
13950,20959093018
13951,20960175599
13952,20960177829
13953,20960190439
13954,20960191479
13955,20960195419
13956,21120761686
13957,21120767386
13958,21136764312
13959,21136772442
13960,21136777002
13961,21136791062
13962,21154752831
13963,20524073354
13964,20524074734
13965,20524085794
13966,20525635833
13967,20525657583
13968,20958616290
13969,20958620050
13970,20958621200
13971,20958631510
13972,20958851238
13973,20958863178
13974,20958866628
13975,20958871518
13976,20959960399
13977,20959964279
13978,21120548976
13979,21136542172
13980,21136554502
13981,21136558922
13982,21146750705
13983,21146759565
13984,21146774775
13985,21146776095
13986,21154533341
13987,21154554661
13988,20523761584
13989,20525309333
13990,20525314163
13991,20525330943
13992,20958292990
13993,20958297600
13994,20958301200
13995,20958307240
13996,20958309760
13997,20958312390
13998,20958535108
13999,20959624869
14000,20959628729
14001,20959647249
14002,21120193596
14003,21120195036
14004,21120204386
14005,21120223856
14006,21120245446
14007,21136218252
14008,21146419755
14009,21146433625
14010,21154200741
14011,21154219501
14012,20523609374
14013,20523615694
14014,20958152680
14015,20958162670
14016,20958174610
14017,20958180890
14018,20958378618
14019,20958400988
14020,20959481289
14021,20959501929
14022,20959506299
14023,20959509609
14024,20959513609
14025,21120058726
14026,21120064036
14027,21120065246
14028,21120069666
14029,21120083606
14030,21136087822
14031,21146290255
14032,21146304645
14033,21146312385
14034,21154064941
14035,20523495704
14036,20523503114
14037,20525039373
14038,20525052553
14039,20525054363
14040,20525055623
14041,20525059463
14042,20525060823
14043,20958025100
14044,20959349209
14045,20959351659
14046,20959356029
14047,20959375849
14048,21119938796
14049,21119943586
14050,21119944626
14051,21135947562
14052,21135968662
14053,21135970772
14054,21146160605
14055,21146167985
14056,21146181745
14057,21153925191
14058,20523095134
14059,20523146984
14060,20523150824
14061,20524650593
14062,20957627200
14063,20957631740
14064,20957684500
14065,20957687780
14066,20957847498
14067,20957851838
14068,20957868198
14069,20957919598
14070,20958952699
14071,20958955499
14072,20959016949
14073,21119541016
14074,21119588546
14075,21135547302
14076,21135560332
14077,21135561512
14078,21135563922
14079,21145760375
14080,21145761445
14081,21145762425
14082,20522951114
14083,20522961974
14084,20522976514
14085,20524516473
14086,20524524283
14087,20957494980
14088,20957510990
14089,20957744768
14090,20958821979
14091,20958834169
14092,20958835139
14093,20958836579
14094,20958845959
14095,20958849299
14096,21119399186
14097,21119402606
14098,21135438592
14099,21135443232
14100,21145628245
14101,21145650525
14102,21153407761
14103,21153408811
14104,21153416861
14105,20522584984
14106,20522589694
14107,20522597474
14108,20522602684
14109,20522606104
14110,20522614184
14111,20524165093
14112,20524176523
14113,20524181833
14114,20524408683
14115,20957153030
14116,20957358548
14117,20957383188
14118,21119050156
14119,21119053466
14120,21119068706
14121,21135059432
14122,21135066692
14123,21135074732
14124,21135093052
14125,21145270345
14126,21145512115
14127,20522437344
14128,20522438904
14129,20522443124
14130,20524003953
14131,20524005693
14132,20524011583
14133,20524016143
14134,20524017613
14135,20524028383
14136,20956978360
14137,20957007920
14138,20957011290
14139,20957230498
14140,20957233888
14141,20957241348
14142,20958323669
14143,20958326469
14144,21118877916
14145,21118892486
14146,21134930732
14147,21134932702
14148,21134946242
14149,21145126105
14150,20522286524
14151,20522290874
14152,20522295744
14153,20522303314
14154,20523879153
14155,20523886413
14156,20956848540
14157,20956856600
14158,20957082458
14159,20957088318
14160,20958173589
14161,20958177409
14162,20958182139
14163,20958183479
14164,21118751156
14165,21134761982
14166,21134764662
14167,21134766002
14168,21134776572
14169,21144967985
14170,21144972565
14171,21144986745
14172,20522145094
14173,20523711863
14174,20523722773
14175,20523725483
14176,20523728643
14177,20523739953
14178,20523741233
14179,20956686080
14180,20956690280
14181,20956698580
14182,20956701110
14183,20956710130
14184,20956920128
14185,20956937908
14186,20958027549
14187,20958034039
14188,20958036639
14189,20958043309
14190,20958045669
14191,21118594796
14192,21118598186
14193,21118610496
14194,21134627072
14195,21144839665
14196,20521431414
14197,20521445864
14198,20521447304
14199,20522991313
14200,20523005383
14201,20955978740
14202,20956004830
14203,20957325489
14204,21117834636
14205,21117877136
14206,21117892616
14207,21117895196
14208,21117901006
14209,21117903786
14210,21133907802
14211,21133909482
14212,21133915802
14213,21133921892
14214,21133935102
14215,21144063395
14216,21144125435
14217,21151885691
14218,21151887361
14219,21151899591
14220,21151904041
14221,20521095014
14222,20522685233
14223,20522688693
14224,20522724513
14225,20955608420
14226,20955704280
14227,20955705780
14228,20955858428
14229,20955859698
14230,20955862938
14231,20955865828
14232,20957038709
14233,21117512046
14234,21117579846
14235,21133560482
14236,21133572702
14237,21133598152
14238,21133638912
14239,21143755315
14240,21143764225
14241,21151533121
14242,21151567921
14243,21151571981
14244,20520914504
14245,20520934134
14246,20520945204
14247,20522481203
14248,20522494713
14249,20955464130
14250,20955482460
14251,20955721148
14252,20956795039
14253,20956813999
14254,20956822199
14255,21117364736
14256,21117392856
14257,21117395426
14258,21133399682
14259,21133416882
14260,21133418512
14261,21151361831
14262,21151369871
14263,21151371351
14264,21151372901
14265,21151374361
14266,21151375911
14267,21151377321
14268,20520626164
14269,20522178723
14270,20955158350
14271,20955311068
14272,20955384178
14273,20956418059
14274,20956489769
14275,20956504469
14276,21116991586
14277,21117052496
14278,21117055596
14279,21117069496
14280,21133011912
14281,21133014982
14282,21133019412
14283,21133084912
14284,21133097202
14285,21133098542
14286,21143212885
14287,21143273915
14288,21143283005
14289,21143294275
14290,21151053071
14291,21151057271
14292,20520223824
14293,20520227834
14294,20521767313
14295,20521770783
14296,20521825073
14297,20954743100
14298,20954802590
14299,20954992848
14300,20955057808
14301,20956100859
14302,20956155079
14303,20956162049
14304,21116670736
14305,21116682656
14306,21116707026
14307,21132682912
14308,21132704222
14309,21132705342
14310,21132757752
14311,21142870075
14312,21142889945
14313,21142955715
14314,21150641621
14315,21150701701
14316,21150728541
14317,20519931194
14318,20521478433
14319,20521493223
14320,20521502983
14321,20954465960
14322,20954475350
14323,20954673868
14324,20954677668
14325,20954684428
14326,20954710348
14327,20955777399
14328,20955789569
14329,21116364696
14330,21116370706
14331,21116371946
14332,21116379156
14333,21116382566
14334,21116390586
14335,21132401842
14336,21142575765
14337,21142579435
14338,21142580585
14339,21142584635
14340,21142594455
14341,20519583564
14342,20519597034
14343,20521153813
14344,20521180793
14345,20954119410
14346,20954122620
14347,20954133590
14348,20954137410
14349,20954145440
14350,20954151880
14351,20954353128
14352,20954367238
14353,20955463149
14354,20955466719
14355,20955479099
14356,21116035046
14357,21116037286
14358,21132085732
14359,21132086902
14360,21132093162
14361,21142251205
14362,21142265195
14363,21142269795
14364,21150034201
14365,21150053311
14366,20519434434
14367,20519460764
14368,20520998733
14369,20521000103
14370,20521003193
14371,20521025533
14372,20953970560
14373,20954003500
14374,20954201248
14375,20955315749
14376,20955317099
14377,20955321279
14378,20955324639
14379,21115885316
14380,21115887336
14381,21115896856
14382,21115910516
14383,21131921862
14384,21131926972
14385,21131939802
14386,21142104935
14387,21142120685
14388,21142124435
14389,20518929734
14390,20518931084
14391,20518965114
14392,20520496443
14393,20520520283
14394,20953474230
14395,20953485380
14396,20953489210
14397,20953498340
14398,20953500990
14399,20953698778
14400,20953705558
14401,20954820859
14402,20954822379
14403,20954824979
14404,20954827759
14405,21115378606
14406,21115397626
14407,21115401556
14408,21131417872
14409,21131422312
14410,21131425062
14411,21141598685
14412,20518794494
14413,20518801754
14414,20518808024
14415,20520345703
14416,20520353643
14417,20520377833
14418,20953319810
14419,20953336950
14420,20953342560
14421,20953347280
14422,20953355790
14423,20953555818
14424,20954652489
14425,20954667809
14426,21115225376
14427,21115226746
14428,21131288932
14429,21141450055
14430,21141453645
14431,21141464585
14432,21141475365
14433,21141477905
14434,21149232691
14435,21149243741
14436,21149248261
14437,20518293294
14438,20518306824
14439,20519871823
14440,20952830570
14441,20952836980
14442,20952843060
14443,20952851090
14444,20953044838
14445,20953056458
14446,20953066028
14447,20953165678
14448,20953167578
14449,20954163509
14450,20954165239
14451,20954185069
14452,21114740386
14453,21114841646
14454,21114852416
14455,21130770292
14456,21130775462
14457,21130888072
14458,21130890052
14459,21140970735
14460,20518016704
14461,20518033424
14462,20518042844
14463,20519561883
14464,20519566753
14465,20519584993
14466,20519593953
14467,20952546460
14468,20952553450
14469,20952766248
14470,20952801058
14471,21114438516
14472,21114446876
14473,21114452916
14474,21114454776
14475,21114460076
14476,21114469496
14477,21130475232
14478,21130478292
14479,21130487352
14480,21140683675
14481,21140688995
14482,21140698405
14483,21148464991
14484,20517602034
14485,20517676884
14486,20519168303
14487,20519187993
14488,20519195463
14489,20952135010
14490,20952146050
14491,20952147330
14492,20952154120
14493,20952363438
14494,20952372778
14495,20952375378
14496,20952383778
14497,20952387658
14498,20953468069
14499,20953472809
14500,20953487209
14501,21114060596
14502,21114106376
14503,21130082692
14504,21130095802
14505,21140267965
14506,21140291585
14507,20517205004
14508,20518771143
14509,20518788563
14510,20951729020
14511,20951740270
14512,20951749330
14513,20951959468
14514,20951975168
14515,20951978448
14516,20953059169
14517,20953062069
14518,20953066559
14519,20953069789
14520,20953071849
14521,20953081009
14522,21113663626
14523,21129698182
14524,21129776382
14525,21139850355
14526,21139853855
14527,21139880135
14528,21139888955
14529,21147641151
14530,20517039894
14531,20517043374
14532,20517044754
14533,20517052394
14534,20518361033
14535,20518362533
14536,20518366183
14537,20518598153
14538,20518601073
14539,20951560788
14540,20951795258
14541,20951801928
14542,20951810068
14543,20952907339
14544,20952925519
14545,21113468236
14546,21113486306
14547,21113491486
14548,21129518732
14549,21129525912
14550,21147227871
14551,21147235341
14552,21147236961
14553,21147479071
14554,21147486081
14555,20516653184
14556,20518016853
14557,20518196313
14558,20950983840
14559,20950986740
14560,20951014300
14561,20951161160
14562,20951168550
14563,20951175260
14564,20951241388
14565,20951242848
14566,20951396288
14567,20951407048
14568,20952497579
14569,21112916246
14570,21113069206
14571,21113080126
14572,21113083636
14573,21128953942
14574,21129116812
14575,21146915211
14576,21147065931
14577,21147080361
14578,20516181474
14579,20517725793
14580,20517727603
14581,20517738703
14582,20517900083
14583,20950862230
14584,20951090468
14585,20952031219
14586,20952043959
14587,20952194349
14588,20952201239
14589,21112587846
14590,21112591506
14591,21112614156
14592,21128649302
14593,21128651322
14594,21128807732
14595,21128813272
14596,21128814792
14597,21138812635
14598,21138833305
14599,21138835655
14600,21138981965
14601,21146598861
14602,20515795214
14603,20517342203
14604,20517355163
14605,20950341640
14606,20950551298
14607,20950558538
14608,20950573278
14609,20950639268
14610,20951675339
14611,20951676949
14612,21112231696
14613,21112306846
14614,21128260332
14615,21128261742
14616,21128278142
14617,21138438305
14618,21138440295
14619,21138449115
14620,21138457255
14621,21138528855
14622,21146217521
14623,21146219311
14624,21146238271
14625,20515418674
14626,20515444874
14627,20516928733
14628,20516987573
14629,20516998183
14630,20516999663
14631,20517003873
14632,20950184648
14633,20950190338
14634,20950192428
14635,20951239109
14636,20951292739
14637,20951298539
14638,21111790966
14639,21111797246
14640,21111857146
14641,21111862896
14642,21111870916
14643,21138099935
14644,21145793341
14645,21145849611
14646,21145852531
14647,20514997324
14648,20515028484
14649,20516550703
14650,20516558323
14651,20516562173
14652,20516582243
14653,20516584133
14654,20516588613
14655,20949531120
14656,20949539100
14657,20949770038
14658,20950865949
14659,20950884379
14660,20950909469
14661,21111429856
14662,21111457626
14663,21111460006
14664,21111462056
14665,21127472282
14666,21137661675
14667,21137668235
14668,21137682125
14669,21145433501
14670,20514491794
14671,20516051483
14672,20949034040
14673,20949244888
14674,20949247738
14675,20949250608
14676,20949260498
14677,20949268478
14678,20949269828
14679,20950369559
14680,20950394159
14681,21110921546
14682,21110924546
14683,21110925956
14684,21110929046
14685,21110934446
14686,21110944056
14687,21126995802
14688,21127002442
14689,21137163255
14690,21137172655
14691,21137174705
14692,21144928051
14693,21144932681
14694,21144950091
14695,20514069514
14696,20514108374
14697,20515618543
14698,20515620073
14699,20948596470
14700,20948627040
14701,20948628320
14702,20948822348
14703,20948834038
14704,20948861618
14705,20949928049
14706,20949934069
14707,20949943929
14708,20949945089
14709,20949967639
14710,20949970049
14711,21110494996
14712,21110502766
14713,21126538062
14714,21126553712
14715,21126587912
14716,21136711785
14717,21136749225
14718,21144494451
14719,20513447974
14720,20513448894
14721,20513525204
14722,20515028243
14723,20947970670
14724,20947995610
14725,20947998040
14726,20948053130
14727,20949320669
14728,20949379769
14729,20949399229
14730,20949400339
14731,21109931826
14732,21109934676
14733,21109936706
14734,21109954536
14735,21125925442
14736,21125954992
14737,21136122985
14738,21136155895
14739,21136172465
14740,21143870201
14741,21143873451
14742,20513125464
14743,20513156134
14744,20514716233
14745,20947713990
14746,20947885868
14747,20947912408
14748,20947915738
14749,20947950328
14750,20949016129
14751,20949019989
14752,20949056879
14753,21109617596
14754,21125604692
14755,21125630272
14756,21125664482
14757,21125668012
14758,21135790905
14759,21135795385
14760,21135802335
14761,21135828295
14762,21135836195
14763,21143548811
14764,21143570181
14765,21143581861
14766,20512873844
14767,20512875054
14768,20512875994
14769,20512892074
14770,20514397693
14771,20947361020
14772,20947384330
14773,20947630508
14774,20947631678
14775,20948730969
14776,20948735759
14777,21109268666
14778,21109288996
14779,21109314736
14780,21109315966
14781,21125320922
14782,21125340232
14783,21125350672
14784,21135482765
14785,21135514745
14786,21143258231
14787,21143262391
14788,20512556514
14789,20512561774
14790,20512606684
14791,20514075053
14792,20514111393
14793,20947325178
14794,20947328598
14795,20948379839
14796,20948419919
14797,20948428459
14798,20948430539
14799,20948468439
14800,21108976296
14801,21108981856
14802,21109028156
14803,21125026482
14804,21135158185
14805,21135190425
14806,21135194685
14807,21135198975
14808,21142937831
14809,21142979151
14810,21142986701
14811,21143022911
14812,20512163674
14813,20512176934
14814,20512178034
14815,20512185844
14816,20513730863
14817,20513739453
14818,20513743823
14819,20513747123
14820,20946680530
14821,20946686570
14822,20946688980
14823,20946937768
14824,20948029919
14825,20948036749
14826,20948050039
14827,20948052209
14828,21108598236
14829,21108601746
14830,21124641722
14831,21124658172
14832,21134800935
14833,21134805265
14834,21134813685
14835,20511842004
14836,20511844474
14837,20511857134
14838,20513426093
14839,20946378020
14840,20947718009
14841,20947721679
14842,20947723769
14843,20947735209
14844,20947736339
14845,21108272996
14846,21108278296
14847,21108282376
14848,21108291846
14849,21108293556
14850,21124332882
14851,21124344442
14852,21134484645
14853,21134488795
14854,21134493405
14855,21134503645
14856,21142267571
14857,21142274481
14858,21142282571
14859,21142284411
14860,20511738314
14861,20511739594
14862,20511742394
14863,20511743814
14864,20513300673
14865,20513303393
14866,20513305973
14867,20513318993
14868,20946250060
14869,20946259600
14870,20946270350
14871,20946494998
14872,20946511918
14873,20947615899
14874,20947622149
14875,21108169716
14876,21108173666
14877,21124211312
14878,21124219312
14879,21124225332
14880,21134366055
14881,21134370745
14882,21134373165
14883,21134391885
14884,21142172401
14885,20511621924
14886,20511623034
14887,20511625794
14888,20511630764
14889,20513182903
14890,20513184063
14891,20513196913
14892,20946143070
14893,20946389358
14894,20946397378
14895,20946398448
14896,20947486259
14897,20947495709
14898,20947500239
14899,20947506189
14900,20947508439
14901,21108038386
14902,21108039406
14903,21108044936
14904,21124118262
14905,21124121532
14906,21134267035
14907,21142031241
14908,21142038101
14909,21142055681
14910,20511042634
14911,20511048394
14912,20511053064
14913,20511061794
14914,20511073294
14915,20511074684
14916,20512612293
14917,20512616293
14918,20945566880
14919,20945576910
14920,20945598560
14921,20945821178
14922,21107470466
14923,21107474876
14924,21107487676
14925,21107494856
14926,21107499056
14927,21123547472
14928,21123551382
14929,21133688325
14930,21133693465
14931,21133708815
14932,21141482331
14933,21141486631
14934,20510918974
14935,20510929204
14936,20510938104
14937,20510944984
14938,20945450360
14939,20945452660
14940,20945456020
14941,20945465390
14942,20946788749
14943,21107356256
14944,21107365166
14945,21107368576
14946,21107376286
14947,21123406812
14948,21123408042
14949,21123410972
14950,21123412022
14951,21123422622
14952,21123426242
14953,21123429882
14954,21133568935
14955,21141342181
14956,21141354361
14957,21141356551
14958,20510811704
14959,20512364733
14960,20512367363
14961,20945326670
14962,20945332730
14963,20945343310
14964,20945559028
14965,20945567978
14966,20945581658
14967,20945586498
14968,20946659479
14969,20946666279
14970,20946670879
14971,20946680979
14972,20946684629
14973,21107227986
14974,21107239156
14975,21107244816
14976,21123311672
14977,21133438405
14978,21133446895
14979,21133456635
14980,21133461415
14981,21141234941
14982,20511739543
14983,20512232373
14984,20512237323
14985,20944698790
14986,20944946388
14987,20945195090
14988,20945205120
14989,20945437958
14990,20945440708
14991,20946047299
14992,20946536079
14993,20946550649
14994,21106607206
14995,21106609406
14996,21107099806
14997,21107104006
14998,21107111286
14999,21122669702
15000,21123166802
15001,21132817985
15002,21132819305
15003,21132824385
15004,21133312445
15005,20510073214
15006,20511623953
15007,20511633373
15008,20511637013
15009,20511639543
15010,20511642433
15011,20944583060
15012,20944829768
15013,20944844708
15014,20945929399
15015,20945936259
15016,20945937599
15017,20945942409
15018,20945949189
15019,20945950509
15020,21106491346
15021,21106493906
15022,21122541682
15023,21122542912
15024,21122551592
15025,21122567412
15026,21132699025
15027,21140489201
15028,21140494221
15029,20509949084
15030,20509964074
15031,20511505573
15032,20511514483
15033,20511520013
15034,20944466020
15035,20944468170
15036,20945811449
15037,20945817629
15038,20945818709
15039,20945824679
15040,20945827129
15041,21106373316
15042,21106388286
15043,21106390406
15044,21106397606
15045,21106398946
15046,21122426132
15047,21122448402
15048,21132580055
15049,21140357771
15050,21140361911
15051,21140364871
15052,21140369151
15053,21140378571
15054,20509832364
15055,20509839124
15056,20509842524
15057,20509843714
15058,20511381113
15059,20511384233
15060,20511407033
15061,20944347300
15062,20944594958
15063,20944597088
15064,20944599688
15065,20945692109
15066,20945695809
15067,21106250896
15068,21106261946
15069,21106264356
15070,21106278936
15071,21122311332
15072,21122325942
15073,21122330712
15074,21122333032
15075,21132463165
15076,21132480845
15077,21140233561
15078,20509701984
15079,20509719344
15080,20509721024
15081,20511253213
15082,20511260643
15083,20511273773
15084,20511282403
15085,20944212680
15086,20944229840
15087,20944455168
15088,20944461048
15089,20944466308
15090,20945553489
15091,21106132936
15092,21122188802
15093,21122193282
15094,21122194912
15095,21122207982
15096,21132332235
15097,21132341375
15098,21132355225
15099,21132356535
15100,21140107711
15101,20509579124
15102,20509580704
15103,20509601774
15104,20511134313
15105,20944090410
15106,20944097710
15107,20944112130
15108,20944117900
15109,20944359108
15110,20945446029
15111,20945448719
15112,21105996576
15113,21106010176
15114,21106015116
15115,21106018496
15116,21106019936
15117,21106023766
15118,21122053502
15119,21122055932
15120,21122071692
15121,21122079452
15122,21132214455
15123,21132227905
15124,20508866014
15125,20510409273
15126,20510415683
15127,20510421023
15128,20943385830
15129,20943400700
15130,20943611178
15131,20943629648
15132,20944720889
15133,20944724949
15134,21105277786
15135,21105278876
15136,21105294936
15137,21105296166
15138,21121363922
15139,21121371982
15140,21131489515
15141,21131508065
15142,21131509365
15143,21131513535
15144,21139265631
15145,21139271881
15146,21139279461
15147,20508620374
15148,20508630934
15149,20508771974
15150,20510173873
15151,20510178443
15152,20943131210
15153,20943145750
15154,20943147870
15155,20943285230
15156,20943286410
15157,20943289620
15158,20943371648
15159,20943378118
15160,20943382058
15161,20944475309
15162,20944621289
15163,21105030116
15164,21121101172
15165,21121105262
15166,21121252252
15167,21121256642
15168,21131254905
15169,21139020401
15170,21139021431
15171,21139027561
15172,20508508434
15173,20510042583
15174,20943011430
15175,20943026700
15176,20943031120
15177,20943256278
15178,20943262798
15179,20944348129
15180,21104905206
15181,21104907106
15182,21104914906
15183,21104921696
15184,21104929756
15185,21120984722
15186,21120992772
15187,21131113995
15188,21131114945
15189,21131117945
15190,21131121905
15191,21131124225
15192,21131125425
15193,21138892251
15194,21138905681
15195,20508209724
15196,20508211554
15197,20508213004
15198,20509744563
15199,20509755483
15200,20509756863
15201,20509770723
15202,20942707470
15203,20942713240
15204,20942714470
15205,20942717350
15206,20942722170
15207,20942963318
15208,20942974458
15209,21104605346
15210,21104615076
15211,21104636346
15212,21120695652
15213,21130824715
15214,21130841595
15215,21130849615
15216,21138598751
15217,21138603931
15218,21138612051
15219,21138616001
15220,20507747704
15221,20507781754
15222,20507814914
15223,20507832154
15224,20509297733
15225,20509315083
15226,20509327023
15227,20509377263
15228,20509405403
15229,20942318260
15230,20942358480
15231,20942544818
15232,20942550178
15233,20943667509
15234,20943710559
15235,20943716309
15236,21104162636
15237,21120245132
15238,21120295432
15239,21130477635
15240,21138139071
15241,21138143041
15242,21138172701
15243,21138183831
15244,21138234601
15245,20507340754
15246,20507352064
15247,20507363844
15248,20508892553
15249,20508897303
15250,20508908393
15251,20508914733
15252,20508923133
15253,20941860290
15254,20941885760
15255,20942111148
15256,20942123258
15257,20943206349
15258,20943229629
15259,21103786606
15260,21119828722
15261,21119837062
15262,21119848882
15263,21119855222
15264,21129994125
15265,21129996465
15266,21137745791
15267,21137752961
15268,20507223534
15269,20508779143
15270,20508792193
15271,20941739440
15272,20941963828
15273,20941965238
15274,20941974058
15275,20941975448
15276,20941977868
15277,20941983708
15278,20943074529
15279,21103654156
15280,21103655196
15281,21119699792
15282,21119705542
15283,21119706922
15284,21119717822
15285,21119724052
15286,21129851145
15287,21129863365
15288,21129871245
15289,21129873625
15290,20507095494
15291,20507104464
15292,20508637683
15293,20508641773
15294,20508646733
15295,20508655203
15296,20508658243
15297,20941618340
15298,20941631060
15299,20941632440
15300,20941840248
15301,20942952749
15302,20942955609
15303,20942958399
15304,21103504706
15305,21103511446
15306,21103512976
15307,21119566462
15308,21119570952
15309,21119597682
15310,21137479021
15311,21137499871
15312,21137503021
15313,21137506451
15314,20508519513
15315,20508520663
15316,20508528183
15317,20508530713
15318,20941469590
15319,20941474500
15320,20941481310
15321,20941492350
15322,20941499640
15323,20941703698
15324,20941706028
15325,20941716478
15326,20941720998
15327,20941726328
15328,21103381236
15329,21103385776
15330,21103396516
15331,21119432612
15332,21119437992
15333,21119440752
15334,21129593655
15335,21129609165
15336,21129610285
15337,21137353791
15338,20506429164
15339,20506444534
15340,20506455324
15341,20506458604
15342,20506459784
15343,20507989033
15344,20507990373
15345,20507996473
15346,20508001923
15347,20940962440
15348,20940969600
15349,20941186998
15350,20941192568
15351,20942290659
15352,20942307229
15353,21102853936
15354,21102858036
15355,21102865946
15356,21102880366
15357,21102885216
15358,21118917432
15359,21118935942
15360,21129077885
15361,21136850821
15362,20506285684
15363,20506303454
15364,20506315174
15365,20507843363
15366,20507861773
15367,20940818600
15368,20940825720
15369,20940834940
15370,20940837330
15371,20941069328
15372,20942153089
15373,20942166409
15374,21102723816
15375,21102743496
15376,21118774692
15377,21118786742
15378,21118796162
15379,21118799252
15380,21128929235
15381,21128932985
15382,21128935335
15383,21128941405
15384,21128955735
15385,21136682101
15386,20507705773
15387,20507707163
15388,20507708663
15389,20507717933
15390,20507724543
15391,20507728123
15392,20940682460
15393,20940702810
15394,20940925888
15395,20940927208
15396,20942018579
15397,20942028499
15398,20942030789
15399,20942040969
15400,21102576266
15401,21102591996
15402,21102606276
15403,21118635572
15404,21118649302
15405,21118655982
15406,21128795245
15407,21128799345
15408,21128801625
15409,21128811975
15410,20506018684
15411,20506022534
15412,20506034224
15413,20507126333
15414,20507582223
15415,20507593903
15416,20940315628
15417,20940316638
15418,20940555150
15419,20940568000
15420,20940775258
15421,20940777428
15422,20941430099
15423,20941900089
15424,20941903589
15425,21118509812
15426,21118521092
15427,21118522602
15428,21118529242
15429,21118533392
15430,21128208255
15431,21128657785
15432,21128662905
15433,21136419411
15434,20505429264
15435,20505437974
15436,20505445554
15437,20505460244
15438,20506987143
15439,20506989753
15440,20506994213
15441,20507004933
15442,20507006273
15443,20939959770
15444,20939966570
15445,20940182528
15446,20940193768
15447,20940196488
15448,20940204818
15449,20941305939
15450,20941307419
15451,20941317449
15452,21101855236
15453,21101884266
15454,21117946392
15455,21117948832
15456,21135826651
15457,20505298074
15458,20505309094
15459,20506846543
15460,20506858053
15461,20506860623
15462,20506866553
15463,20939816930
15464,20939824970
15465,20939831550
15466,20940040038
15467,20940049528
15468,20940066408
15469,20940067638
15470,20940070888
15471,20941181049
15472,21101724036
15473,21117805332
15474,21117807652
15475,21127928815
15476,21127941475
15477,21127949955
15478,21127955345
15479,21127959835
15480,21135691401
15481,20505159654
15482,20505161774
15483,20506708893
15484,20506718673
15485,20506719873
15486,20939680440
15487,20939681720
15488,20939690400
15489,20939701380
15490,20939706890
15491,20939918488
15492,20941009359
15493,20941022159
15494,20941033289
15495,20941034629
15496,20941039509
15497,21101578796
15498,21101585166
15499,21101588466
15500,21101600466
15501,21101608696
15502,21127788815
15503,21127809685
15504,21135565941
15505,21135573601
15506,20504603184
15507,20504607894
15508,20506155933
15509,20506166423
15510,20506168053
15511,20506186253
15512,20939139630
15513,20939156710
15514,20939358518
15515,21101026236
15516,21101033366
15517,21101036976
15518,21101044676
15519,21101046726
15520,21101054036
15521,21101057456
15522,21117111852
15523,21117113302
15524,21117114862
15525,21117116342
15526,21127250105
15527,21134981271
15528,21134982671
15529,20504442014
15530,20504449454
15531,20504450644
15532,20504452324
15533,20506009633
15534,20506019133
15535,20506027563
15536,20938968740
15537,20938984510
15538,20938995890
15539,20939195618
15540,20939214218
15541,20940310139
15542,20940324479
15543,21100884816
15544,21100905616
15545,21116932962
15546,21116967482
15547,21127092865
15548,21127094305
15549,21127098435
15550,21127102845
15551,21127104155
15552,20504294084
15553,20504296794
15554,20504298044
15555,20504301874
15556,20504308974
15557,20504311954
15558,20505847613
15559,20505859453
15560,20505874353
15561,20505877193
15562,20938844110
15563,20938847270
15564,20939055358
15565,20939060268
15566,20940165299
15567,21100728526
15568,21100731796
15569,21116817162
15570,21126933455
15571,21126948865
15572,21126951815
15573,21126954555
15574,21134700311
15575,21134703101
15576,20503748234
15577,20503754434
15578,20503755984
15579,20503757104
15580,20503766004
15581,20503767364
15582,20503768884
15583,20505289693
15584,20938263180
15585,20938268610
15586,20938269880
15587,20938271970
15588,20938273090
15589,20938500868
15590,20938507668
15591,20939616439
15592,21100170186
15593,21100171906
15594,21100188606
15595,21116229712
15596,21116242452
15597,21126390155
15598,21134124951
15599,21134137681
15600,21134148611
15601,20503596134
15602,20503611004
15603,20505135013
15604,20505154413
15605,20505165703
15606,20938114160
15607,20938115920
15608,20938120870
15609,20938134200
15610,20938138650
15611,20938335458
15612,20938344988
15613,20938356598
15614,20938363328
15615,20939463439
15616,21100016796
15617,21100018256
15618,21100030336
15619,21100046576
15620,21116095512
15621,21116112842
15622,21126249125
15623,21133984661
15624,20503123314
15625,20503131264
15626,20503143074
15627,20503153874
15628,20504671393
15629,20504685213
15630,20504686883
15631,20937676260
15632,20937894948
15633,20937896248
15634,20937897488
15635,21099543696
15636,21099553576
15637,21099558636
15638,21099577386
15639,21115617542
15640,21115628372
15641,21115637892
15642,21125752355
15643,21125765025
15644,21125766575
15645,21125775365
15646,21133498771
15647,21133508781
15648,20502968994
15649,20502970444
15650,20502998594
15651,20503005064
15652,20937498460
15653,20937500820
15654,20937502240
15655,20937509150
15656,20937520390
15657,20937530800
15658,20937721518
15659,20937734658
15660,20937736438
15661,20937750838
15662,20938837569
15663,21099395666
15664,21099415096
15665,21099425916
15666,21115465542
15667,21115469252
15668,21115487102
15669,21115491962
15670,20502827794
15671,20502849654
15672,20504366973
15673,20504379503
15674,20504393093
15675,20937362820
15676,20937363900
15677,20937580398
15678,20937582118
15679,20937586108
15680,20937601518
15681,20938664159
15682,20938665319
15683,20938678469
15684,20938689889
15685,21099247556
15686,21099250396
15687,21099253486
15688,21099269766
15689,21115331492
15690,21125468425
15691,21125480055
15692,21125483535
15693,21133197041
15694,20502249834
15695,20502251924
15696,20502253074
15697,20503808313
15698,20936760290
15699,20936765450
15700,20936769510
15701,20936772030
15702,20936994358
15703,20937004748
15704,20937011828
15705,20938079429
15706,20938086919
15707,20938101779
15708,20938103619
15709,20938107519
15710,21098658136
15711,21098661496
15712,21098662546
15713,21098671536
15714,21114740082
15715,21124869545
15716,21124888965
15717,20502113104
15718,20502118734
15719,20502131394
15720,20503677543
15721,20503682163
15722,20936627720
15723,20936632820
15724,20936645380
15725,20936646760
15726,20936655000
15727,20936880708
15728,20936886608
15729,20937953799
15730,20937968969
15731,21098528296
15732,21098539976
15733,21098542956
15734,21114615902
15735,21124747465
15736,21124755095
15737,21124760195
15738,21124765095
15739,21132488361
15740,21132489271
15741,20501993184
15742,20503530013
15743,20503534973
15744,20503536303
15745,20936512380
15746,20936516880
15747,20936525000
15748,20936529780
15749,20936729518
15750,20936755108
15751,20937823909
15752,20937826939
15753,20937837669
15754,20937844209
15755,20937850979
15756,20937852239
15757,21114470562
15758,21114494072
15759,21124614975
15760,21124616095
15761,21124617095
15762,21132367031
15763,21132370621
15764,20501845344
15765,20501862714
15766,20501873314
15767,20503402993
15768,20503412473
15769,20503413723
15770,20936375280
15771,20936381530
15772,20936394910
15773,20936601848
15774,20936608988
15775,20936623848
15776,20937696479
15777,20937718559
15778,20937723919
15779,21098282676
15780,21098295236
15781,21114349922
15782,21114362932
15783,21124487795
15784,21124493545
15785,21124505995
15786,21132223421
15787,21132242831
15788,21132245531
15789,20501741834
15790,20503267513
15791,20503296603
15792,20936474748
15793,20936477408
15794,20936481598
15795,20936487668
15796,20936488808
15797,20937575289
15798,20937580349
15799,20937582919
15800,20937590759
15801,20937594309
15802,21098145786
15803,21098146676
15804,21098160056
15805,21114211202
15806,21114216702
15807,21114220372
15808,21114235352
15809,21124354425
15810,21124361055
15811,21124363545
15812,21124373475
15813,20501588024
15814,20501589434
15815,20501612304
15816,20503141623
15817,20503165743
15818,20936115130
15819,20936348198
15820,20936355888
15821,20936370058
15822,20937438009
15823,20937443689
15824,20937455369
15825,20937456569
15826,21098026846
15827,21098035776
15828,21098039056
15829,21114090362
15830,21114096902
15831,21114098212
15832,21114104602
15833,21114110822
15834,21124230345
15835,21124242815
15836,21131979571
15837,20500684204
15838,20500707444
15839,20502239813
15840,20502254203
15841,20502258713
15842,20502259733
15843,20935227070
15844,20935442348
15845,20935448338
15846,20935450458
15847,20935453748
15848,20936543429
15849,20936554429
15850,20936565549
15851,21097122476
15852,21097143516
15853,21113187302
15854,21113190652
15855,21113192042
15856,21113193292
15857,21123345855
15858,21131072901
15859,21131081121
15860,20500310264
15861,20500316354
15862,20500359164
15863,20500370104
15864,20501909833
15865,20934888360
15866,20934897030
15867,20935060068
15868,20935065178
15869,20935120438
15870,20936230759
15871,21096749846
15872,21096785476
15873,21096788166
15874,21096801366
15875,21112803002
15876,21112807542
15877,21112848482
15878,21112855912
15879,21112857302
15880,21112860102
15881,21122993095
15882,21122999215
15883,20500124394
15884,20934475160
15885,20934643230
15886,20934700538
15887,20934709168
15888,20934711718
15889,20935804579
15890,20935805779
15891,20935821999
15892,20935824849
15893,21096381296
15894,21096387776
15895,21096389936
15896,21096392986
15897,21096398696
15898,21096400116
15899,21112451052
15900,21112463162
15901,21112615842
15902,21122576005
15903,21122581155
15904,21122742225
15905,21130322661
15906,21130337531
15907,21130490461
15908,20499596154
15909,20499603674
15910,20499606304
15911,20501165683
15912,20501171003
15913,20501176403
15914,20501178503
15915,20934115280
15916,20934120050
15917,20934131740
15918,20934134790
15919,20934351358
15920,20934357848
15921,20935465369
15922,20935472489
15923,20935475269
15924,21096024716
15925,21096029806
15926,21096052106
15927,21112115972
15928,21122214155
15929,21122226665
15930,21122241485
15931,21129966121
15932,21129982131
15933,20499361834
15934,20933879220
15935,20933994760
15936,20933997460
15937,20933998610
15938,20934113788
15939,20934117608
15940,20934211698
15941,20934217398
15942,20934223028
15943,20935337469
15944,21095783996
15945,21095792036
15946,21095891716
15947,21095896916
15948,21095899396
15949,21095902536
15950,21111955512
15951,21111973972
15952,21111975712
15953,21122088925
15954,21129730131
15955,21129734011
15956,20499238004
15957,20499244014
15958,20500774403
15959,20500778293
15960,20500786673
15961,20500791303
15962,20933733520
15963,20933754830
15964,20933974698
15965,20933976218
15966,20933977688
15967,20933997698
15968,20935085759
15969,21095675996
15970,21111731662
15971,21111732892
15972,21111734062
15973,21111746332
15974,21121835715
15975,21121838275
15976,21121870645
15977,21129589171
15978,21129592181
15979,20499075534
15980,20499084024
15981,20499085504
15982,20499095334
15983,20499103424
15984,20499111194
15985,20500634753
15986,20500636003
15987,20500643483
15988,20500654153
15989,20500655533
15990,20933608450
15991,20933626550
15992,20933840328
15993,20933850978
15994,20934957459
15995,21095521766
15996,21095536846
15997,21111600232
15998,21121693955
15999,21121695555
16000,21121708645
16001,21129453211
16002,20498928414
16003,20498931224
16004,20498947974
16005,20498956144
16006,20500493703
16007,20500519673
16008,20933444350
16009,20933446930
16010,20933461640
16011,20933681058
16012,20933686258
16013,20933689378
16014,20934812289
16015,20934815289
16016,21095361456
16017,21095367206
16018,21111424882
16019,21111441202
16020,21111451372
16021,21111459172
16022,21121567895
16023,21121571715
16024,21121583385
16025,21129316631
16026,20498205374
16027,20498209624
16028,20498220384
16029,20498300924
16030,20498303714
16031,20499783953
16032,20932708710
16033,20932710340
16034,20932714660
16035,20932721480
16036,20932727130
16037,20932740230
16038,20932807570
16039,20933042878
16040,20934048679
16041,21094649856
16042,21110707112
16043,21110715402
16044,21120821685
16045,21120824955
16046,21120835305
16047,21120838575
16048,21128576441
16049,21128586931
16050,20497724064
16051,20497732254
16052,20499273253
16053,20499284103
16054,20499288963
16055,20932217680
16056,20932220760
16057,20932224020
16058,20932225630
16059,20932448838
16060,20932481968
16061,20932485768
16062,20932490208
16063,20933559889
16064,20933564749
16065,20933571079
16066,20933572589
16067,20933593209
16068,21094131326
16069,21094144586
16070,21110230092
16071,21120344965
16072,21128071261
16073,20497221594
16074,20497302914
16075,20498849163
16076,20498858183
16077,20931723530
16078,20931794830
16079,20931813650
16080,20932311528
16081,20933057639
16082,20933065989
16083,20933139129
16084,20933409289
16085,21093637476
16086,21093715996
16087,21093718396
16088,21093727846
16089,21093995576
16090,21109791552
16091,21119924065
16092,21120176825
16093,21120183845
16094,21127579031
16095,21127659221
16096,21127920221
16097,20496895734
16098,20496921864
16099,20498435203
16100,20498439813
16101,20498443383
16102,20931400680
16103,20931406210
16104,20931418000
16105,20931419480
16106,20931422400
16107,20931668618
16108,20932748559
16109,20932755959
16110,21093312996
16111,21093323366
16112,21093325056
16113,21093344596
16114,21109409922
16115,21109421432
16116,21109426742
16117,21109428512
16118,21119518855
16119,21119533595
16120,21127247171
16121,21127275691
16122,20496463204
16123,20496473144
16124,20496474534
16125,20496476264
16126,20497954363
16127,20498017433
16128,20930926080
16129,20930970180
16130,20930977760
16131,20931202338
16132,20931208278
16133,21092838796
16134,21108918002
16135,21108920662
16136,21108921952
16137,21108966842
16138,21119026515
16139,21119030665
16140,21119034165
16141,21119079205
16142,21119080625
16143,21119094195
16144,21126763991
16145,21126822261
16146,20496095264
16147,20497658403
16148,20497697963
16149,20930859258
16150,20930862828
16151,20931954329
16152,20931957799
16153,20931969619
16154,20932126159
16155,20932128689
16156,20932130079
16157,21092566666
16158,21092699906
16159,21108614752
16160,21108624682
16161,21108625922
16162,21108627632
16163,21108638492
16164,21108652712
16165,21118726375
16166,21118737245
16167,21118750415
16168,21118770675
16169,20495955204
16170,20495958104
16171,20495968704
16172,20495970274
16173,20497502823
16174,20497506043
16175,20497517823
16176,20930476880
16177,20930480330
16178,20930490120
16179,20930726418
16180,20931829709
16181,21092374976
16182,21092383106
16183,21092384706
16184,21092397556
16185,21108457732
16186,21108459122
16187,21108465522
16188,21108481492
16189,21108490232
16190,21118582855
16191,21118589635
16192,20495803044
16193,20495808304
16194,20497350703
16195,20497375153
16196,20497382643
16197,20930322100
16198,20930325000
16199,20930343280
16200,20931648369
16201,20931653789
16202,20931656319
16203,20931657549
16204,20931672189
16205,20931675169
16206,21092223566
16207,21092226266
16208,21092229146
16209,21092243326
16210,21092245046
16211,21092252706
16212,21108330202
16213,21108336482
16214,21108344462
16215,21118446705
16216,20495678264
16217,20497196293
16218,20497202713
16219,20497206893
16220,20497217883
16221,20497220773
16222,20930394698
16223,20930405248
16224,20930428638
16225,20931485549
16226,20931504279
16227,20931505739
16228,20931510869
16229,21092073536
16230,21092074916
16231,21092097066
16232,21092108526
16233,21108183532
16234,21108184922
16235,21108194862
16236,21118267815
16237,21118282405
16238,21126005631
16239,21126011541
16240,20495243044
16241,20495244444
16242,20495247924
16243,20496741333
16244,20496746723
16245,20496799023
16246,20496805113
16247,20929628590
16248,20929701100
16249,20929938378
16250,20929943668
16251,20930001018
16252,20930960849
16253,20930963589
16254,20931037389
16255,20931091899
16256,20931101969
16257,21091625026
16258,21091629906
16259,21107629712
16260,21107713162
16261,21125470701
16262,21125478231
16263,21125560261
16264,20494799824
16265,20496349283
16266,20496362143
16267,20496365373
16268,20496371373
16269,20496375483
16270,20929306320
16271,20929552058
16272,20929566578
16273,20930632579
16274,20930641539
16275,20930660159
16276,20930663109
16277,21091217956
16278,21091222256
16279,21091257296
16280,21107305982
16281,21107313142
16282,21107323762
16283,21107338952
16284,21117412005
16285,21125172151
16286,21125177811
16287,21125180631
16288,20494175554
16289,20494291584
16290,20494295464
16291,20494300634
16292,20495742293
16293,20495746563
16294,20495748683
16295,20495812743
16296,20495817153
16297,20495818733
16298,20495861203
16299,20928694330
16300,20928695970
16301,20928707980
16302,20929001098
16303,20929010438
16304,20929037698
16305,20930022489
16306,20930032929
16307,20930116659
16308,21090623566
16309,21106780302
16310,21116805435
16311,21116884685
16312,20493878434
16313,20495437323
16314,20495439333
16315,20495447413
16316,20495455653
16317,20495456913
16318,20928381280
16319,20928383410
16320,20928395980
16321,20928404360
16322,20928621478
16323,20928632578
16324,20928640638
16325,20929718439
16326,20929744689
16327,21090299706
16328,21090334446
16329,21090339366
16330,21106415672
16331,21106423372
16332,21106429042
16333,21116493775
16334,21116502565
16335,21116517915
16336,20493369504
16337,20493372924
16338,20493385854
16339,20494945053
16340,20494946653
16341,20927886430
16342,20927889870
16343,20927891730
16344,20927897890
16345,20927915170
16346,20928113058
16347,20928140648
16348,20928151418
16349,20928152898
16350,21089800406
16351,21089826886
16352,21105903842
16353,21105911182
16354,21105920522
16355,21105922472
16356,21105926062
16357,21115993595
16358,20492863204
16359,20492935484
16360,20492957254
16361,20494415743
16362,20927381920
16363,20927464100
16364,20927466130
16365,20927475920
16366,20927687698
16367,20927698958
16368,20927703918
16369,20928695759
16370,20928782369
16371,21089361626
16372,21089363386
16373,21089374926
16374,21089381646
16375,21105379562
16376,21105464762
16377,21115492665
16378,21115562145
16379,21115569575
16380,21115592645
16381,21123220811
16382,20492436174
16383,20492474054
16384,20492542904
16385,20493929013
16386,20493937893
16387,20493955793
16388,20494035323
16389,20494042783
16390,20926923550
16391,20926941080
16392,20926950440
16393,20926952620
16394,20927113598
16395,20927150528
16396,20927151718
16397,20927226538
16398,20928206279
16399,20928244019
16400,21088846186
16401,21088853346
16402,21104934572
16403,21104969062
16404,20491854504
16405,20492022734
16406,20493408643
16407,20493416673
16408,20493566073
16409,20926515510
16410,20926516830
16411,20926748948
16412,20927817159
16413,20927835139
16414,20927836759
16415,21088441196
16416,21104384992
16417,21104386242
16418,21104388882
16419,21104399432
16420,21104512902
16421,21104522422
16422,21104537962
16423,21104546392
16424,21114494245
16425,21114609755
16426,20491407224
16427,20492943103
16428,20492960383
16429,20925902220
16430,20925995870
16431,20926149318
16432,20926245468
16433,20927166229
16434,20927170729
16435,20927218159
16436,20927224339
16437,20927321059
16438,21087771516
16439,21087807766
16440,21087809226
16441,21087910726
16442,21087917086
16443,21103866072
16444,21103923922
16445,21103926662
16446,21103928272
16447,21104018572
16448,21121689631
16449,21121731191
16450,20490926364
16451,20490936534
16452,20490944754
16453,20490950324
16454,20490952834
16455,20492400393
16456,20492469063
16457,20492476723
16458,20925463000
16459,20925696378
16460,20925700618
16461,20926686289
16462,20926781419
16463,21087380476
16464,21103455122
16465,21103457212
16466,21103461192
16467,21103487722
16468,21103489512
16469,21113543105
16470,21113562475
16471,21121192781
16472,21121194211
16473,21121261631
16474,20490394884
16475,20490396304
16476,20490571104
16477,20490572624
16478,20490575624
16479,20491932883
16480,20491950303
16481,20924922160
16482,20924925610
16483,20924931510
16484,20925132028
16485,20925134438
16486,20925293778
16487,20925304698
16488,20926385969
16489,20926387489
16490,20926390149
16491,20926401589
16492,21086989576
16493,21103096372
16494,21113183655
16495,21120741651
16496,21120745511
16497,20489978254
16498,20489983844
16499,20490132484
16500,20924502390
16501,20924512510
16502,20924645590
16503,20924651330
16504,20924854188
16505,20924855638
16506,20925814089
16507,20925937069
16508,20925940819
16509,20925952589
16510,20925960629
16511,21086409626
16512,21086551506
16513,21102510152
16514,21102641272
16515,21102649842
16516,21112594415
16517,21120316501
16518,21120321891
16519,21120451871
16520,21120460871
16521,20489723254
16522,20489736264
16523,20489744124
16524,20491260113
16525,20491273113
16526,20491293203
16527,20924240500
16528,20924260550
16529,20924453498
16530,20925563899
16531,20925565599
16532,21086154396
16533,21086155906
16534,21086158806
16535,21086161796
16536,21086175086
16537,21086178386
16538,21102250822
16539,21112344615
16540,21112347615
16541,21112349135
16542,21112367915
16543,21120060551
16544,20489392984
16545,20489395764
16546,20489403614
16547,20490932113
16548,20490946053
16549,20923906160
16550,20923921770
16551,20924139008
16552,20924141858
16553,20924147268
16554,20925212359
16555,20925232999
16556,20925237589
16557,21085807586
16558,21085816086
16559,21101912972
16560,21101935062
16561,21112011275
16562,21112019585
16563,21112023225
16564,21112034465
16565,21119715391
16566,21119717391
16567,21119718821
16568,21119732611
16569,20488947154
16570,20488955994
16571,20488963044
16572,20488972544
16573,20490484453
16574,20490490433
16575,20490504243
16576,20490513503
16577,20923406078
16578,20923468060
16579,20923696348
16580,20923705278
16581,21085373516
16582,21085395656
16583,21101479962
16584,21101481592
16585,21101483242
16586,21101484632
16587,21111568955
16588,21111588105
16589,21111591275
16590,21119278721
16591,21119285321
16592,21119302691
16593,20488224724
16594,20488304934
16595,20489842353
16596,20489853453
16597,20489855133
16598,20489870583
16599,20922838610
16600,20922846170
16601,20923047528
16602,20923052258
16603,20923057618
16604,20924135789
16605,20924148839
16606,21084644136
16607,21084647486
16608,21084715326
16609,21084719796
16610,21100756652
16611,21100832482
16612,21110925495
16613,21110939135
16614,21110942025
16615,21110947725
16616,21118636071
16617,20488042674
16618,20488052954
16619,20488063924
16620,20489601013
16621,20489604603
16622,20489605923
16623,20922566710
16624,20922579240
16625,20922588320
16626,20922779258
16627,20922800638
16628,20923874919
16629,20923885389
16630,20923889229
16631,20923893999
16632,21084466476
16633,21084485906
16634,21100577972
16635,21110663385
16636,21110667785
16637,21110669215
16638,21110691895
16639,21118375841
16640,21118388371
16641,21118393531
16642,20487704504
16643,20487710494
16644,20487724644
16645,20487728294
16646,20922442288
16647,20922446878
16648,20922449268
16649,20922452878
16650,20922462778
16651,20922465808
16652,20923541529
16653,20923552779
16654,20923562359
16655,21084123386
16656,21084127456
16657,21084146926
16658,21100242962
16659,21100248242
16660,21100260702
16661,21100263602
16662,21110339315
16663,21110344765
16664,21118043271
16665,21118057111
16666,21118063771
16667,20487396564
16668,20487397454
16669,20487402634
16670,20487403814
16671,20488958863
16672,20921946130
16673,20922150038
16674,20923234409
16675,20923236729
16676,20923243569
16677,20923250069
16678,21083820036
16679,21083823946
16680,21083829906
16681,21083839646
16682,21083843596
16683,21099949452
16684,21099955092
16685,21110021395
16686,21110022745
16687,21110030545
16688,21110036665
16689,21110039465
16690,21110040935
16691,20488616123
16692,20488621533
16693,20921672550
16694,20921792578
16695,20921799908
16696,20921802528
16697,20921807998
16698,20921813498
16699,20921875178
16700,20922883349
16701,20922887399
16702,20922890909
16703,20922904849
16704,20922971339
16705,21083481356
16706,21099611242
16707,21099675652
16708,21109687145
16709,21109698235
16710,21109700945
16711,21109702365
16712,21109766175
16713,21109768995
16714,20488419523
16715,20488427683
16716,20488441993
16717,20488445633
16718,20488447063
16719,20921395780
16720,20921403660
16721,20921410640
16722,20921413170
16723,20921415770
16724,20921613408
16725,20921628608
16726,20922695899
16727,20922709049
16728,20922711789
16729,21099401832
16730,21099404602
16731,21099412292
16732,21099422802
16733,21099427862
16734,21099429152
16735,21109498755
16736,21109503845
16737,21117222381
16738,20486755534
16739,20486757704
16740,20486762944
16741,20486770344
16742,20488310933
16743,20921261630
16744,20921288830
16745,20921291180
16746,20921292680
16747,20921479158
16748,20921501438
16749,20922565479
16750,20922569579
16751,20922572519
16752,21083161056
16753,21083170576
16754,21099269922
16755,21099275252
16756,21099282922
16757,21099285212
16758,21099287462
16759,21109374975
16760,21109382225
16761,21109386335
16762,20486400314
16763,20486403024
16764,20486628084
16765,20487939973
16766,20488186153
16767,20488188693
16768,20921124678
16769,20921128738
16770,20921152650
16771,20921156220
16772,20921370848
16773,20921374638
16774,20922221129
16775,20922227479
16776,20922229709
16777,21082820006
16778,21082822316
16779,21098920052
16780,21098921282
16781,21098931152
16782,21099153972
16783,21099162612
16784,21109252225
16785,21109253175
16786,20486039674
16787,20486042734
16788,20486057234
16789,20486083434
16790,20486085284
16791,20487584453
16792,20920568990
16793,20920576510
16794,20920785458
16795,20921870429
16796,20921874169
16797,20921883019
16798,20921898599
16799,21082478906
16800,21082480326
16801,21082498786
16802,21098572352
16803,21098573762
16804,21098606032
16805,21098607182
16806,21098609222
16807,21108660485
16808,20485910744
16809,20485917084
16810,20485929064
16811,20487468523
16812,20487469793
16813,20920462060
16814,20920650028
16815,20920665588
16816,20921728049
16817,20921734079
16818,20921738139
16819,20921739549
16820,20921755869
16821,21082344036
16822,21082347506
16823,21082359676
16824,21098438662
16825,21098442922
16826,21098457142
16827,21098458482
16828,21098459762
16829,21108531565
16830,21116243191
16831,21116256591
16832,21116268531
16833,20485776964
16834,20485782514
16835,20485788064
16836,20487313323
16837,20487337183
16838,20487339693
16839,20920317040
16840,20920324400
16841,20920507378
16842,20920515018
16843,20920525898
16844,20920527148
16845,20921621469
16846,21082190026
16847,21082216016
16848,21098299852
16849,21098315132
16850,21098331562
16851,21108393405
16852,21116103831
16853,21116112811
16854,21116114371
16855,21116117341
16856,21116122981
16857,20485363814
16858,20485384484
16859,20485387344
16860,20486904783
16861,20486907593
16862,20486909013
16863,20486913613
16864,20486933223
16865,20486934373
16866,20486935933
16867,20919909350
16868,20920089928
16869,20920106308
16870,20921192319
16871,20921193999
16872,20921202049
16873,21081777366
16874,21097897952
16875,21097908572
16876,21097916182
16877,21097917592
16878,21097919082
16879,21107985185
16880,21115700891
16881,20485247454
16882,20486766563
16883,20486789553
16884,20486790983
16885,20486794253
16886,20919750210
16887,20919769850
16888,20919776580
16889,20919969328
16890,20921041119
16891,20921048329
16892,20921050829
16893,21081639106
16894,21081655036
16895,21081656556
16896,21081657876
16897,21081668426
16898,21097756872
16899,21097763032
16900,21097764352
16901,21107851765
16902,21107856845
16903,21107861735
16904,21107867465
16905,21115559861
16906,20485096624
16907,20485097684
16908,20485117694
16909,20485122924
16910,20486663373
16911,20919619010
16912,20919621830
16913,20919632200
16914,20919633630
16915,20919822498
16916,20919827168
16917,20919829818
16918,20919838068
16919,20919841638
16920,20920915929
16921,20920920979
16922,20920922139
16923,20920930789
16924,21097627982
16925,21097639652
16926,21097646392
16927,21097650622
16928,21107722825
16929,21107727565
16930,20484984384
16931,20484993554
16932,20484994874
16933,20484999544
16934,20486532983
16935,20486535993
16936,20919500870
16937,20919503390
16938,20919508380
16939,20919512330
16940,20919693938
16941,20919706488
16942,20919711958
16943,20920784099
16944,21097499372
16945,21097521382
16946,21097524692
16947,21107589745
16948,21107596675
16949,21115294021
16950,21115299201
16951,21115301911
16952,21115311541
16953,21115314411
16954,21115320261
16955,20484334264
16956,20484344294
16957,20484868134
16958,20485883423
16959,20918856730
16960,20919067838
16961,20919070518
16962,20919071568
16963,20919591478
16964,20920150849
16965,21080750546
16966,21080755796
16967,21096861922
16968,21096864962
16969,21096868132
16970,21097388412
16971,21106957245
16972,21107477445
16973,21107479015
16974,21107481315
16975,21107484045
16976,21107487605
16977,21114664711
16978,21115195371
16979,20484229354
16980,20485475163
16981,20485761213
16982,20918672208
16983,20918753960
16984,20918758550
16985,20918761750
16986,20918765330
16987,20918943358
16988,20918958558
16989,20918961528
16990,20918963748
16991,20920032949
16992,20920036959
16993,20920043549
16994,21080635766
16995,21080637036
16996,21080654456
16997,21096747752
16998,21106833635
16999,21106834985
17000,21106845885
17001,21114546931
17002,21114553671
17003,21114556751
17004,20483824844
17005,20483829854
17006,20483836484
17007,20485356053
17008,20485372933
17009,20918348590
17010,20918350980
17011,20918362180
17012,20918372570
17013,20918556418
17014,20918559568
17015,20918566438
17016,20919644149
17017,20919661219
17018,20919665429
17019,21080262866
17020,21096373092
17021,21106455945
17022,21106465925
17023,21114155081
17024,21114156211
17025,21114159611
17026,21114163211
17027,21114167541
17028,21114173161
17029,20483441934
17030,20483451134
17031,20484967723
17032,20484968773
17033,20484973683
17034,20484977023
17035,20917971290
17036,20918176098
17037,20918179708
17038,20918454648
17039,20918455828
17040,20919258129
17041,20919268429
17042,20919543659
17043,21079861246
17044,21079871386
17045,21080140226
17046,21095971702
17047,21096259132
17048,21106058485
17049,21106064395
17050,20483331864
17051,20483338204
17052,20483345214
17053,20484860533
17054,20484872233
17055,20484875883
17056,20917856310
17057,20918041438
17058,20918067008
17059,20919140519
17060,21079734686
17061,21079735926
17062,21079750786
17063,21095847472
17064,21095854972
17065,21095856352
17066,21105935915
17067,21105946135
17068,21105947355
17069,21105950015
17070,21105953655
17071,21105957095
17072,21113641521
17073,21113646551
17074,20483206264
17075,20483209704
17076,20483221284
17077,20484735573
17078,20484747803
17079,20484753863
17080,20484755043
17081,20917716420
17082,20917718940
17083,20917719980
17084,20917733370
17085,20919020669
17086,20919024239
17087,20919027619
17088,20919032499
17089,20919038349
17090,20919039569
17091,21079620386
17092,21079630376
17093,21079635166
17094,21095735112
17095,21095739852
17096,21105813975
17097,21105825925
17098,20482814334
17099,20482817564
17100,20484353873
17101,20484369143
17102,20484373843
17103,20917339430
17104,20917535988
17105,20917541828
17106,20917545238
17107,20917547308
17108,20917551898
17109,20917554488
17110,20917555628
17111,20918628349
17112,20918637729
17113,20918642299
17114,20918647739
17115,21095358322
17116,21095363102
17117,21105432565
17118,21105443245
17119,21113128031
17120,21113130231
17121,21113131281
17122,20482698254
17123,20482702094
17124,20482710764
17125,20482716814
17126,20484240403
17127,20484249183
17128,20917210710
17129,20917212010
17130,20917222750
17131,20917228050
17132,20917229080
17133,20917233560
17134,20917237010
17135,20917410118
17136,20917436908
17137,20918515279
17138,20918527539
17139,20918533249
17140,21079116996
17141,21095231332
17142,21095234812
17143,21095251532
17144,21105319735
17145,21113014441
17146,20482413384
17147,20482414454
17148,20483937013
17149,20916921470
17150,20916928750
17151,20916937790
17152,20916945420
17153,20917117598
17154,20917123698
17155,20917140438
17156,20917142858
17157,20918212479
17158,20918228899
17159,20918232269
17160,21078823226
17161,21078846326
17162,21094946792
17163,21094959132
17164,21105013795
17165,21105019085
17166,21105027825
17167,21105038075
17168,21112715811
17169,21112729061
17170,20482282174
17171,20482296804
17172,20482309764
17173,20483822293
17174,20483827813
17175,20916799270
17176,20916812150
17177,20916813360
17178,20916818740
17179,20917017978
17180,20918098649
17181,20918112909
17182,20918114059
17183,20918115279
17184,21078697336
17185,21078706586
17186,21078707686
17187,21078721666
17188,21094812692
17189,21094818872
17190,21094823502
17191,21094826962
17192,20481934434
17193,20481937554
17194,20481940254
17195,20483459803
17196,20483474083
17197,20483478213
17198,20483480373
17199,20483481423
17200,20916455520
17201,20916457560
17202,20917739759
17203,20917745509
17204,20917760779
17205,21078352626
17206,21078359256
17207,21078361326
17208,21078366726
17209,21078368796
17210,21104538475
17211,21104543345
17212,21104557705
17213,21104559815
17214,21112242651
17215,21112250701
17216,21112255251
17217,20481826214
17218,20481828674
17219,20481831014
17220,20481837104
17221,20481840784
17222,20483350043
17223,20483351023
17224,20483367433
17225,20483370833
17226,20916536948
17227,20916545438
17228,20916557308
17229,21078240906
17230,21078246676
17231,21094355492
17232,21094360282
17233,21104419525
17234,21104420635
17235,21104422935
17236,21104433315
17237,21104442605
17238,21104443545
17239,21104445935
17240,21112127681
17241,21112136211
17242,20481453274
17243,20481460464
17244,20481467714
17245,20915978970
17246,20915985810
17247,20916168098
17248,20916171828
17249,20916174218
17250,20916187648
17251,20917261229
17252,20917273209
17253,21077868936
17254,21077872796
17255,21077876186
17256,21077888076
17257,21093975322
17258,21093981262
17259,21093993902
17260,21093994862
17261,21094002972
17262,21104054935
17263,21104077855
17264,21111778341
17265,20481332564
17266,20481337224
17267,20482868613
17268,20915853830
17269,20915856320
17270,20915859810
17271,20915860910
17272,20915867400
17273,20915875100
17274,20916057128
17275,20916067918
17276,20916071028
17277,20917156009
17278,20917159419
17279,20917164539
17280,20917165619
17281,21077744976
17282,21077762746
17283,21093877712
17284,21093884662
17285,21103947745
17286,21103948905
17287,21111644911
17288,20481221994
17289,20481226604
17290,20481235834
17291,20481241424
17292,20915743640
17293,20915942028
17294,20915955998
17295,20915957178
17296,20915959508
17297,21077631086
17298,21077642806
17299,21077645236
17300,21093755422
17301,21093761762
17302,21093763992
17303,21093765502
17304,21103819915
17305,21103823255
17306,21103831915
17307,21103834065
17308,21111529351
17309,21111534571
17310,21111535591
17311,21111548311
17312,20481109984
17313,20482642993
17314,20482646873
17315,20915629310
17316,20915632850
17317,20915641400
17318,20915839768
17319,20915844458
17320,20916916869
17321,20916918309
17322,20916932859
17323,20916933819
17324,20916937389
17325,21077530276
17326,21077539706
17327,21093630852
17328,21093636692
17329,21093642132
17330,21093647352
17331,21093648502
17332,21103700765
17333,21103710115
17334,21103728355
17335,21111414981
17336,21111415951
17337,20480472634
17338,20480478994
17339,20480480174
17340,20480482404
17341,20480490474
17342,20482020033
17343,20482021303
17344,20914982950
17345,20915183998
17346,20915185308
17347,20915188978
17348,20915204858
17349,20916277539
17350,20916280909
17351,20916297799
17352,20916298819
17353,21076888996
17354,21076891346
17355,21093007862
17356,21093023462
17357,21093024752
17358,21103061725
17359,21110785681
17360,21110793551
17361,20480200334
17362,20480203594
17363,20480356254
17364,20481740233
17365,20481898613
17366,20914720900
17367,20916007369
17368,20916008619
17369,20916009829
17370,20916019179
17371,21076606086
17372,21076622316
17373,21076768246
17374,21076774036
17375,21092889762
17376,21102791965
17377,21102794505
17378,21102953515
17379,21102955025
17380,21110508771
17381,21110516871
17382,21110664321
17383,21110667821
17384,21110673731
17385,20480074824
17386,20480093484
17387,20480094774
17388,20480097704
17389,20481605413
17390,20481610143
17391,20481615053
17392,20481621173
17393,20914604020
17394,20914784878
17395,20914796658
17396,20914803948
17397,20915903609
17398,21076504246
17399,21092596502
17400,21092602322
17401,21102667665
17402,21102673595
17403,21102675925
17404,21102694855
17405,21110380921
17406,21110390611
17407,21110393311
17408,21110394701
17409,21110404701
17410,20479958894
17411,20481482243
17412,20481486783
17413,20481492353
17414,20481502133
17415,20481506243
17416,20914482740
17417,20914665888
17418,20914683338
17419,20914687138
17420,20915758699
17421,20915766989
17422,20915776369
17423,21076368536
17424,21076372136
17425,21076377566
17426,21076381486
17427,21092471302
17428,21092487692
17429,21092489922
17430,21102541485
17431,21110253201
17432,21110257291
17433,21110267651
17434,21110280041
17435,20479829644
17436,20481362323
17437,20481372563
17438,20914330230
17439,20914543958
17440,20915631539
17441,20915633929
17442,20915637649
17443,20915642989
17444,20915644329
17445,21076232446
17446,21076243476
17447,21076253806
17448,21076256726
17449,21092351552
17450,21092363032
17451,21092364342
17452,21092369592
17453,21102419445
17454,21102444205
17455,21102445345
17456,21110124811
17457,21110134091
17458,20478947114
17459,20478950044
17460,20478951484
17461,20478963074
17462,20480499983
17463,20913466020
17464,20913479350
17465,20913673598
17466,20914758559
17467,20914774409
17468,20914775879
17469,20914782929
17470,20914788009
17471,21075360186
17472,21075364726
17473,21075375976
17474,21091469902
17475,21091493822
17476,21101530645
17477,21101532115
17478,21109250741
17479,21109254401
17480,21109255731
17481,21109265071
17482,20478429094
17483,20478431824
17484,20478443614
17485,20478457484
17486,20479963743
17487,20479965273
17488,20479970403
17489,20479975903
17490,20913142678
17491,20913152558
17492,20913166018
17493,20913167268
17494,20913546478
17495,20914254209
17496,20914265339
17497,20914271949
17498,21074839756
17499,21074863166
17500,21090971922
17501,21101038085
17502,21101054235
17503,21108741171
17504,21108747281
17505,20478308184
17506,20478309644
17507,20478311044
17508,20478314924
17509,20478317854
17510,20478319294
17511,20479824313
17512,20479828723
17513,20479837033
17514,20913017388
17515,20913021938
17516,20913027188
17517,20914116069
17518,20914132939
17519,21074699306
17520,21074707446
17521,21074710396
17522,21074713176
17523,21090822072
17524,21100886135
17525,21108594831
17526,21108598891
17527,21108602901
17528,21108620851
17529,21108627971
17530,20477883424
17531,20477896194
17532,20477902524
17533,20477907724
17534,20477918284
17535,20479424483
17536,20479442763
17537,20479450513
17538,20912409690
17539,20912416370
17540,20912425440
17541,20912433420
17542,20913700769
17543,20913713509
17544,20913732839
17545,21074300896
17546,21074302686
17547,21074311566
17548,21074327136
17549,21090424982
17550,21090426252
17551,21100509695
17552,21100511325
17553,20477748764
17554,20477756184
17555,20477760384
17556,20477767044
17557,20477769814
17558,20479292733
17559,20912268820
17560,20912274510
17561,20912280050
17562,20912281420
17563,20912297220
17564,20912460838
17565,20912471308
17566,20912489008
17567,20913563899
17568,20913566859
17569,21074156186
17570,21090274562
17571,21090276992
17572,21090294302
17573,21090297102
17574,21090301292
17575,21100363425
17576,21100366015
17577,20477354904
17578,20478909113
17579,20478920673
17580,20478923763
17581,20911879940
17582,20912082568
17583,20913174999
17584,20913176209
17585,20913177309
17586,21073793136
17587,21073796026
17588,21089900842
17589,21089905062
17590,21089910202
17591,21089916142
17592,21099967985
17593,21099977435
17594,21099979945
17595,21099982455
17596,21099983845
17597,21107665731
17598,21107678001
17599,21107679841
17600,21107690761
17601,20477235854
17602,20477242044
17603,20478749483
17604,20478768693
17605,20911730120
17606,20911739530
17607,20911754420
17608,20911939988
17609,20913027409
17610,20913052149
17611,20913061829
17612,21073620356
17613,21073624976
17614,21073628006
17615,21073634216
17616,21089741232
17617,21089758812
17618,21089762142
17619,21089763532
17620,21089765172
17621,21089774172
17622,21089775942
17623,21107524981
17624,20476776104
17625,20476788904
17626,20476793264
17627,20476796674
17628,20478311453
17629,20478318133
17630,20478321723
17631,20478338773
17632,20911314740
17633,20911319870
17634,20911503268
17635,20911511198
17636,20912618919
17637,21073191216
17638,21089307132
17639,21089314252
17640,21099382915
17641,21099386045
17642,21099391295
17643,21099406745
17644,21107078281
17645,21107082551
17646,21107099661
17647,21107106151
17648,21107107451
17649,20476636234
17650,20476662854
17651,20476664114
17652,20478191023
17653,20478197773
17654,20478206533
17655,20911164090
17656,20911166500
17657,20911184260
17658,20911189970
17659,20911376508
17660,20911386878
17661,20912451859
17662,20912456259
17663,20912471219
17664,21073049526
17665,21073063816
17666,21073065056
17667,21073072126
17668,21089176192
17669,21089177492
17670,21089181642
17671,21089199702
17672,21099260085
17673,20476506324
17674,20478057133
17675,20478065753
17676,20478066873
17677,20478069413
17678,20478074243
17679,20911030470
17680,20911043450
17681,20911047410
17682,20911052190
17683,20911060800
17684,20912326069
17685,20912330979
17686,21072920206
17687,21072934506
17688,21072936736
17689,21089053322
17690,21089056992
17691,21099113595
17692,21099119795
17693,21099122135
17694,21099139095
17695,21106837861
17696,20476103934
17697,20476106584
17698,20476107984
17699,20476109344
17700,20476110474
17701,20477627493
17702,20477638113
17703,20910611570
17704,20910619880
17705,20910805128
17706,20910809528
17707,20910815028
17708,20910821848
17709,20910824908
17710,20911913359
17711,21072508926
17712,21072509996
17713,21072512886
17714,21088623242
17715,21088624402
17716,21098688925
17717,21098689995
17718,21098690905
17719,21098693275
17720,20475814774
17721,20477365743
17722,20910353000
17723,20910356240
17724,20910364390
17725,20910367950
17726,20910369160
17727,20910370420
17728,20910373020
17729,20910538408
17730,20910554108
17731,20910559528
17732,21072248536
17733,21072251406
17734,21088356792
17735,21088360582
17736,21088365242
17737,21088367502
17738,21098427165
17739,21098456175
17740,21106129621
17741,21106130671
17742,21106133311
17743,21106144971
17744,21106149011
17745,20475449554
17746,20475541704
17747,20477075533
17748,20910067210
17749,20910071010
17750,20910175898
17751,20910179258
17752,20911267319
17753,20911275779
17754,20911369959
17755,20911375119
17756,20911376519
17757,21071957836
17758,21071958976
17759,21071961696
17760,21071967976
17761,21071969616
17762,21071973876
17763,21088085182
17764,21088093902
17765,21088097632
17766,21098060345
17767,20475306324
17768,20475308864
17769,20475312674
17770,20475316674
17771,20475329434
17772,20475333924
17773,20476856943
17774,20476867823
17775,20909839750
17776,20909847200
17777,20909852660
17778,20910044278
17779,20911153459
17780,20911154719
17781,20911157609
17782,20911160249
17783,21071728136
17784,21071730576
17785,21071736956
17786,21071747976
17787,21071759786
17788,21087870232
17789,21097933435
17790,21097936215
17791,20475161944
17792,20475171824
17793,20476712453
17794,20476715483
17795,20476725043
17796,20476729423
17797,20476730913
17798,20909689590
17799,20909693700
17800,20909695360
17801,20909718860
17802,20909720370
17803,20909891218
17804,20909892418
17805,20910986089
17806,20910997819
17807,20911004889
17808,20911016099
17809,21071617526
17810,21087729972
17811,21097790335
17812,21097798835
17813,20475031504
17814,20475037264
17815,20475054924
17816,20476563453
17817,20476576583
17818,20476593303
17819,20909565120
17820,20909574410
17821,20909770808
17822,20909772098
17823,20910847549
17824,20910851029
17825,20910852559
17826,20910854219
17827,20910859559
17828,20910866209
17829,20910876399
17830,21071474336
17831,21087568462
17832,21087585692
17833,21087587052
17834,21087588432
17835,21097639545
17836,20474568404
17837,20474587654
17838,20474588864
17839,20476120193
17840,20476126133
17841,20909131000
17842,20909132290
17843,20909296008
17844,20909297168
17845,20909298838
17846,20909307568
17847,20909310528
17848,20909324398
17849,20910389369
17850,20910399419
17851,20910400619
17852,20910408799
17853,20910414559
17854,20910416009
17855,20910423429
17856,21071013856
17857,21071021926
17858,21087142782
17859,21087146672
17860,20475983823
17861,20476005363
17862,20908985040
17863,20908987920
17864,20908990510
17865,20909161328
17866,20909169498
17867,20910256689
17868,20910260989
17869,20910263629
17870,21070891076
17871,21086984062
17872,21086989012
17873,21087001912
17874,21087003292
17875,21097046005
17876,21097056835
17877,21097060975
17878,21097062515
17879,21097073775
17880,21097077065
17881,21104742311
17882,21104757361
17883,21104766331
17884,20475857033
17885,20475861173
17886,20475867523
17887,20908832120
17888,20908850880
17889,20909015558
17890,20909016978
17891,20909029248
17892,20909036028
17893,20909045488
17894,20910119409
17895,20910135579
17896,21070722966
17897,21070724326
17898,21070731796
17899,21070735686
17900,21070738696
17901,21070747766
17902,21070750226
17903,21086854402
17904,21096923345
17905,21096938965
17906,20473915824
17907,20475451523
17908,20475454343
17909,20475457243
17910,20475459963
17911,20908213470
17912,20908468340
17913,20908469720
17914,20908648298
17915,20909502559
17916,20909727689
17917,20909749569
17918,21070336466
17919,21070350386
17920,21070354486
17921,21070358776
17922,21086468722
17923,21086472492
17924,21086473772
17925,21086475292
17926,21086483632
17927,21096292855
17928,21096295915
17929,21096542365
17930,21104231771
17931,20473544334
17932,20475082913
17933,20475091463
17934,20475095603
17935,20475110453
17936,20908070800
17937,20908086820
17938,20908097650
17939,20908273018
17940,20909375689
17941,20909389089
17942,21069971126
17943,21069981696
17944,21069984736
17945,21069985946
17946,21069988686
17947,21069992886
17948,21069995576
17949,21086093682
17950,21086110602
17951,21086113452
17952,20473405874
17953,20473410844
17954,20473417224
17955,20474948273
17956,20474956603
17957,20907925980
17958,20907944660
17959,20907954030
17960,20908117138
17961,20908146918
17962,20909224569
17963,21069821896
17964,21069827646
17965,21069837956
17966,21069855876
17967,21085952842
17968,21085968272
17969,21085969722
17970,21085972762
17971,21085980572
17972,21096010665
17973,21096012265
17974,21096036265
17975,21103726251
17976,20473257224
17977,20474782853
17978,20474811933
17979,20907780970
17980,20907782480
17981,20907793510
17982,20907803140
17983,20907804350
17984,20907987158
17985,20907997268
17986,20909060709
17987,20909062309
17988,20909071469
17989,21069666906
17990,21069685746
17991,21069701156
17992,21085798282
17993,21085805012
17994,21085821462
17995,21095876985
17996,21095880355
17997,21103552991
17998,21103558781
17999,21103568331
18000,20473103534
18001,20473119734
18002,20474626013
18003,20474657433
18004,20907626120
18005,20907637760
18006,20907640630
18007,20907824138
18008,20908901869
18009,20908910739
18010,20908912219
18011,20908922389
18012,21069513016
18013,21069514546
18014,21069517296
18015,21069536376
18016,21069542106
18017,21085666082
18018,21095697375
18019,21095712315
18020,21095713715
18021,21103401521
18022,21103408741
18023,21103420581
18024,20472907494
18025,20472910894
18026,20472932734
18027,20472934224
18028,20472941684
18029,20474450863
18030,20474479073
18031,20907455450
18032,20907469530
18033,20907475330
18034,20907642078
18035,20907646678
18036,20908730779
18037,20908732439
18038,20908749499
18039,21069332486
18040,21069337776
18041,21069350206
18042,21069351546
18043,21085469612
18044,21085471512
18045,21085494452
18046,21095543215
18047,21095551235
18048,21103215601
18049,20472748034
18050,20472768824
18051,20474286753
18052,20474296753
18053,20474302533
18054,20474305233
18055,20474307033
18056,20907294160
18057,20907303720
18058,20907473218
18059,20907483638
18060,20907492858
18061,20907498778
18062,20908566989
18063,20908568449
18064,20908593419
18065,20908594859
18066,21069199776
18067,21085324862
18068,21085333812
18069,21095367455
18070,20472593564
18071,20472619504
18072,20472625674
18073,20474136463
18074,20907122700
18075,20907135700
18076,20907158740
18077,20907326288
18078,20907347748
18079,20908417699
18080,20908430789
18081,20908432399
18082,20908440609
18083,21069015126
18084,21069022886
18085,21069028056
18086,21085174442
18087,21095221125
18088,21102903511
18089,21102908491
18090,21102917251
18091,21102922201
18092,21102923911
18093,21102929031
18094,20472445434
18095,20472454694
18096,20472465904
18097,20473971713
18098,20473982153
18099,20473983533
18100,20473996343
18101,20474010533
18102,20906997610
18103,20907169858
18104,20908260959
18105,20908278259
18106,21068855476
18107,21068856726
18108,21068858696
18109,21068860656
18110,21068881756
18111,21068888036
18112,21085023832
18113,21095050245
18114,21095054615
18115,21095057885
18116,21095059275
18117,21095071935
18118,21102764791
18119,20472259904
18120,20472264624
18121,20472270164
18122,20472280544
18123,20473812343
18124,20473834493
18125,20473837203
18126,20906795430
18127,20906805440
18128,20906808420
18129,20906820310
18130,20907015008
18131,20908095089
18132,20908109339
18133,20908113309
18134,21068688336
18135,21068709596
18136,21068712256
18137,21068714766
18138,21084825382
18139,21084831102
18140,21094897765
18141,21102585421
18142,21102594081
18143,21102595641
18144,20471290174
18145,20471303244
18146,20471309944
18147,20471316684
18148,20472848463
18149,20905837750
18150,20905854250
18151,20905863070
18152,20906010468
18153,20906017028
18154,20906039308
18155,20907122789
18156,20907126369
18157,20907139099
18158,21067715116
18159,21067727096
18160,21067732256
18161,21067738926
18162,21067743756
18163,21067756026
18164,21083851062
18165,21083868232
18166,21083885092
18167,20471107654
18168,20471109344
18169,20471121454
18170,20471124164
18171,20471129164
18172,20471136624
18173,20472667513
18174,20472694643
18175,20905670550
18176,20905677070
18177,20905681940
18178,20906926629
18179,20906930779
18180,20906932599
18181,20906934339
18182,20906942549
18183,20906960989
18184,21067536916
18185,21067559576
18186,21083674362
18187,21083688902
18188,21083700292
18189,21083701612
18190,21083712122
18191,20472472503
18192,20472475513
18193,20472499453
18194,20905466620
18195,20905480010
18196,20905494450
18197,20905504250
18198,20905660688
18199,20905667928
18200,20906741039
18201,20906743009
18202,20906748009
18203,20906761379
18204,20906764259
18205,20906778479
18206,21083502022
18207,21083513782
18208,21083515872
18209,21083522422
18210,21093558935
18211,21093560745
18212,21093577075
18213,21101259951
18214,21101278071
18215,20472290853
18216,20472320423
18217,20472327823
18218,20472329583
18219,20905285450
18220,20905306650
18221,20905473678
18222,20905485708
18223,20905501488
18224,20906572079
18225,20906592009
18226,20906604359
18227,21067188456
18228,21067210766
18229,21083315162
18230,21083321642
18231,21083327162
18232,21083352972
18233,21093391885
18234,21093399065
18235,21093404645
18236,21101062481
18237,21101076111
18238,21101085761
18239,21101089501
18240,20470561224
18241,20472112963
18242,20472135353
18243,20472146113
18244,20472150053
18245,20905113720
18246,20905115370
18247,20905302578
18248,20905334208
18249,20906416289
18250,20906425559
18251,21067000656
18252,21067015056
18253,21067018996
18254,21067022816
18255,21067035886
18256,21083142632
18257,21093198795
18258,21093213865
18259,21093226955
18260,21100886151
18261,21100899081
18262,21100901321
18263,21100911321
18264,20470400164
18265,20470413884
18266,20470420114
18267,20470426284
18268,20471951523
18269,20471956633
18270,20471963793
18271,20904941310
18272,20904961250
18273,20904965820
18274,20905117088
18275,20905121618
18276,20905148068
18277,20906215579
18278,20906233379
18279,21066828746
18280,21066846596
18281,21093020645
18282,21093025425
18283,21093036855
18284,21093038375
18285,21093054445
18286,21093056675
18287,21100722721
18288,21100736781
18289,20470219804
18290,20470227364
18291,20470230964
18292,20470253054
18293,20904799600
18294,20904959608
18295,20904968418
18296,20906046899
18297,20906049099
18298,20906050369
18299,20906051729
18300,20906058959
18301,20906067319
18302,21066649176
18303,21066650466
18304,21066666656
18305,21066681936
18306,21082810022
18307,21082813222
18308,21082818272
18309,21082819912
18310,21092872225
18311,21092889315
18312,20471595883
18313,20471612313
18314,20471624303
18315,20471633243
18316,20471635003
18317,20904589230
18318,20904608460
18319,20904774688
18320,20904801338
18321,20904812428
18322,20905889609
18323,21066471136
18324,21066474096
18325,21066483496
18326,21066493656
18327,21066504626
18328,21066506086
18329,21082603422
18330,21092682795
18331,21092688305
18332,21100366971
18333,21100372511
18334,21100377731
18335,21100386741
18336,21100396471
18337,20469153344
18338,20470705593
18339,20470707373
18340,20470713283
18341,20470732563
18342,20903705600
18343,20903718490
18344,20903727760
18345,20903890478
18346,20903901618
18347,20903913828
18348,20904991799
18349,20904994429
18350,20905004039
18351,21065588736
18352,21065600836
18353,21081711572
18354,21081715732
18355,21081743262
18356,21081749202
18357,21091782145
18358,21091794855
18359,21099461571
18360,21099481151
18361,20468996164
18362,20469011304
18363,20469012804
18364,20470557523
18365,20470566453
18366,20470572493
18367,20470573833
18368,20470576843
18369,20903576360
18370,20904825499
18371,20904830019
18372,21065435306
18373,21065440726
18374,21065460226
18375,21081563732
18376,21081565282
18377,21081592332
18378,21081597792
18379,21091641695
18380,21091644845
18381,21091655235
18382,21099315681
18383,20468865014
18384,20470411733
18385,20903426700
18386,20903574028
18387,20903580438
18388,20904679359
18389,20904680879
18390,20904689679
18391,20904693139
18392,20904696839
18393,21065277616
18394,21065282396
18395,21065292576
18396,21065298496
18397,21081407192
18398,21081420002
18399,21081421852
18400,21081439662
18401,21081443042
18402,21091474575
18403,21091498125
18404,21091500615
18405,21099156421
18406,21099162911
18407,20468664704
18408,20468670244
18409,20468691404
18410,20470240983
18411,20470255533
18412,20903211270
18413,20903218450
18414,20903231580
18415,20903417568
18416,20903431788
18417,20904519299
18418,21065109116
18419,21065119026
18420,21081230572
18421,21081232462
18422,21081241182
18423,21081243212
18424,21081257712
18425,21081263222
18426,21081269512
18427,21091310565
18428,21091319635
18429,21091325215
18430,21091339155
18431,21098998261
18432,20468496574
18433,20468497804
18434,20468499324
18435,20470060333
18436,20470066533
18437,20470073793
18438,20903066760
18439,20903224648
18440,20903230098
18441,20903235978
18442,20903248408
18443,20903258098
18444,20903261518
18445,20904324729
18446,20904335259
18447,20904342939
18448,20904348419
18449,21064932436
18450,21064962206
18451,21064968706
18452,21081075182
18453,21081092102
18454,20468333504
18455,20468365714
18456,20902888390
18457,20902897970
18458,20902905550
18459,20902910160
18460,20902920900
18461,20903066388
18462,20903069678
18463,20903076068
18464,20903084478
18465,20904162019
18466,20904184579
18467,21064788286
18468,21064799016
18469,21064802276
18470,21064809656
18471,21080902452
18472,21080914502
18473,21080927102
18474,21090973745
18475,21090996725
18476,20468164394
18477,20468185064
18478,20469714193
18479,20469738553
18480,20902700770
18481,20902712390
18482,20902721000
18483,20902731530
18484,20902882128
18485,20902912308
18486,20903967149
18487,20903977989
18488,20903980229
18489,20904003509
18490,21064601816
18491,21064610986
18492,21064614536
18493,21080716352
18494,21080729772
18495,21080736732
18496,21080748052
18497,21090776455
18498,20467989734
18499,20467999104
18500,20468012844
18501,20468020434
18502,20469548093
18503,20469562553
18504,20469566973
18505,20902547220
18506,20902565450
18507,20902573620
18508,20902723458
18509,20902726808
18510,20902729978
18511,20903815719
18512,20903851199
18513,21064436286
18514,21064446186
18515,21064449146
18516,21064455866
18517,21064457236
18518,21064464126
18519,21080595732
18520,21090633645
18521,20466992994
18522,20466999954
18523,20468496373
18524,20468503893
18525,20468543263
18526,20469418083
18527,20901493940
18528,20901556090
18529,20901678668
18530,20901684618
18531,20902591098
18532,20902773409
18533,20902818669
18534,20903691249
18535,21063386186
18536,21063428796
18537,21063445886
18538,21063447766
18539,21079575402
18540,21089622105
18541,21089623925
18542,21090491685
18543,20466774814
18544,20466780934
18545,20466790364
18546,20466791894
18547,20466794784
18548,20468329103
18549,20468339603
18550,20901324190
18551,20901348110
18552,20901521168
18553,20901524508
18554,20902588399
18555,20902600119
18556,20902606499
18557,20902610829
18558,21063195606
18559,21063202316
18560,21063211376
18561,21063229966
18562,21079333372
18563,21079334902
18564,21079353922
18565,21079355272
18566,21089382015
18567,21097070141
18568,20466587224
18569,20466589144
18570,20466591454
18571,20466596944
18572,20468142473
18573,20468157373
18574,20468161243
18575,20468173513
18576,20901171350
18577,20901314508
18578,20901316438
18579,20901328898
18580,20901353338
18581,20902430389
18582,20902435859
18583,20902442399
18584,21063023816
18585,21063026946
18586,21063053716
18587,21079157462
18588,21079190132
18589,21089233375
18590,21089236475
18591,21089248465
18592,20466146214
18593,20466155404
18594,20467670103
18595,20467680573
18596,20467689373
18597,20467696863
18598,20467709643
18599,20467713233
18600,20900701810
18601,20900850538
18602,20900859488
18603,20900869118
18604,20900884888
18605,20900892178
18606,20901970489
18607,21062595716
18608,21078698532
18609,21078707112
18610,21078720852
18611,21088743685
18612,21096416661
18613,21096427131
18614,21096435251
18615,21096436901
18616,21096449981
18617,20465925584
18618,20465932834
18619,20465958844
18620,20467482163
18621,20467488253
18622,20900523980
18623,20900525960
18624,20900673598
18625,20900687188
18626,20900690968
18627,20901742279
18628,20901757489
18629,20901764659
18630,20901780949
18631,21062352086
18632,21062371716
18633,21062377106
18634,21062395446
18635,21078495032
18636,21078542472
18637,21088551945
18638,21088594335
18639,21096220281
18640,21096221591
18641,20465434664
18642,20465439374
18643,20465441344
18644,20467021043
18645,20899998640
18646,20900006940
18647,20900009380
18648,20900012800
18649,20900151288
18650,20900156768
18651,20900191588
18652,20901248439
18653,20901250299
18654,20901254509
18655,20901262209
18656,20901291439
18657,21061866466
18658,21061890396
18659,21078007602
18660,21078015162
18661,21078040442
18662,21088057525
18663,21088077975
18664,21095742891
18665,20465228884
18666,20465246614
18667,20465248174
18668,20465272004
18669,20466817633
18670,20466824753
18671,20466835163
18672,20466840423
18673,20899795940
18674,20899816850
18675,20899973678
18676,20899975678
18677,20899977358
18678,20899990978
18679,20901066439
18680,20901096749
18681,20901098599
18682,21061683976
18683,21061687796
18684,21061709096
18685,21077847992
18686,21077858312
18687,21077863562
18688,20465055784
18689,20465059434
18690,20465067194
18691,20465078574
18692,20466607023
18693,20466631143
18694,20899622230
18695,20899636560
18696,20899782278
18697,20899801268
18698,20899815578
18699,21061480206
18700,21061483556
18701,21061491606
18702,21061496936
18703,21077624132
18704,21077654202
18705,21077662792
18706,21077668812
18707,21087683345
18708,21087687585
18709,21095362671
18710,21095370271
18711,21095386821
18712,20464514374
18713,20464517074
18714,20464519324
18715,20464522354
18716,20464524374
18717,20464569034
18718,20466098573
18719,20466133893
18720,20466142003
18721,20466155993
18722,20899088420
18723,20899265118
18724,20899269428
18725,20899313638
18726,20900398369
18727,20900417819
18728,21061020336
18729,21077176672
18730,21077180502
18731,21087144715
18732,21087154575
18733,21087205935
18734,21087215755
18735,21087226065
18736,21094896221
18737,20463962514
18738,20464036724
18739,20464039304
18740,20464061834
18741,20464074894
18742,20465634813
18743,20465637123
18744,20898523010
18745,20898611490
18746,20898613660
18747,20898786378
18748,20898792798
18749,20898797648
18750,20899889019
18751,20899980079
18752,21060480216
18753,21076550762
18754,21076648772
18755,21076665522
18756,21086701435
18757,21086707845
18758,21094273651
18759,20463758574
18760,20463772024
18761,20465320723
18762,20465326213
18763,20465333833
18764,20465337373
18765,20898330400
18766,20898344390
18767,20898486048
18768,20898499518
18769,20898501128
18770,20898515708
18771,20899588949
18772,21060181226
18773,21060191116
18774,21060211026
18775,21076362592
18776,21086381915
18777,21086384745
18778,21086386185
18779,21086418585
18780,21094079711
18781,21094087201
18782,21094091651
18783,20463362224
18784,20463387314
18785,20463398104
18786,20463405154
18787,20464950333
18788,20464965563
18789,20464973383
18790,20897948160
18791,20898104748
18792,20898108348
18793,20898131668
18794,20898148118
18795,20899196689
18796,20899201529
18797,20899207369
18798,20899211109
18799,20899218869
18800,20899231359
18801,20899234659
18802,20899236059
18803,21075964222
18804,21075967972
18805,21075983672
18806,21086006105
18807,20463186994
18808,20463206854
18809,20463211744
18810,20463217284
18811,20464789383
18812,20464796673
18813,20897755800
18814,20897764490
18815,20897938058
18816,20897959488
18817,20897964698
18818,20899030979
18819,20899050549
18820,20899052149
18821,21059625346
18822,21059627016
18823,21059629156
18824,21059645576
18825,21075792522
18826,21075818032
18827,21085836185
18828,21085846995
18829,21085858765
18830,20462617944
18831,20462853574
18832,20462859444
18833,20464188173
18834,20464195663
18835,20464440493
18836,20897177450
18837,20897180070
18838,20897355208
18839,20897410510
18840,20897428920
18841,20897593648
18842,20897597848
18843,20898450799
18844,20898687649
18845,20898691899
18846,21059294536
18847,21075209532
18848,21075453862
18849,21085262635
18850,21085263905
18851,21085500755
18852,21085502725
18853,21092919261
18854,20462481164
18855,20462491094
18856,20462495294
18857,20462504474
18858,20462507084
18859,20464047153
18860,20464048863
18861,20464074243
18862,20464079333
18863,20897036540
18864,20897046720
18865,20897050830
18866,20897056500
18867,20897064340
18868,20897071770
18869,20898346209
18870,21058914656
18871,21058934866
18872,21058938186
18873,21075074312
18874,21075077432
18875,21085118985
18876,21092795911
18877,21092799151
18878,20462331554
18879,20462334774
18880,20462346064
18881,20463891193
18882,20463899443
18883,20896879580
18884,20896883300
18885,20896884870
18886,20897054998
18887,20897060368
18888,20897068778
18889,20897089838
18890,20898181299
18891,21058771566
18892,21058778786
18893,21058783266
18894,21058786976
18895,21058793506
18896,21074923102
18897,21074945532
18898,21084975205
18899,21084995265
18900,21092635151
18901,21092646591
18902,20462179964
18903,20462190094
18904,20463771073
18905,20463773613
18906,20463778693
18907,20896740510
18908,20896926888
18909,20896950998
18910,20898015059
18911,20898031019
18912,20898032629
18913,20898041469
18914,20898045689
18915,21058633816
18916,21058639376
18917,21074775852
18918,21084816975
18919,21084819545
18920,21084823695
18921,21084825225
18922,21084826745
18923,21084829545
18924,21084840725
18925,20462074084
18926,20463619273
18927,20463622083
18928,20463630943
18929,20896620100
18930,20896621400
18931,20896631850
18932,20896796908
18933,20896808098
18934,20897902199
18935,20897906429
18936,21058483076
18937,21058486106
18938,21058492146
18939,21058509446
18940,21058510646
18941,21074636482
18942,21074637832
18943,21074646242
18944,21074656222
18945,21074664732
18946,21084697695
18947,21084704055
18948,21092347391
18949,20461414024
18950,20461415164
18951,20461447384
18952,20895994850
18953,20896164938
18954,20896172318
18955,20896176388
18956,20896177708
18957,20897252109
18958,20897259069
18959,20897262149
18960,20897264029
18961,20897274989
18962,20897276359
18963,21057849946
18964,21057851296
18965,21057852716
18966,21057862596
18967,21057873606
18968,21057877556
18969,21074027242
18970,21074037192
18971,21084074765
18972,21091725941
18973,21091732961
18974,20461300164
18975,20461311664
18976,20461313994
18977,20461315354
18978,20462860903
18979,20462863143
18980,20462869003
18981,20462870223
18982,20462875103
18983,20895845190
18984,20895863830
18985,20895864900
18986,20896035518
18987,20896036588
18988,20896045778
18989,20896049138
18990,20896050498
18991,20897136169
18992,20897145359
18993,21057720536
18994,21057734506
18995,21073885262
18996,21083928585
18997,20460691704
18998,20460818544
18999,20462262243
19000,20462270983
19001,20462274823
19002,20462276393
19003,20895250620
19004,20895260090
19005,20895423888
19006,20895424808
19007,20896521269
19008,20896522879
19009,20896526569
19010,20896527839
19011,20896529519
19012,20896530629
19013,20896646099
19014,21057236546
19015,21073298692
19016,21083315155
19017,21083327805
19018,21083441365
19019,20460476284
19020,20460491434
19021,20462059733
19022,20895025560
19023,20895026640
19024,20895042390
19025,20895206598
19026,20895210608
19027,20895216868
19028,20895220618
19029,20895222898
19030,20895225098
19031,20896292239
19032,20896295389
19033,20896309699
19034,21056889796
19035,21056904446
19036,21056912356
19037,21073062292
19038,21073084682
19039,21083114185
19040,21090763881
19041,21090766561
19042,20460182774
19043,20460189184
19044,20461540403
19045,20461542083
19046,20461749943
19047,20894527760
19048,20894530520
19049,20894531950
19050,20894719278
19051,20894741370
19052,20894915838
19053,20896001059
19054,20896003269
19055,20896009429
19056,20896016649
19057,21056603466
19058,21056610196
19059,21072760272
19060,21072761212
19061,21072775982
19062,21072777172
19063,21090279081
19064,21090468081
19065,20459835094
19066,20459851714
19067,20459858294
19068,20459859644
19069,20459861134
19070,20459862114
19071,20894381300
19072,20894391570
19073,20894576518
19074,20894578828
19075,20894581178
19076,20895672179
19077,21056276496
19078,21072429582
19079,21072441292
19080,21082460175
19081,21082463805
19082,21090129231
19083,21090130161
19084,21090133921
19085,21090137321
19086,21090139861
19087,21090140721
19088,21090148821
19089,21090152561
19090,20459721254
19091,20459742354
19092,20461286183
19093,20461289393
19094,20461298653
19095,20894282870
19096,20894287810
19097,20894289070
19098,20894459878
19099,20895544349
19100,20895565879
19101,20895567029
19102,20895571729
19103,20895574169
19104,21056151306
19105,21056155956
19106,21072325872
19107,21082356605
19108,21082358845
19109,21082359935
19110,21082372585
19111,21082374525
19112,20459599374
19113,20461166023
19114,20461168653
19115,20461184893
19116,20894143060
19117,20894153620
19118,20894330648
19119,20894339458
19120,20894344708
19121,20894350088
19122,20894351448
19123,20895434209
19124,20895450709
19125,21056022386
19126,21056033196
19127,21056039336
19128,21072185422
19129,21072205612
19130,21072212112
19131,21082227705
19132,21082234345
19133,21082242805
19134,21089908011
19135,20459477614
19136,20459481174
19137,20459490494
19138,20461049713
19139,20461052673
19140,20461055183
19141,20894022410
19142,20894026760
19143,20894036700
19144,20894039910
19145,20894227918
19146,20895323509
19147,20895324519
19148,21055900196
19149,21055920966
19150,21055922296
19151,21072068092
19152,21072076032
19153,21072080652
19154,21072086062
19155,21082120785
19156,21082128065
19157,21082129185
19158,21089780891
19159,21089782981
19160,20458445154
19161,20459378924
19162,20460007723
19163,20460955163
19164,20892989190
19165,20893164388
19166,20893168898
19167,20893169978
19168,20893176878
19169,20893918960
19170,20893930460
19171,20894113058
19172,20894271769
19173,20895202769
19174,21055802846
19175,21055804056
19176,21071035462
19177,21071043492
19178,21081070475
19179,21082008485
19180,21082013405
19181,21082014595
19182,21082015785
19183,21088743241
19184,20458086264
19185,20459644333
19186,20459656943
19187,20459663283
19188,20892647460
19189,20892653120
19190,20892808158
19191,20892812088
19192,20892821488
19193,20893900089
19194,20893916439
19195,20893917909
19196,20893919069
19197,21054501656
19198,21054525466
19199,21054526956
19200,21070670382
19201,21070680152
19202,21080703065
19203,21080716355
19204,21088371651
19205,21088377121
19206,21088378071
19207,20459217083
19208,20459225813
19209,20892207680
19210,20892210130
19211,20892217410
19212,20892371518
19213,20892372718
19214,20892377728
19215,20892393338
19216,20893466129
19217,20893467319
19218,20893471169
19219,20893483019
19220,20893486519
19221,21054072496
19222,21054073626
19223,21054074956
19224,21054077066
19225,21054085876
19226,21054090816
19227,21080268425
19228,20457526094
19229,20457534804
19230,20459082183
19231,20459087403
19232,20459100673
19233,20459108153
19234,20892075100
19235,20892258608
19236,20892272958
19237,20893351919
19238,20893354719
19239,20893362999
19240,21053945496
19241,21053954436
19242,21053955556
19243,21070126412
19244,21070142062
19245,21070143312
19246,21070145612
19247,21080164445
19248,21080165525
19249,21087814581
19250,21087830681
19251,21087831861
19252,20458962653
19253,20458970473
19254,20891953440
19255,20891958150
19256,20891962810
19257,20891967490
19258,20892139908
19259,20892142088
19260,20892145568
19261,20892150158
19262,20892155228
19263,20893230139
19264,20893235219
19265,20893250999
19266,21053829936
19267,21053842736
19268,21053844856
19269,21053847086
19270,21070025192
19271,21080035105
19272,21080038305
19273,21080045555
19274,21080050285
19275,21087697431
19276,21087701611
19277,20457295654
19278,20457303334
19279,20457304444
19280,20457309994
19281,20458852913
19282,20458865643
19283,20891861310
19284,20892019508
19285,20892027958
19286,20892037358
19287,20892039908
19288,20893121899
19289,20893129769
19290,20893139259
19291,21053710966
19292,21053719746
19293,21053722256
19294,21053731346
19295,21053732646
19296,21053736356
19297,21069912782
19298,21079913835
19299,21079927585
19300,21087584271
19301,20456768214
19302,20456783364
19303,20457198594
19304,20458337713
19305,20891329560
19306,20891493328
19307,20891495868
19308,20891506378
19309,20891925158
19310,20892589379
19311,20892597199
19312,20892598389
19313,20892609809
19314,20893018879
19315,20893020059
19316,21053200386
19317,21053201596
19318,21053207356
19319,21069366282
19320,21069367262
19321,21069368522
19322,21069372242
19323,21079406175
19324,21079409505
19325,21079819305
19326,20456660524
19327,20456663424
19328,20456672534
19329,20456673454
19330,20458206433
19331,20458208733
19332,20458211993
19333,20458213033
19334,20458214393
19335,20458217263
19336,20891197520
19337,20891212160
19338,20891225600
19339,20891396178
19340,20892196079
19341,20892490639
19342,20892494799
19343,20892499229
19344,21069252882
19345,21079275725
19346,21079284315
19347,21079290145
19348,21079296195
19349,21086944751
19350,20456262194
19351,20456273534
19352,20457817303
19353,20457820953
19354,20457824453
19355,20457840663
19356,20890819730
19357,20890823440
19358,20890984398
19359,20892080129
19360,20892091579
19361,20892105389
19362,21052679946
19363,21052685916
19364,21052686876
19365,21068860302
19366,21068876032
19367,21078889235
19368,21078901865
19369,21078905675
19370,21086563911
19371,21086566711
19372,21086570621
19373,21086572861
19374,21086578241
19375,20455843994
19376,20455857354
19377,20457400063
19378,20457404153
19379,20457408183
19380,20890398690
19381,20890406660
19382,20890407910
19383,20891672929
19384,21052272566
19385,21052281266
19386,21068438772
19387,21068443972
19388,21068448902
19389,21068450932
19390,21078463935
19391,21078478055
19392,21078484745
19393,21078485755
19394,21078487145
19395,21078488035
19396,21078490115
19397,20455716554
19398,20455718944
19399,20457272243
19400,20457274713
19401,20457282143
19402,20890456098
19403,20890464028
19404,20891541089
19405,20891542349
19406,20891551029
19407,20891554079
19408,20891557439
19409,21052129106
19410,21052143796
19411,21068318182
19412,21068319372
19413,21068333652
19414,21068336412
19415,21078351205
19416,21078358875
19417,21078361245
19418,21086013641
19419,21086018921
19420,21086027321
19421,21086031121
19422,20455598664
19423,20455603244
19424,20455614554
19425,20457151753
19426,20890140310
19427,20890146240
19428,20890158850
19429,20890320938
19430,20890322038
19431,20890327368
19432,20890334998
19433,20890337748
19434,20891411069
19435,20891425109
19436,21052006646
19437,21052012246
19438,21052019356
19439,21052033906
19440,21068189582
19441,21068191452
19442,21068202632
19443,21068205912
19444,21068207302
19445,21068212302
19446,21085895601
19447,20454980384
19448,20455487084
19449,20455495854
19450,20455498564
19451,20456536713
19452,20456540443
19453,20456542453
19454,20456545483
19455,20457047293
19456,20457056013
19457,20889525280
19458,20889534230
19459,20889698408
19460,20889712548
19461,20890210738
19462,20890219318
19463,20890809369
19464,21051914396
19465,21077607555
19466,21078113715
19467,21085269761
19468,21085275081
19469,21085779991
19470,21085783291
19471,20454646784
19472,20454648024
19473,20454656234
19474,20454658344
19475,20454659884
19476,20454671594
19477,20454674174
19478,20456227233
19479,20456229443
19480,20889204820
19481,20889382318
19482,20889384648
19483,21051070086
19484,21051081416
19485,21067250092
19486,21067253732
19487,21067255972
19488,21067267102
19489,21067270262
19490,21077272915
19491,21077274075
19492,21077276465
19493,21077289655
19494,21084949801
19495,20454342354
19496,20454544334
19497,20454555924
19498,20455892493
19499,20456106383
19500,20888879880
19501,20889058338
19502,20889078230
19503,20889079610
19504,20889085510
19505,20889088190
19506,20889094920
19507,20889096250
19508,20889254548
19509,20889260778
19510,20890164829
19511,20890376019
19512,21050744866
19513,21050966536
19514,21066936212
19515,21066940672
19516,21084824611
19517,21084825601
19518,21084828491
19519,20454207444
19520,20454208644
19521,20454233174
19522,20455779643
19523,20455783323
19524,20455784693
19525,20888761310
19526,20888766520
19527,20888772910
19528,20888776730
19529,20888925998
19530,20888928308
19531,20890040779
19532,20890042009
19533,20890044359
19534,21050629576
19535,21050645046
19536,21066817682
19537,21076835785
19538,21076848395
19539,21076858925
19540,21084495361
19541,21084506571
19542,21084514051
19543,21084516681
19544,20453776324
19545,20453784844
19546,20454100704
19547,20455324943
19548,20455660833
19549,20888645690
19550,20888822118
19551,20889601319
19552,20889606319
19553,21050184486
19554,21050196456
19555,21050511746
19556,21066394462
19557,21066708522
19558,21076399045
19559,21076413055
19560,21076418075
19561,21084053711
19562,21084056821
19563,21084064251
19564,21084067021
19565,21084070531
19566,21084073711
19567,21084384911
19568,20453305864
19569,20454812783
19570,20454856653
19571,20454860613
19572,20454871213
19573,20887797660
19574,20887802780
19575,20887975418
19576,20887981188
19577,20888023648
19578,20888028578
19579,20888031328
19580,20889083569
19581,21049663616
19582,21049669126
19583,21049701376
19584,21049702866
19585,21049709296
19586,21049711736
19587,21049714236
19588,21065858392
19589,21065907252
19590,20453137464
19591,20453145534
19592,20453150774
19593,20453157964
19594,20454699423
19595,20454704203
19596,20887663740
19597,20887668720
19598,20887671080
19599,20887678020
19600,20887679440
19601,20887690070
19602,20887841658
19603,20887842858
19604,20888955409
19605,21049551616
19606,21049554756
19607,21065722892
19608,21065755432
19609,21075748525
19610,21075761095
19611,21075771365
19612,21083400761
19613,21083406031
19614,21083410701
19615,20452465664
19616,20452470584
19617,20452473474
19618,20452479494
19619,20452483474
19620,20454025403
19621,20886997700
19622,20887003380
19623,20887024590
19624,20887027770
19625,20887172878
19626,20887175518
19627,20887188758
19628,20887189938
19629,20887201828
19630,20888290759
19631,21048861366
19632,21048879206
19633,21048883766
19634,21065074432
19635,21075084735
19636,21075090065
19637,21075099335
19638,20452321034
19639,20452341974
19640,20453882673
19641,20453899233
19642,20886866420
19643,20886876140
19644,20887054298
19645,20887057008
19646,20887059618
19647,20887066618
19648,20888144229
19649,20888145509
19650,20888153899
19651,21048729016
19652,21048730796
19653,21048743666
19654,21048746216
19655,21048748876
19656,21048754086
19657,21064926982
19658,21064949192
19659,21064951802
19660,21082614331
19661,21082616151
19662,21082632831
19663,20451916814
19664,20451951144
19665,20453473443
19666,20453475423
19667,20453489083
19668,20453495103
19669,20453500543
19670,20886465660
19671,20886633378
19672,20887733399
19673,20887739389
19674,20887748039
19675,20887752819
19676,20887758149
19677,21048323466
19678,21048337306
19679,21064522452
19680,21064534282
19681,21064545922
19682,21074547245
19683,21082197931
19684,21082211761
19685,21082217951
19686,20451511704
19687,20451573614
19688,20886042140
19689,20886054050
19690,20886115140
19691,20886231858
19692,20886233438
19693,20886290908
19694,20887330879
19695,20887398559
19696,20887402769
19697,20887405899
19698,21047910006
19699,21047969706
19700,21047971326
19701,21064118392
19702,21064119872
19703,21074121225
19704,21074128615
19705,21074137235
19706,21074141885
19707,21074193335
19708,21081780991
19709,21081792601
19710,20451173354
19711,20451182614
19712,20452700573
19713,20452706623
19714,20452715473
19715,20885695100
19716,20885696530
19717,20885862048
19718,20885877338
19719,20885881448
19720,20886957859
19721,20886974569
19722,20886983699
19723,21047541136
19724,21047559926
19725,21063751092
19726,21063754202
19727,21063782132
19728,21073773105
19729,21073790565
19730,21081423101
19731,21081430031
19732,21081441951
19733,21081448651
19734,21081455691
19735,20450972624
19736,20450988154
19737,20450989864
19738,20885501420
19739,20885676708
19740,20885682628
19741,20885690828
19742,20885693778
19743,20885712678
19744,20886791059
19745,20886792769
19746,21047366206
19747,21063583552
19748,21063586222
19749,21063593522
19750,21063595382
19751,21063597462
19752,21063601412
19753,21063603072
19754,21063610502
19755,21073592485
19756,21073622475
19757,21081269061
19758,21081274961
19759,21081279111
19760,20450816384
19761,20450825524
19762,20450836264
19763,20884972958
19764,20885523328
19765,20885545308
19766,20885549528
19767,20886081249
19768,20886083789
19769,20886635329
19770,20886641269
19771,20886645809
19772,21046665456
19773,21047221236
19774,21047234416
19775,21047237056
19776,21063427992
19777,21073430345
19778,21073431725
19779,21073442495
19780,21073445475
19781,21073451945
19782,21081085941
19783,21081101051
19784,21081115081
19785,20449791264
19786,20450150314
19787,20451696423
19788,20451704033
19789,20884312660
19790,20884318160
19791,20884326380
19792,20884504868
19793,20884508858
19794,20884854398
19795,20885599379
19796,20885605429
19797,20885962659
19798,20885966799
19799,21046182616
19800,21046185476
19801,21046539406
19802,21062403062
19803,21062408752
19804,21062745572
19805,21062746892
19806,21072406415
19807,21072761685
19808,20449217134
19809,20449229634
19810,20449232614
19811,20449236624
19812,20449670124
19813,20450771063
19814,20450775123
19815,20450778443
19816,20883747340
19817,20883755430
19818,20883759320
19819,20883916378
19820,20883938358
19821,20883942038
19822,20884372678
19823,20885046249
19824,20885488259
19825,21045606756
19826,21045610766
19827,21045617686
19828,21061825932
19829,21061838562
19830,21071826365
19831,21071833305
19832,21079510201
19833,20449028604
19834,20450565263
19835,20883544870
19836,20883569790
19837,20883754218
19838,20884835349
19839,20884844139
19840,20884854529
19841,20884861529
19842,20884869349
19843,21045409776
19844,21045411206
19845,21045426276
19846,21045436726
19847,21045439896
19848,21061625682
19849,21061643262
19850,21061651712
19851,21071634295
19852,21071638955
19853,21071640475
19854,21071641985
19855,21071648305
19856,21071649835
19857,20448746684
19858,20448758564
19859,20448764554
19860,20448774904
19861,20450302693
19862,20450307183
19863,20883271850
19864,20883278270
19865,20883288690
19866,20883299890
19867,20883478138
19868,20884567519
19869,20884598009
19870,21045155686
19871,21061355132
19872,21061366292
19873,21061367972
19874,21071363235
19875,21071379635
19876,21071389235
19877,21071390315
19878,21079013841
19879,21079032511
19880,21079040711
19881,21079042181
19882,20448437394
19883,20448441594
19884,20448442604
19885,20448449264
19886,20449981083
19887,20449990613
19888,20449993713
19889,20882962290
19890,20882973710
19891,20882977280
19892,20882983020
19893,20883148928
19894,20884251569
19895,20884264499
19896,20884272639
19897,20884273759
19898,21044829026
19899,21044834786
19900,21061065372
19901,21071048715
19902,21071060635
19903,21071064035
19904,21071068655
19905,21078702511
19906,20448152204
19907,20448154534
19908,20449712743
19909,20449828153
19910,20449829743
19911,20882665710
19912,20882675010
19913,20882682640
19914,20882691420
19915,20882853448
19916,20882854758
19917,20882865438
19918,20883981779
19919,21044531776
19920,21044534266
19921,21044535426
19922,21044541186
19923,21044543286
19924,21044668636
19925,21044673826
19926,21060753782
19927,21070758355
19928,21070773205
19929,21070774355
19930,20448014284
19931,20449542663
19932,20449563693
19933,20449568903
19934,20449579293
19935,20882516210
19936,20882543720
19937,20882706948
19938,20882712868
19939,20882718328
19940,20882735808
19941,20883818039
19942,20883823059
19943,20883824589
19944,21044391876
19945,21044397606
19946,21044400606
19947,21044404676
19948,21060603282
19949,21060605902
19950,21060618862
19951,21060629552
19952,21070605835
19953,21070640255
19954,21078284191
19955,20447736344
19956,20447763304
19957,20449314073
19958,20882440698
19959,20882448168
19960,20882453208
19961,20882454718
19962,20882459348
19963,20883560449
19964,20883590029
19965,21044123716
19966,21044125346
19967,21060353552
19968,21060355022
19969,21060358322
19970,21060366092
19971,21060369022
19972,21060378632
19973,21060384312
19974,21070361095
19975,21070368745
19976,21070369985
19977,21078014261
19978,20447447574
19979,20447455014
19980,20447470244
19981,20447476924
19982,20447478204
19983,20449000003
19984,20449013353
19985,20449015003
19986,20449018443
19987,20881982290
19988,20882148328
19989,20882157708
19990,20882179768
19991,20883260169
19992,20883286879
19993,21043844586
19994,21060081252
19995,21070053665
19996,21070059155
19997,21070078135
19998,21077710021
19999,21077731211
20000,21077738211
20001,21077743681
20002,20447135204
20003,20447312474
20004,20448877233
20005,20881676240
20006,20881839190
20007,20881848828
20008,20882967399
20009,20882973599
20010,20883121839
20011,20883123349
20012,20883124849
20013,20883129229
20014,21043700486
20015,21043703246
20016,21043704926
20017,21043706446
20018,21043711236
20019,21043712876
20020,21059753532
20021,21059929432
20022,21069760415
20023,21069916075
20024,21069932425
20025,20446968884
20026,20446990964
20027,20447001684
20028,20448535293
20029,20881541460
20030,20881681488
20031,20881683678
20032,20881685128
20033,20881705708
20034,20882815099
20035,21043378536
20036,21043382256
20037,21043383766
20038,21043406896
20039,21043410576
20040,21059584862
20041,21059603962
20042,21059605952
20043,21059610112
20044,21059615882
20045,21059620992
20046,21069583755
20047,21069620455
20048,21077252401
20049,20446582484
20050,20446584304
20051,20446589264
20052,20446597364
20053,20446603114
20054,20446693364
20055,20446695184
20056,20448141143
20057,20448154183
20058,20448252713
20059,20881131680
20060,20881284868
20061,20881301628
20062,20882409239
20063,21042975386
20064,21059210272
20065,21059212072
20066,21059217442
20067,21059315352
20068,21069204645
20069,21076865581
20070,21076962851
20071,21076964561
20072,21076966391
20073,21076974831
20074,20446412884
20075,20446418954
20076,20446423664
20077,20447932673
20078,20447961523
20079,20880907000
20080,20880909330
20081,20880920720
20082,20880922950
20083,20880925660
20084,20880936370
20085,20880939080
20086,20880947490
20087,20881110158
20088,20881122638
20089,20881128818
20090,20882213469
20091,20882240649
20092,21042777606
20093,21042795846
20094,21059003052
20095,21059042792
20096,21069007265
20097,21069047645
20098,21076672701
20099,20446053844
20100,20446057734
20101,20446069224
20102,20447626343
20103,20447629743
20104,20447634013
20105,20447648213
20106,20880578270
20107,20880772048
20108,20880789938
20109,20881888129
20110,20881891349
20111,20881897989
20112,21042469436
20113,21042478226
20114,21042487656
20115,21042491276
20116,21058685222
20117,21058698922
20118,21058706712
20119,21058713682
20120,21076337411
20121,21076353091
20122,21076360511
20123,21076364021
20124,20445699174
20125,20445702064
20126,20445894014
20127,20447234643
20128,20447241783
20129,20447250343
20130,20880209500
20131,20880392328
20132,20880397368
20133,20880424710
20134,21042070276
20135,21042088956
20136,21042090386
20137,21042094696
20138,21042097426
20139,21042098996
20140,21058314232
20141,21058511762
20142,21075948491
20143,21075954341
20144,21075962741
20145,21075972271
20146,21076163051
20147,21076166861
20148,21076170441
20149,20445481404
20150,20445490244
20151,20445513304
20152,20447043813
20153,20447060803
20154,20447072733
20155,20879987640
20156,20880032330
20157,20880190658
20158,20881340239
20159,20881343709
20160,21041859116
20161,21041879026
20162,21058120982
20163,21058124852
20164,21068091175
20165,21068109375
20166,21068111075
20167,21068116225
20168,21075740741
20169,21075753161
20170,21075762801
20171,21075778351
20172,21075783841
20173,20445089314
20174,20445094284
20175,20445119524
20176,20446648153
20177,20446674733
20178,20879538800
20179,20879630950
20180,20879633060
20181,20880914259
20182,20880916689
20183,20880918819
20184,20880932139
20185,21041403436
20186,21041407556
20187,21041502546
20188,21041514496
20189,21057708102
20190,21057751252
20191,21067714265
20192,21067719615
20193,21075354111
20194,21075372941
20195,20444809444
20196,20444813694
20197,20444820564
20198,20444828404
20199,20444830134
20200,20444832234
20201,20446380403
20202,20879312910
20203,20879327420
20204,20879331550
20205,20879342880
20206,20879508978
20207,20879510918
20208,20879519788
20209,20879523498
20210,20880622869
20211,20880628759
20212,20880630849
20213,21057416202
20214,21057453262
20215,21067422955
20216,21067433885
20217,21067441905
20218,20444460154
20219,20446003383
20220,20878981560
20221,20878985330
20222,20878996680
20223,20879011660
20224,20879019440
20225,20879175658
20226,20879181358
20227,20879183258
20228,20879197968
20229,20879201398
20230,20880282189
20231,20880311019
20232,20880320819
20233,21040867996
20234,21057071642
20235,21057077862
20236,21057093682
20237,21057100602
20238,21057116472
20239,21067055635
20240,21067080425
20241,20444261724
20242,20444276604
20243,20444278364
20244,20445640853
20245,20445838503
20246,20878780320
20247,20878799378
20248,20878972198
20249,20879008378
20250,20879010458
20251,20880105359
20252,20880107199
20253,21040676206
20254,21056886382
20255,21056888702
20256,21056903262
20257,21056910772
20258,21056916102
20259,21066695125
20260,21066867585
20261,21066879305
20262,21066893265
20263,21074355681
20264,21074539611
20265,20443896584
20266,20443900114
20267,20445451763
20268,20445461263
20269,20445462963
20270,20445478433
20271,20878411410
20272,20878414710
20273,20878632118
20274,20878646088
20275,20879732429
20276,20879737799
20277,20879747479
20278,20879757939
20279,20879764349
20280,20879767769
20281,21040293826
20282,21040300786
20283,21056513672
20284,21056518522
20285,21066500225
20286,21074187541
20287,21074189081
20288,21074193391
20289,20443499794
20290,20443511904
20291,20445038643
20292,20445048493
20293,20878024370
20294,20878195128
20295,20878235248
20296,20879305779
20297,20879331079
20298,20879343389
20299,20879357069
20300,20879361199
20301,20879364379
20302,21039898156
20303,21039900296
20304,21039915586
20305,21056098072
20306,21056128622
20307,21056143112
20308,21056147552
20309,21056155432
20310,21066087785
20311,21066093415
20312,20443065984
20313,20443079574
20314,20444665753
20315,20877584610
20316,20877617480
20317,20877645720
20318,20877850498
20319,20878903429
20320,20878954129
20321,20878964839
20322,21039475456
20323,21039489536
20324,21039494206
20325,21055738142
20326,21055752092
20327,21065684395
20328,21065688445
20329,21065692085
20330,21065716405
20331,21073335481
20332,21073359701
20333,21073368201
20334,20442767414
20335,20442775224
20336,20444322303
20337,20444341353
20338,20444357673
20339,20877303720
20340,20877331200
20341,20877511968
20342,20877527518
20343,20877532268
20344,20878592749
20345,20878595209
20346,20878622689
20347,20878627459
20348,20878632299
20349,21039149906
20350,21039156126
20351,21055386472
20352,21055424362
20353,21055439672
20354,21065384745
20355,21065406435
20356,21065415635
20357,21073038591
20358,21073047641
20359,20442405134
20360,20442407404
20361,20442409594
20362,20442424164
20363,20442431234
20364,20443985203
20365,20876945990
20366,20876947770
20367,20877152578
20368,20877157648
20369,20878246399
20370,20878250769
20371,20878252939
20372,20878258559
20373,21038812656
20374,21038813566
20375,21038816996
20376,21038823756
20377,21055061252
20378,21055065192
20379,21065026335
20380,21065034325
20381,21072686421
20382,21072688561
20383,21072696111
20384,20442286314
20385,20442311494
20386,20443804553
20387,20443806093
20388,20443859603
20389,20876771100
20390,20876848800
20391,20876962528
20392,20877020508
20393,20877027998
20394,20877030448
20395,20877040538
20396,20878077019
20397,20878123339
20398,20878128369
20399,20878145939
20400,21038624896
20401,21038637426
20402,21038685656
20403,21038690416
20404,21038703036
20405,21064851725
20406,21072507621
20407,21072515021
20408,20442105394
20409,20442113464
20410,20443655703
20411,20443666293
20412,20443673003
20413,20443675883
20414,20876625520
20415,20876629930
20416,20876639540
20417,20876641240
20418,20876644100
20419,20876838908
20420,20877933189
20421,20877936019
20422,20877941609
20423,21038496026
20424,21038498286
20425,21038502166
20426,21054727232
20427,21064719415
20428,21064722575
20429,21064724045
20430,21064729715
20431,21072366421
20432,20441945424
20433,20441954324
20434,20441959904
20435,20441962274
20436,20441964084
20437,20443511543
20438,20443516683
20439,20443520273
20440,20443523883
20441,20876670318
20442,20876673048
20443,20876680378
20444,20876683088
20445,20876686898
20446,20877786579
20447,20877803909
20448,21038361896
20449,21054582602
20450,21054592872
20451,21054597242
20452,21064565615
20453,21064567405
20454,20441772824
20455,20441787764
20456,20443334533
20457,20443335883
20458,20443341983
20459,20876322890
20460,20876338520
20461,20876340480
20462,20876506598
20463,20876530218
20464,20876533638
20465,20876539288
20466,20877618589
20467,20877624779
20468,20877627909
20469,21038165876
20470,21038195416
20471,21054418072
20472,21054419802
20473,21054434282
20474,21064411285
20475,21064421505
20476,21072048581
20477,20441682244
20478,20441687934
20479,20441689904
20480,20443238833
20481,20443240313
20482,20443244193
20483,20443252393
20484,20876203200
20485,20876220760
20486,20876404168
20487,20876421408
20488,20877514239
20489,20877516279
20490,21038077266
20491,21038081576
20492,21038087406
20493,21038089116
20494,21054309242
20495,21054311162
20496,21054318232
20497,21054322412
20498,21064302145
20499,20441581514
20500,20441587814
20501,20441593134
20502,20441593684
20503,20441598554
20504,20443145993
20505,20443152313
20506,20443153643
20507,20443156173
20508,20443161953
20509,20876325458
20510,20876330448
20511,20877420569
20512,20877425179
20513,20877428659
20514,20877435019
20515,21054225432
20516,21054225582
20517,21054232352
20518,21064199265
20519,21064200805
20520,21064211305
20521,21071856671
20522,21071857121
20523,20441466094
20524,20441474744
20525,20441476594
20526,20875981920
20527,20876012290
20528,20876016620
20529,20876170478
20530,20876174458
20531,20876184878
20532,20876194948
20533,20876200618
20534,20876219938
20535,20877315529
20536,20877321439
20537,21037844016
20538,21037849356
20539,21037852126
20540,21037854006
20541,21054079032
20542,21054100332
20543,21064062415
20544,21064087375
20545,21064095275
20546,21071716711
20547,20441327114
20548,20441327484
20549,20441338944
20550,20441341174
20551,20442893743
20552,20442899343
20553,20442901113
20554,20442904003
20555,20442907483
20556,20875869150
20557,20876061778
20558,20876075138
20559,20877159269
20560,20877171239
20561,21053960602
20562,21053962752
20563,21053964112
20564,21053967702
20565,21053973742
20566,21053978812
20567,21063940105
20568,21071604421
20569,21071606571
20570,20442797813
20571,20875762150
20572,20875766050
20573,20875963638
20574,20875967618
20575,20875976468
20576,20875977688
20577,20877068529
20578,20877068979
20579,20877076009
20580,20877077279
20581,21037620736
20582,21037622446
20583,21053864022
20584,21053882882
20585,21063854125
20586,21063857715
20587,21063858125
20588,21063859225
20589,21063859465
20590,21071497951
20591,21071503361
20592,21071505781
20593,21071516971
20594,21071518471
20595,20441137834
20596,20441139414
20597,20441150544
20598,20442698423
20599,20442701933
20600,20442719083
20601,20875666790
20602,20875668760
20603,20875676060
20604,20875682490
20605,20875683390
20606,20875868608
20607,20875877808
20608,20876973649
20609,20876979709
20610,20876981799
20611,20876991309
20612,21037526826
20613,21037535946
20614,21037541336
20615,21037548686
20616,21053785192
20617,21063768995
20618,21071408491
20619,20440954874
20620,20440956324
20621,20440978354
20622,20442519253
20623,20442526963
20624,20442533633
20625,20442549103
20626,20875484760
20627,20875489010
20628,20875509470
20629,20875515700
20630,20875692768
20631,20875698328
20632,20875705128
20633,20875713338
20634,20876802149
20635,20876810169
20636,21037354796
20637,21037369666
20638,21037375456
20639,21053603502
20640,21053610122
20641,21053625582
20642,21071237251
20643,20442429303
20644,20442434193
20645,20442436143
20646,20442447993
20647,20442449793
20648,20442452993
20649,20875601768
20650,20875604248
20651,20876698269
20652,20876699569
20653,20876699669
20654,20876709619
20655,20876710109
20656,20876718609
20657,21037259026
20658,21037266986
20659,21053517082
20660,21063485295
20661,21063491485
20662,21063496575
20663,21063499305
20664,21063500965
20665,21071142871
20666,20440772114
20667,20440778374
20668,20440783524
20669,20440784784
20670,20440786384
20671,20440788184
20672,20442350923
20673,20442357703
20674,20875302050
20675,20875307630
20676,20875310350
20677,20875319640
20678,20875504528
20679,20875511538
20680,20875516978
20681,21053410682
20682,21053416952
20683,21063387395
20684,21063390845
20685,21063396945
20686,21063398645
20687,21063402515
20688,21063405945
20689,21071041671
20690,20440668264
20691,20442250573
20692,20442255853
20693,20442257423
20694,20442260323
20695,20442261933
20696,20442265823
20697,20875192890
20698,20875194900
20699,20875203790
20700,20875231070
20701,20875399058
20702,20875427678
20703,20876492559
20704,20876511189
20705,21037061306
20706,21037065016
20707,21037070446
20708,21037075876
20709,21037096096
20710,21053303942
20711,21053327692
20712,20440510464
20713,20440512294
20714,20440514154
20715,20440517134
20716,20442090213
20717,20875046610
20718,20875242658
20719,20875247948
20720,20876336319
20721,20876337629
20722,20876347849
20723,20876354089
20724,21036896436
20725,21036897616
20726,21036900726
20727,21036901746
20728,21036902526
20729,21036912616
20730,21053144522
20731,21053154882
20732,21070768871
20733,21070770491
20734,20440415244
20735,20440424284
20736,20441987773
20737,20441993223
20738,20874938360
20739,20874943640
20740,20874949080
20741,20875145308
20742,20875148728
20743,20875156318
20744,20876245489
20745,20876252889
20746,21036802866
20747,21036804386
20748,21036816756
20749,21036818236
20750,21036822166
20751,21053052242
20752,21053054272
20753,21063027575
20754,21063045435
20755,21070685641
20756,21070688341
20757,21070692131
20758,20440340844
20759,20440342834
20760,20441900103
20761,20441901003
20762,20441911003
20763,20441913763
20764,20874860640
20765,20875053798
20766,20875056828
20767,20875058248
20768,20875060798
20769,20875063508
20770,20875065498
20771,20876164519
20772,20876167169
20773,20876172359
20774,21036724136
20775,21036730896
20776,21052970652
20777,21052980792
20778,21052985392
20779,21062955505
20780,21062961275
20781,21062962405
20782,20440226284
20783,20441795303
20784,20441813223
20785,20441818593
20786,20874731930
20787,20874755690
20788,20874759290
20789,20874762590
20790,20874774710
20791,20874939008
20792,20874940528
20793,20874965518
20794,20876068679
20795,21036600346
20796,21036624256
20797,21052852042
20798,21052858802
20799,21052862442
20800,21052865792
20801,21052884152
20802,21062828165
20803,21062834985
20804,21062838865
20805,21070500661
20806,20440067694
20807,20440069334
20808,20440078404
20809,20440087744
20810,20440093024
20811,20441645043
20812,20441657223
20813,20874599800
20814,20875911889
20815,20875913329
20816,20875919709
20817,21036463726
20818,21036475826
20819,21036479806
20820,21052711132
20821,21052720072
20822,21052726772
20823,21062696375
20824,21062709315
20825,21062709835
20826,21062710805
20827,21070338681
20828,20439976384
20829,20439989894
20830,20441538333
20831,20441540023
20832,20441545103
20833,20441557923
20834,20441560223
20835,20874495210
20836,20874504510
20837,20874507300
20838,20874511500
20839,20874518390
20840,20874702708
20841,20875815899
20842,20875821399
20843,21052607692
20844,21052615272
20845,21052622602
20846,21052626472
20847,21052634772
20848,21062598205
20849,21062609505
20850,21070238321
20851,20439837334
20852,20439840104
20853,20439844034
20854,20439854554
20855,20441418723
20856,20441429553
20857,20441430993
20858,20874372670
20859,20874580488
20860,20874583458
20861,20874583518
20862,20875671219
20863,20875673079
20864,20875685029
20865,20875689339
20866,20875691079
20867,21036244386
20868,21036246666
20869,21052481572
20870,21052497442
20871,21062472675
20872,21070111631
20873,21070112731
20874,21070113781
20875,21070118841
20876,20439728484
20877,20439743694
20878,20439755624
20879,20439758194
20880,20441302293
20881,20441306483
20882,20441308423
20883,20441323693
20884,20441330503
20885,20874258980
20886,20874472388
20887,20874477968
20888,20874483248
20889,20875574829
20890,21036137456
20891,21036144346
20892,21036148176
20893,21052397692
20894,21052400272
20895,21052403742
20896,21052405192
20897,21062371215
20898,21062375725
20899,21070023071
20900,21070029691
20901,20439619514
20902,20441180323
20903,20441189113
20904,20441197223
20905,20874138430
20906,20874143310
20907,20874346398
20908,20874356898
20909,20875452319
20910,20875458599
20911,21036007676
20912,21036012096
20913,21036021326
20914,21036023036
20915,21052243372
20916,21052245702
20917,21052248212
20918,21052251302
20919,21052265262
20920,21062221735
20921,21062229905
20922,21062238655
20923,20439504674
20924,20439512334
20925,20439518014
20926,20439528524
20927,20441077573
20928,20441097143
20929,20441099093
20930,20874048600
20931,20874240238
20932,20874247638
20933,20875341149
20934,20875344529
20935,20875348499
20936,20875349139
20937,20875357709
20938,21035924356
20939,21052149332
20940,21052152682
20941,21052154852
20942,21052159622
20943,21052163432
20944,21052165872
20945,21062123295
20946,21062146205
20947,21069778501
20948,20439348434
20949,20439358374
20950,20440935333
20951,20873895630
20952,20873897110
20953,20873898680
20954,20874081058
20955,20874082548
20956,20874090748
20957,20874101948
20958,20875185549
20959,20875189309
20960,20875191079
20961,20875193789
20962,20875203419
20963,21035753496
20964,21035771016
20965,21051993132
20966,21052009072
20967,21061985245
20968,21061992195
20969,21069618761
20970,21069626731
20971,20439255564
20972,20439262944
20973,20440820543
20974,20440831013
20975,20440841543
20976,20440842843
20977,20873782060
20978,20873788290
20979,20873790560
20980,20873793880
20981,20873797860
20982,20873981248
20983,20873987208
20984,20873996708
20985,20873998678
20986,20874001138
20987,20875089069
20988,21035664636
20989,21035671936
20990,21051899212
20991,21051905292
20992,21061873225
20993,21069525241
20994,21069537121
20995,21069545111
20996,20439122144
20997,20439127854
20998,20439132814
20999,20440693553
21000,20440694833
21001,20440696863
21002,20440699883
21003,20440710353
21004,20440712793
21005,20440715563
21006,20873657200
21007,20873670350
21008,20873860168
21009,20874957419
21010,20874969699
21011,20874971509
21012,21035524296
21013,21035532376
21014,21035536606
21015,21035541196
21016,21061743735
21017,21061757615
21018,21061766535
21019,20439027344
21020,20439033044
21021,20439036254
21022,20439040334
21023,20440594363
21024,20440604023
21025,20440606773
21026,20440610823
21027,20440611453
21028,20873552440
21029,20873569590
21030,20873758118
21031,20874864049
21032,20874868879
21033,21035421096
21034,21035424836
21035,21035427186
21036,21035429186
21037,21035430716
21038,21051675292
21039,21051680572
21040,20438934304
21041,20438940084
21042,20438944134
21043,20440492303
21044,20440497293
21045,20440499593
21046,20440512923
21047,20440520273
21048,20873465300
21049,20873469800
21050,20873660128
21051,20873665848
21052,20873666778
21053,20873675118
21054,20873676448
21055,20873676828
21056,20874758099
21057,20874764419
21058,20874766769
21059,20874778629
21060,21035324996
21061,21061549905
21062,20438818014
21063,20438819794
21064,20438826014
21065,20438830134
21066,20440361383
21067,20873321320
21068,20873334740
21069,20873343980
21070,20873354910
21071,20873359870
21072,20873525288
21073,20873540558
21074,20874652609
21075,20874663839
21076,21035193776
21077,21035197926
21078,21035215946
21079,21051443262
21080,21051465482
21081,21051468432
21082,21051476112
21083,21061431675
21084,21061452335
21085,21061454625
21086,20438615794
21087,20438619254
21088,20438634004
21089,20440187523
21090,20440189463
21091,20873149660
21092,20873157440
21093,20873167480
21094,20873172120
21095,20874449519
21096,20874466619
21097,20874473619
21098,21035029126
21099,21035029886
21100,21035032246
21101,21035034696
21102,21035039706
21103,21051267222
21104,21051268062
21105,21051270952
21106,21061233905
21107,20438516824
21108,20440074833
21109,20440093593
21110,20440095113
21111,20873036820
21112,20873039650
21113,20873048750
21114,20873050480
21115,20873238278
21116,20873243948
21117,20873244878
21118,20873253368
21119,20873256748
21120,21051154182
21121,21051159562
21122,21051160082
21123,21051170102
21124,21061132515
21125,21068775681
21126,21068776301
21127,21068781371
21128,21068786761
21129,21068789381
21130,21068791061
21131,21068794471
21132,20439923383
21133,20439925653
21134,20439958783
21135,20439963593
21136,20439971513
21137,20872895770
21138,20872902130
21139,20872932640
21140,20873102868
21141,20873109488
21142,20873111708
21143,20874197419
21144,20874216879
21145,20874230539
21146,20874234569
21147,21034756326
21148,21034758116
21149,21034774206
21150,21034785396
21151,21034796176
21152,21051008402
21153,21051012212
21154,20437904824
21155,20437910854
21156,20437917164
21157,20437944304
21158,20438027484
21159,20439486343
21160,20439505013
21161,20872452170
21162,20872454660
21163,20872460090
21164,20872464980
21165,20872466800
21166,20872474720
21167,20872560990
21168,20872673268
21169,20872674908
21170,20873739139
21171,20873745059
21172,21034330546
21173,21050563282
21174,21050672352
21175,21068177401
21176,21068189561
21177,21068207811
21178,20437593564
21179,20437597004
21180,20437610844
21181,20439308313
21182,20872111400
21183,20872119760
21184,20872125170
21185,20872136470
21186,20872138580
21187,20872144010
21188,20872152030
21189,20872264060
21190,20872338328
21191,20872346248
21192,20873425279
21193,20873439209
21194,20873461839
21195,21033985346
21196,21034019346
21197,21050246572
21198,21050263312
21199,21060212775
21200,21067861381
21201,21067875601
21202,21067893761
21203,20437293344
21204,20437300574
21205,20438870013
21206,20438874903
21207,20871801060
21208,20871814620
21209,20871830930
21210,20872003848
21211,20872039448
21212,20873133799
21213,20873135489
21214,20873138659
21215,21033678006
21216,21033680086
21217,21033686126
21218,21033688106
21219,21049918572
21220,21049932332
21221,21049941362
21222,21059901495
21223,21059924165
21224,21067544101
21225,21067545581
21226,20437018054
21227,20437019174
21228,20437020854
21229,20437026734
21230,20437130544
21231,20437133474
21232,20438565293
21233,20438569013
21234,20438702963
21235,20871531580
21236,20871539410
21237,20871551450
21238,20871739598
21239,20871742988
21240,20871744528
21241,20871747568
21242,20871748988
21243,20871861938
21244,21049640112
21245,21049647332
21246,21049649452
21247,21049654242
21248,21049669452
21249,21059617155
21250,21059641685
21251,20436730564
21252,20436861224
21253,20438283223
21254,20438291063
21255,20871249600
21256,20871260800
21257,20871460948
21258,20871466608
21259,20871469238
21260,20871586088
21261,20872551979
21262,20872561569
21263,20872566399
21264,20872694069
21265,21033110156
21266,21049360562
21267,21049368282
21268,21049375402
21269,21049498072
21270,21049499962
21271,21059336585
21272,21059338135
21273,21059357165
21274,20436568354
21275,20438141013
21276,20438158483
21277,20871080660
21278,20871093010
21279,20871094610
21280,20871100820
21281,20871102830
21282,20871104270
21283,20871292968
21284,20871319088
21285,20871323678
21286,20872388159
21287,20872393899
21288,20872400719
21289,20872414789
21290,21032956426
21291,21032979736
21292,21032982886
21293,21049200902
21294,21059180685
21295,21059182745
21296,20436243944
21297,20436250164
21298,20437836083
21299,20870768710
21300,20870769990
21301,20870779090
21302,20870990118
21303,20870991338
21304,20870992798
21305,20870997288
21306,20871008448
21307,20872082549
21308,20872101119
21309,21032651166
21310,21032691476
21311,21048908752
21312,21048915152
21313,21048916632
21314,21048938642
21315,21048940362
21316,21058880015
21317,21058890385
21318,21058891845
21319,21066521711
21320,20435894044
21321,20435896654
21322,20435919204
21323,20435924214
21324,20437476083
21325,20437497013
21326,20870433490
21327,20870435070
21328,20870628208
21329,20871735619
21330,20871738939
21331,20871751479
21332,20871754419
21333,21032324146
21334,21032328106
21335,21048570692
21336,21058515635
21337,21058518645
21338,21058522905
21339,21058534175
21340,21058548945
21341,21066181411
21342,21066184381
21343,21066193111
21344,20435657834
21345,20435666974
21346,20435675264
21347,20435686174
21348,20437245653
21349,20437250013
21350,20870201180
21351,20870397128
21352,20870398608
21353,20871492149
21354,20871495109
21355,20871501709
21356,20871515779
21357,20871520309
21358,21032064816
21359,21032073096
21360,21032076176
21361,21032085856
21362,21032090256
21363,21032093086
21364,21048336762
21365,21058289705
21366,21058309415
21367,21065933801
21368,21065946661
21369,20435568824
21370,20435575854
21371,20435578754
21372,20435579934
21373,20435581264
21374,20435581574
21375,20437138293
21376,20437146233
21377,20437146443
21378,20870092720
21379,20870110450
21380,20870302508
21381,20870303878
21382,20870305248
21383,20870311228
21384,20871407259
21385,20871408529
21386,20871415059
21387,21031980876
21388,21058189645
21389,21058191395
21390,21058196015
21391,20435401564
21392,20435404404
21393,20435405884
21394,20435409724
21395,20436975183
21396,20436981353
21397,20436987973
21398,20869931410
21399,20869932090
21400,20869944190
21401,20870135768
21402,20870147468
21403,20870148648
21404,20871242889
21405,20871251319
21406,21031804286
21407,21031804706
21408,21031817226
21409,21031817456
21410,21048061592
21411,21058025325
21412,21058028595
21413,21058032715
21414,21058037005
21415,20435320474
21416,20435331384
21417,20435332934
21418,20435334254
21419,20435340534
21420,20435342614
21421,20435343284
21422,20436907123
21423,20436918243
21424,20869870280
21425,20870079978
21426,21031726546
21427,21031744436
21428,21031746296
21429,21031750966
21430,21047975772
21431,21047976972
21432,21047979772
21433,21047981052
21434,21057947945
21435,21057958425
21436,21057960705
21437,20435158404
21438,20435167014
21439,20435179014
21440,20436723873
21441,20436728043
21442,20436750823
21443,20869695650
21444,20869698140
21445,20869914438
21446,20869918198
21447,20870998349
21448,21031562056
21449,21031567586
21450,21031570086
21451,21031571536
21452,21031578386
21453,21047805912
21454,21047807132
21455,21047807422
21456,21047809472
21457,21047826862
21458,21047835072
21459,21065419381
21460,20435046524
21461,20435059704
21462,20436629613
21463,20436631053
21464,20869581060
21465,20869780618
21466,20869786088
21467,20870884099
21468,20870892079
21469,20870895129
21470,21031455416
21471,21031459016
21472,21031463756
21473,21047701942
21474,21047708182
21475,21047716162
21476,21057669065
21477,21065311661
21478,21065314481
21479,21065317441
21480,21065319631
21481,21065320211
21482,21065323811
21483,21065324781
21484,20434962654
21485,20434966324
21486,20434969224
21487,20434982254
21488,20434983604
21489,20434985084
21490,20436536293
21491,20869486440
21492,20869491790
21493,20869706888
21494,20870794219
21495,20870810279
21496,20870812989
21497,20870818179
21498,20870824789
21499,21031396456
21500,21047622112
21501,21047627952
21502,21047637262
21503,21057587615
21504,21057599585
21505,21065228401
21506,21065240241
21507,20434801004
21508,20434808684
21509,20436371933
21510,20436372543
21511,20436383593
21512,20869326480
21513,20869330720
21514,20869532978
21515,20869533908
21516,20869538538
21517,20869542238
21518,20869544388
21519,20869547358
21520,20870633079
21521,20870646339
21522,21031201326
21523,21031210916
21524,21047457052
21525,21047463732
21526,21047470542
21527,21057419185
21528,21057423385
21529,21057431835
21530,20434695304
21531,20434699194
21532,20434703764
21533,20436267443
21534,20436270723
21535,20436271853
21536,20436277013
21537,20436278383
21538,20436279213
21539,20436279723
21540,20436280943
21541,20869220500
21542,20869434538
21543,20870523889
21544,20870525769
21545,20870531159
21546,20870537249
21547,20870537869
21548,21031100796
21549,21031103726
21550,21031109656
21551,21047350562
21552,21064964011
21553,21064966681
21554,21064967811
21555,20434566094
21556,20434573014
21557,20434574124
21558,20436137683
21559,20436143193
21560,20436151653
21561,20869095990
21562,20869102350
21563,20869299228
21564,20869301468
21565,20869301898
21566,20869305238
21567,20870400929
21568,21030975736
21569,21030978466
21570,21030983686
21571,21047234522
21572,21047237232
21573,21057181705
21574,21057185835
21575,21057190845
21576,21064832331
21577,21064838681
21578,21064841901
21579,20434415474
21580,20434459684
21581,20435985223
21582,20435987653
21583,20435990233
21584,20436023333
21585,20436025743
21586,20436028173
21587,20868936000
21588,20869150088
21589,20869180278
21590,20870248809
21591,20870270899
21592,20870284199
21593,20870287189
21594,20870291689
21595,21030816126
21596,21030848936
21597,21047096522
21598,21047100232
21599,21064708781
21600,21064714621
21601,21064717031
21602,21064720921
21603,21064724021
21604,20434272514
21605,20434286544
21606,20434288024
21607,20434293334
21608,20434297324
21609,20434301474
21610,20435862813
21611,20435865573
21612,20435879873
21613,20868806730
21614,20868835020
21615,20869011218
21616,20869017308
21617,20869025688
21618,20869026918
21619,20869031028
21620,20869041378
21621,20870111029
21622,20870123079
21623,20870134819
21624,21030688916
21625,21030700846
21626,21046958792
21627,21056892065
21628,20434187304
21629,20434188784
21630,20434191474
21631,20434195294
21632,20434196714
21633,20434199424
21634,20435754503
21635,20435761793
21636,20435763313
21637,20435774483
21638,20435775563
21639,20868705490
21640,20868733270
21641,20868938718
21642,20870032289
21643,21030581606
21644,21030584266
21645,21046836542
21646,21046845132
21647,21056803305
21648,21064438181
21649,21064452211
21650,21064456171
21651,20434017694
21652,20434022054
21653,20434031154
21654,20435596083
21655,20435599243
21656,20435618423
21657,20435625133
21658,20868551050
21659,20868552610
21660,20868569610
21661,20868771528
21662,20869845459
21663,20869859199
21664,21030422926
21665,21030436386
21666,21030448626
21667,21030452506
21668,21046676782
21669,21046688192
21670,21046691332
21671,21046698622
21672,21064295801
21673,21064302621
21674,21064305201
21675,21064309121
21676,20433949124
21677,20433955844
21678,20435510853
21679,20435518773
21680,20868488940
21681,20868671358
21682,20868678148
21683,20868685618
21684,20869764979
21685,20869772149
21686,20869778469
21687,21030350426
21688,21030352886
21689,21030360616
21690,21030367076
21691,21030368356
21692,21046614762
21693,21046617272
21694,21046625012
21695,21056560605
21696,21056564475
21697,21064195241
21698,21064199531
21699,21064200871
21700,20433803584
21701,20433816074
21702,20433823474
21703,20435378203
21704,20435383133
21705,20435386723
21706,20868327880
21707,20868331720
21708,20868343740
21709,20868345070
21710,20868351840
21711,20868353070
21712,20869626909
21713,20869630999
21714,20869640889
21715,21030221176
21716,21030228216
21717,21046472422
21718,21056411825
21719,21056419805
21720,21056422415
21721,21056428335
21722,21056433565
21723,21056437815
21724,20433659934
21725,20433664224
21726,20433665494
21727,20433667354
21728,20433671184
21729,20435248603
21730,20435255083
21731,20435260363
21732,20435260573
21733,20868202920
21734,20868409958
21735,20868414818
21736,20869496139
21737,21030074606
21738,21030078536
21739,21030083376
21740,21030085776
21741,21046330512
21742,21063928041
21743,21063931461
21744,21063934921
21745,21063935801
21746,20433595294
21747,20433604824
21748,20435179823
21749,20868133470
21750,20868136050
21751,20868141790
21752,20868340608
21753,20868346008
21754,20869433469
21755,20869434269
21756,20869435869
21757,20869437839
21758,20869443739
21759,20869444449
21760,20869446949
21761,21030005496
21762,21030013796
21763,21046266382
21764,21046271512
21765,21056216045
21766,21056224495
21767,21056229375
21768,21063858851
21769,21063869451
21770,21063874161
21771,20433419454
21772,20435000983
21773,20435004733
21774,20435014473
21775,20867951810
21776,20867959440
21777,20867963520
21778,20867964770
21779,20867964790
21780,20869258599
21781,20869263379
21782,21029827806
21783,21046088072
21784,21046090782
21785,21056042545
21786,21056042895
21787,21056044115
21788,21056046215
21789,21056046995
21790,21056048315
21791,21063679031
21792,21063679951
21793,21063681651
21794,20433325254
21795,20433326524
21796,20433330854
21797,20433331964
21798,20434911973
21799,20434917403
21800,20434921973
21801,20434923103
21802,20434928143
21803,20867862870
21804,20867874280
21805,20867880090
21806,20868073978
21807,20868074968
21808,20868085378
21809,20868094288
21810,20869170729
21811,20869187129
21812,20869188209
21813,21029755036
21814,21029760406
21815,21045996762
21816,21045999412
21817,20433261764
21818,20433268704
21819,20434852053
21820,20434853423
21821,20434858643
21822,20434859683
21823,20867800480
21824,20867804440
21825,20867805860
21826,20868009228
21827,20869113509
21828,20869117459
21829,21029675596
21830,21029676966
21831,21029686166
21832,21029688636
21833,21045938632
21834,21045942832
21835,21045943942
21836,21045945182
21837,21055884435
21838,21055884455
21839,21055891085
21840,21055893495
21841,20433197174
21842,20433204514
21843,20433204624
21844,20433206934
21845,20433207054
21846,20433210704
21847,20434787503
21848,20434794383
21849,20867732990
21850,20867735500
21851,20867953528
21852,20869041389
21853,20869045149
21854,20869048669
21855,21029606796
21856,21029611706
21857,21045868902
21858,21045874362
21859,21055821725
21860,21055822815
21861,21055825665
21862,21055831645
21863,21063462131
21864,21063467091
21865,21063467111
21866,20433104244
21867,20434673273
21868,20867623360
21869,20867625820
21870,20867631210
21871,20867633590
21872,20867638490
21873,20867639670
21874,20867842328
21875,20867849748
21876,20867854408
21877,20868931759
21878,20868934879
21879,20868949829
21880,21029503866
21881,21029508666
21882,21029516746
21883,21045764012
21884,21045770592
21885,21055710345
21886,21055711675
21887,21055727775
21888,21055733615
21889,21055734705
21890,21063350421
21891,20433015344
21892,20434597813
21893,20434600613
21894,20434601963
21895,20434604363
21896,20434608953
21897,20867552790
21898,20867555000
21899,20867557450
21900,20867561110
21901,20867562560
21902,20867765758
21903,20868854319
21904,20868858499
21905,20868863819
21906,20868866249
21907,21029429866
21908,21045682492
21909,21045692392
21910,21045692532
21911,21055640855
21912,21055641405
21913,21055645945
21914,21063284181
21915,20432956924
21916,20432958034
21917,20432963304
21918,20434534143
21919,20434535413
21920,20434543413
21921,20867699808
21922,20868792349
21923,20868796739
21924,20868800839
21925,20868804639
21926,21029366196
21927,21029369076
21928,21029372146
21929,21045620872
21930,21045622082
21931,21045622572
21932,21045630722
21933,21045633682
21934,21055573695
21935,21055573945
21936,21055588525
21937,21063207831
21938,21063216291
21939,21063221401
21940,20432838764
21941,20432846184
21942,20432853964
21943,20432862924
21944,20434426553
21945,20434433093
21946,20434436603
21947,20867382810
21948,20867385600
21949,20867391560
21950,20867575898
21951,20867579678
21952,20867583478
21953,20867603158
21954,20868682039
21955,20868685929
21956,20868705919
21957,21029270086
21958,21045506582
21959,21045521292
21960,21045527732
21961,21055480805
21962,21055484425
21963,21055489285
21964,20432764194
21965,20432771974
21966,20432773014
21967,20432774214
21968,20434343233
21969,20434349703
21970,20434351023
21971,20434353613
21972,20434357823
21973,20867296930
21974,20867301040
21975,20868614789
21976,20868615279
21977,21029169476
21978,21029177486
21979,21029178556
21980,21029180046
21981,21045433422
21982,21045434922
21983,21045438352
21984,21055385025
21985,21055387375
21986,21055389655
21987,20432672784
21988,20432682944
21989,20434254693
21990,20434261223
21991,20434265863
21992,20867210400
21993,20867420058
21994,20867420638
21995,20867422608
21996,20868514199
21997,20868515849
21998,20868516659
21999,20868525419
22000,21029086326
22001,21029090616
22002,21045345952
22003,21045348282
22004,21045349562
22005,21045355312
22006,21055295495
22007,21055300435
22008,21062930771
22009,21062936541
22010,20432610044
22011,20432616774
22012,20434203313
22013,20434207233
22014,20434208403
22015,20867151400
22016,20867154320
22017,20867156510
22018,20867157720
22019,20867348328
22020,20867348398
22021,20868451229
22022,20868453699
22023,20868458449
22024,21029017026
22025,21029025896
22026,21029028846
22027,21045282222
22028,21055235885
22029,21055237205
22030,21055241125
22031,21055244915
22032,20434115543
22033,20434121693
22034,20867073240
22035,20867090650
22036,20867091790
22037,20867272078
22038,20867277328
22039,20867282388
22040,20867293158
22041,20868383529
22042,20868387039
22043,20868388079
22044,21028934056
22045,21028936636
22046,21028956986
22047,21045202582
22048,21045210222
22049,21045217602
22050,21045219752
22051,21045220642
22052,21055150285
22053,21055162215
22054,21062789111
22055,21062804191
22056,20432430054
22057,20432434484
22058,20432444244
22059,20434021063
22060,20434023763
22061,20434024803
22062,20434027953
22063,20434030253
22064,20866967050
22065,20866974730
22066,20867170748
22067,20867170948
22068,20867174768
22069,20867177178
22070,20867179838
22071,20868278509
22072,20868283199
22073,21028839886
22074,21028846116
22075,21028849816
22076,21045097992
22077,21045099322
22078,20432366604
22079,20432378844
22080,20432379014
22081,20433954393
22082,20433955803
22083,20433957343
22084,20866911240
22085,20867108588
22086,20867117448
22087,20868207599
22088,20868210119
22089,20868213999
22090,20868217859
22091,20868221169
22092,21028772276
22093,21028774536
22094,21028775876
22095,21028786436
22096,21045040302
22097,21054990385
22098,21054999425
22099,21055000495
22100,21055000805
22101,21055001845
22102,20432299684
22103,20432301174
22104,20432304494
22105,20432308234
22106,20432310754
22107,20433887543
22108,20433890143
22109,20866844200
22110,20866847290
22111,20866851060
22112,20866852930
22113,20867048488
22114,20867053988
22115,20867054588
22116,20868150619
22117,20868153319
22118,21028708666
22119,21028713386
22120,21028715846
22121,21044969102
22122,21054928465
22123,21054937695
22124,21062564441
22125,21062567751
22126,20432195554
22127,20432207974
22128,20433765873
22129,20433767203
22130,20433782003
22131,20433784483
22132,20433785893
22133,20433788653
22134,20433792643
22135,20866730240
22136,20866932728
22137,20866935298
22138,20868039489
22139,21028596316
22140,21028597746
22141,21028598886
22142,21028600146
22143,21028606856
22144,21044853532
22145,21044872332
22146,21044876442
22147,21054808545
22148,21062472991
22149,20432115874
22150,20432122064
22151,20432123304
22152,20432125274
22153,20432127944
22154,20432129194
22155,20433700523
22156,20433700833
22157,20866655290
22158,20866855458
22159,20867952569
22160,21028523736
22161,21028525326
22162,21028533096
22163,21044791172
22164,21044792792
22165,21044795322
22166,21054739755
22167,21054749615
22168,21054756005
22169,21062376221
22170,21062379261
22171,20432050164
22172,20432052664
22173,20432055184
22174,20432056274
22175,20432057254
22176,20432057934
22177,20433633223
22178,20433640083
22179,20866586150
22180,20866589640
22181,20866593690
22182,20866789378
22183,20866800968
22184,20866802648
22185,20866803738
22186,20867888509
22187,21028463936
22188,21028469026
22189,21028469966
22190,21044718482
22191,21054686845
22192,21062311671
22193,21062314141
22194,20431947284
22195,20431965224
22196,20433526463
22197,20433528803
22198,20433530003
22199,20433533233
22200,20433536943
22201,20866477320
22202,20866479440
22203,20866489750
22204,20866496170
22205,20866498670
22206,20866508040
22207,20866693488
22208,20866700348
22209,20867781829
22210,20867803869
22211,21028372736
22212,21044608492
22213,21044617212
22214,21044636222
22215,20431877864
22216,20431878084
22217,20431882454
22218,20431883184
22219,20433454073
22220,20433466463
22221,20866410500
22222,20866412630
22223,20866416900
22224,20866612318
22225,20866615268
22226,20867714299
22227,21028288076
22228,21028291016
22229,21028293026
22230,21044538502
22231,21044551332
22232,21044551352
22233,21054500735
22234,21054502845
22235,21054506165
22236,21062135881
22237,21062141261
22238,21062142551
22239,21062143881
22240,20431814144
22241,20866343940
22242,20866346410
22243,20866347780
22244,20866551008
22245,20866562398
22246,20867647519
22247,20867648059
22248,20867650379
22249,20867656829
22250,20867658109
22251,20867659509
22252,21028215926
22253,21028224466
22254,21028230246
22255,21044481762
22256,21044485902
22257,21054440855
22258,21054441295
22259,21054443395
22260,21054444685
22261,21054445185
22262,21062081681
22263,21062084121
22264,20431653294
22265,20433225713
22266,20433243363
22267,20866170510
22268,20866182220
22269,20866374698
22270,20866392448
22271,20866405938
22272,20867480679
22273,20867494349
22274,20867500819
22275,21028049636
22276,21028053606
22277,21028054896
22278,21028065766
22279,21028068316
22280,21044305332
22281,21044306432
22282,21044317102
22283,21054275945
22284,21054282415
22285,21054291735
22286,21054294015
22287,21061899281
22288,20431439984
22289,20431441254
22290,20431448564
22291,20431454814
22292,20431457994
22293,20433019623
22294,20433040563
22295,20433041693
22296,20865968150
22297,20865982620
22298,20865985400
22299,20865987800
22300,20866186328
22301,20866206868
22302,20867303079
22303,21027842996
22304,21027854286
22305,21027858116
22306,21027860586
22307,21044104732
22308,21044111132
22309,21054074505
22310,21054090795
22311,21061705311
22312,20431086994
22313,20431092614
22314,20431153734
22315,20431165734
22316,20432737833
22317,20432745973
22318,20865679760
22319,20865686800
22320,20865698230
22321,20865893608
22322,20865901638
22323,20866930879
22324,20866990829
22325,21027498816
22326,21027563926
22327,21043754542
22328,21043826552
22329,21043832192
22330,21053717465
22331,21053791355
22332,21053794245
22333,21053802085
22334,20430896654
22335,20430900634
22336,20430910194
22337,20430921874
22338,20432467013
22339,20432472963
22340,20432479403
22341,20432489933
22342,20432496253
22343,20865430920
22344,20865434640
22345,20865441280
22346,20865635678
22347,20865652098
22348,20865658508
22349,20865659788
22350,20866729259
22351,20866754269
22352,21027306416
22353,21027311046
22354,21043571702
22355,21053519695
22356,21053525055
22357,21053539325
22358,21053540435
22359,20430633384
22360,20430711734
22361,20430717904
22362,20430720634
22363,20432277903
22364,20432287083
22365,20432291003
22366,20865163730
22367,20865376768
22368,20865377568
22369,20865379938
22370,20865445708
22371,20865455528
22372,20866474959
22373,20866544299
22374,20866545569
22375,20866553949
22376,21027039036
22377,21027041146
22378,21043308992
22379,21043381512
22380,21043388832
22381,20430560654
22382,20430561514
22383,20430570144
22384,20432142033
22385,20432149283
22386,20432150383
22387,20432150543
22388,20865096370
22389,20865304208
22390,20865307098
22391,20866400759
22392,20866401959
22393,20866407829
22394,20866411429
22395,21026976196
22396,21043234442
22397,21053193665
22398,21053196505
22399,21053197825
22400,21053201825
22401,21053205465
22402,21060828681
22403,21060828961
22404,20430502124
22405,20430503474
22406,20430506954
22407,20430510594
22408,20430511954
22409,20432078413
22410,20432085633
22411,20865029910
22412,20865238108
22413,20865241058
22414,20865243348
22415,20865247338
22416,20865248318
22417,20865248788
22418,20866334799
22419,20866349289
22420,20866350379
22421,21026908646
22422,21026911706
22423,21026913416
22424,21043170072
22425,21043173562
22426,21053122895
22427,21060771631
22428,20430414284
22429,20430417744
22430,20431974063
22431,20431975033
22432,20431981893
22433,20431982493
22434,20865145248
22435,20865148958
22436,20866241479
22437,20866253209
22438,21026808446
22439,21026811906
22440,21026814296
22441,21026814786
22442,21026815996
22443,21043083482
22444,21043084702
22445,21053036045
22446,21053039915
22447,21053041035
22448,21060665351
22449,21060672591
22450,21060673831
22451,20430229904
22452,20430231994
22453,20430235934
22454,20430239754
22455,20431814353
22456,20431815133
22457,20864757530
22458,20864764910
22459,20864969348
22460,20864971668
22461,20866063519
22462,20866064019
22463,20866065269
22464,20866070339
22465,21026630106
22466,21026634956
22467,21026637116
22468,21026638546
22469,21026641086
22470,21042903492
22471,21052855145
22472,20430164784
22473,20430170424
22474,20430173024
22475,20430173424
22476,20430175684
22477,20431750003
22478,20864701610
22479,20864704390
22480,20864906968
22481,20864911588
22482,20864912838
22483,20864920468
22484,20866001839
22485,20866009049
22486,20866015729
22487,21026569636
22488,21026572666
22489,21026581806
22490,21042834942
22491,21052796085
22492,21052797355
22493,21052805515
22494,21060434041
22495,21060437671
22496,21060441231
22497,20430055004
22498,20430055854
22499,20430056044
22500,20430062804
22501,20430065234
22502,20430071534
22503,20431641933
22504,20864581650
22505,20864588490
22506,20864590550
22507,20864594770
22508,20864802408
22509,20864803638
22510,20864807798
22511,20865892499
22512,20865896489
22513,20865908069
22514,21026472396
22515,21026476016
22516,21042730142
22517,21042732092
22518,21052692405
22519,21060325321
22520,21060335591
22521,20429965414
22522,20429968754
22523,20429989884
22524,20431543283
22525,20431556883
22526,20864495140
22527,20864497620
22528,20864503670
22529,20864507570
22530,20864514610
22531,20864704718
22532,20864710548
22533,20864723188
22534,20865800649
22535,20865809849
22536,20865813339
22537,20865819979
22538,20865822499
22539,21042658232
22540,21052593745
22541,21052603765
22542,21052604695
22543,21052613585
22544,21060253481
22545,20429812354
22546,20429817994
22547,20431393513
22548,20431394513
22549,20431399393
22550,20431401613
22551,20864344980
22552,20864346280
22553,20864349060
22554,20864350550
22555,20864554908
22556,20864559848
22557,20864563598
22558,20864564818
22559,20864565918
22560,20865652959
22561,21026213656
22562,21026218616
22563,21042485342
22564,21042489002
22565,21042490482
22566,21042493972
22567,21052446945
22568,20429754044
22569,20429754624
22570,20431332513
22571,20431336533
22572,20431337413
22573,20431338623
22574,20431340443
22575,20431341493
22576,20431342763
22577,20864275620
22578,20864277670
22579,20864499688
22580,20864500958
22581,20865587389
22582,20865589589
22583,20865599699
22584,21026148726
22585,21026149996
22586,21026150216
22587,21026159206
22588,21026160386
22589,21026162736
22590,21042428072
22591,20429691294
22592,20429694154
22593,20429696704
22594,20429697984
22595,20431269533
22596,20431269633
22597,20431270703
22598,20431274443
22599,20431279263
22600,20864213310
22601,20864220930
22602,20864438338
22603,20865524919
22604,20865534639
22605,21026089956
22606,21026094806
22607,21042368672
22608,21042376152
22609,21052314645
22610,21052318325
22611,21052323485
22612,21052327335
22613,21059951421
22614,21059951571
22615,20429617864
22616,20429621784
22617,20429625184
22618,20429633464
22619,20431210603
22620,20431212733
22621,20431215553
22622,20431219123
22623,20864157840
22624,20864161910
22625,20864381848
22626,20864383168
22627,20864384688
22628,20865470669
22629,21026017176
22630,21042296282
22631,21042305052
22632,21052254355
22633,21052259135
22634,21059885271
22635,21059888891
22636,21059890001
22637,20429397874
22638,20429406494
22639,20429408864
22640,20430980113
22641,20430988883
22642,20430993163
22643,20863927380
22644,20863929070
22645,20863934120
22646,20864146788
22647,20864149238
22648,20864153318
22649,20864154828
22650,20865239529
22651,20865242159
22652,21025813996
22653,21042078322
22654,21042086412
22655,21042087392
22656,21052027795
22657,21052030475
22658,21052036185
22659,20429332634
22660,20429334994
22661,20429335304
22662,20430916683
22663,20863852830
22664,20863854030
22665,20863857130
22666,20864075248
22667,20864085458
22668,20864085928
22669,20864089698
22670,20865165959
22671,20865167459
22672,20865169679
22673,21025742206
22674,21042004962
22675,21042011312
22676,21042019122
22677,21042019802
22678,21051960475
22679,21051961675
22680,21051969905
22681,21059606821
22682,21059607011
22683,20429263544
22684,20429266184
22685,20430846273
22686,20430854603
22687,20430856103
22688,20863789020
22689,20863792960
22690,20864019358
22691,20865102929
22692,20865104249
22693,20865108389
22694,21025664486
22695,21025673456
22696,21025679076
22697,21025680316
22698,21041940632
22699,21041944922
22700,21041947182
22701,21041949382
22702,21041951832
22703,21051899405
22704,21051904135
22705,21059545401
22706,20429072714
22707,20429081954
22708,20429095494
22709,20430661683
22710,20863589130
22711,20863590170
22712,20863591600
22713,20863592860
22714,20863594480
22715,20863598550
22716,20863616960
22717,20863619520
22718,20863620780
22719,20863822368
22720,20863833698
22721,20864914759
22722,20864922009
22723,21025476086
22724,21025481486
22725,21025482546
22726,21025488926
22727,21025494696
22728,21041765822
22729,21051714675
22730,20428910364
22731,20428948074
22732,20430486933
22733,20430509283
22734,20863460540
22735,20863466040
22736,20863473930
22737,20863651138
22738,20863656528
22739,20863678428
22740,20863679858
22741,20863684308
22742,21025314566
22743,21025336976
22744,21025349606
22745,21041584692
22746,21041608822
22747,21041616732
22748,21041618002
22749,21041622982
22750,21051543005
22751,21051574345
22752,21051575725
22753,20428730534
22754,20430309103
22755,20430313523
22756,20430374133
22757,20430375623
22758,20430386333
22759,20430386363
22760,20863252680
22761,20863328740
22762,20863470028
22763,20864570169
22764,20864572489
22765,20864573729
22766,20864639729
22767,21025133486
22768,21025193736
22769,21025201566
22770,21041405122
22771,21041470342
22772,21041475642
22773,21041482372
22774,21051421125
22775,21051422165
22776,20428662544
22777,20428663814
22778,20430255983
22779,20863412318
22780,20863414568
22781,20863420498
22782,20864513329
22783,21025066546
22784,21025071316
22785,21025073956
22786,21025074916
22787,21025075306
22788,21041340162
22789,21041342642
22790,21051293985
22791,21051297705
22792,21051302035
22793,21051302885
22794,21051306015
22795,21058928841
22796,21058932541
22797,21058934041
22798,21058936341
22799,21058940781
22800,21058942421
22801,20428528474
22802,20428529904
22803,20428533724
22804,20428536934
22805,20430110623
22806,20430111683
22807,20430112803
22808,20430119723
22809,20863050140
22810,20863056780
22811,20863063840
22812,20863277138
22813,20863284238
22814,20864367949
22815,20864373239
22816,20864378609
22817,21024934406
22818,21041200612
22819,21041211542
22820,21041216522
22821,21051168165
22822,21051171915
22823,21058796721
22824,21058805251
22825,21058806661
22826,20428443304
22827,20428445764
22828,20428455664
22829,20430023713
22830,20430025533
22831,20862973830
22832,20863186268
22833,20863187418
22834,20863187658
22835,20863196948
22836,20864284899
22837,20864287779
22838,20864291569
22839,20864292549
22840,21024844696
22841,21041114862
22842,21041122442
22843,21041124362
22844,21051076135
22845,21051079985
22846,21058713551
22847,21058716221
22848,20428311714
22849,20428314224
22850,20428320594
22851,20428324824
22852,20428331364
22853,20428332594
22854,20428335324
22855,20429916963
22856,20862831670
22857,20863053068
22858,20863062468
22859,20863063598
22860,20863069988
22861,20863073678
22862,20863081578
22863,20864164319
22864,20864173509
22865,20864177559
22866,21024722926
22867,21040984762
22868,21040991472
22869,21050958185
22870,20428200844
22871,20428205014
22872,20428212254
22873,20428215124
22874,20429763973
22875,20429769503
22876,20429791023
22877,20862714030
22878,20862926268
22879,20862935698
22880,20864024659
22881,20864028809
22882,20864032569
22883,20864035189
22884,20864043839
22885,21024590556
22886,21024595526
22887,21024603436
22888,21024610886
22889,21024616616
22890,21040859612
22891,21050828925
22892,21058471001
22893,20428121064
22894,20428125084
22895,20428129554
22896,20429705193
22897,20862632500
22898,20862637290
22899,20862637310
22900,20862638520
22901,20862638850
22902,20862641380
22903,20862860388
22904,20862863258
22905,20863950639
22906,20863951829
22907,20863965999
22908,20863967439
22909,21024518156
22910,21024529486
22911,21040793312
22912,21040799112
22913,21040804442
22914,21050754565
22915,21050756085
22916,21050760135
22917,20427935764
22918,20427938764
22919,20427940424
22920,20427947094
22921,20429515663
22922,20429518133
22923,20429519443
22924,20429522333
22925,20429528123
22926,20429528313
22927,20862459800
22928,20862460910
22929,20862463560
22930,20862678838
22931,20862687678
22932,21024343326
22933,21040612242
22934,21040615522
22935,21040618482
22936,21050572055
22937,21050577195
22938,21050581315
22939,21058202591
22940,21058215721
22941,21058218061
22942,20427871564
22943,20427872814
22944,20427874084
22945,20429453243
22946,20862394440
22947,20862606638
22948,20862618018
22949,20863701239
22950,20863702539
22951,20863716469
22952,20863717219
22953,21024253556
22954,21024256566
22955,21024270306
22956,21024273336
22957,21024278416
22958,21024279326
22959,21040535242
22960,21040537152
22961,21040551122
22962,21040551652
22963,21050497555
22964,20427707214
22965,20427727354
22966,20427731354
22967,20427734224
22968,20429289093
22969,20429290693
22970,20429294783
22971,20429296053
22972,20429300023
22973,20429302593
22974,20429305433
22975,20862230850
22976,20862480258
22977,20863544159
22978,20863567639
22979,21024111896
22980,21024119266
22981,21024124686
22982,21024138276
22983,21040404272
22984,21040408092
22985,21050365815
22986,21050368525
22987,20427622924
22988,20427624114
22989,20427628544
22990,20427631444
22991,20429141023
22992,20429199103
22993,20429206533
22994,20429209643
22995,20862072120
22996,20862075990
22997,20862131050
22998,20862136810
22999,20862377878
23000,20862380858
23001,20863388529
23002,20863451359
23003,20863468079
23004,21023959306
23005,21024013656
23006,21024035866
23007,21040228082
23008,21057824261
23009,21057886761
23010,21057891501
23011,21057898421
23012,20427483614
23013,20427485484
23014,20427491254
23015,20427492764
23016,20427494174
23017,20429059673
23018,20862010050
23019,20862223838
23020,20862225598
23021,20862228238
23022,20862229348
23023,20862231068
23024,20862234078
23025,20863309889
23026,21023877836
23027,21023879296
23028,21023880906
23029,21023886296
23030,21040166482
23031,21050105555
23032,21050113505
23033,21050117815
23034,21057744851
23035,20427355504
23036,20427397514
23037,20427400394
23038,20427406034
23039,20428928713
23040,20428931233
23041,20428976023
23042,20861910470
23043,20861923120
23044,20862130818
23045,20862131908
23046,20862134478
23047,20862142978
23048,20863185259
23049,20863189209
23050,21023788946
23051,21040024212
23052,21040027832
23053,21040032192
23054,21040068992
23055,21049977935
23056,21050032755
23057,21050038465
23058,21057665161
23059,21057670971
23060,20427202854
23061,20427204374
23062,20427205114
23063,20428779803
23064,20428791283
23065,20861726030
23066,20861939638
23067,20861944308
23068,20863051219
23069,21023601956
23070,21039885892
23071,21039893052
23072,21039894642
23073,21039897692
23074,21039899062
23075,21039900562
23076,21039902432
23077,21049828275
23078,21049831145
23079,21049832315
23080,21049834655
23081,21049839345
23082,20427132834
23083,20428696133
23084,20428700553
23085,20428711093
23086,20428717803
23087,20428719313
23088,20428721523
23089,20861860608
23090,20861871888
23091,20861874238
23092,20861875928
23093,20861878248
23094,20862968019
23095,20862968689
23096,21023519616
23097,21023528566
23098,21023531646
23099,21039798192
23100,21039800872
23101,21049745575
23102,21049755875
23103,21049764205
23104,21057391161
23105,21057397081
23106,20428525223
23107,20428530743
23108,20428551793
23109,20428552753
23110,20428552933
23111,20861489860
23112,20861682578
23113,20861691878
23114,20861695338
23115,20861699918
23116,20861702408
23117,20861708648
23118,20861709158
23119,20862791129
23120,20862804889
23121,21023351246
23122,21023372476
23123,21039627592
23124,21039630692
23125,21039642242
23126,21039647012
23127,21039648252
23128,20426829564
23129,20426851034
23130,20428405583
23131,20428425723
23132,20861358010
23133,20861378750
23134,20861573808
23135,20861582148
23136,20862671699
23137,20862676259
23138,20862688869
23139,20862695459
23140,21023236906
23141,21023245306
23142,21023256416
23143,21023262076
23144,21039527432
23145,21039532722
23146,21039542332
23147,21049477635
23148,21049487355
23149,21057093201
23150,21057095941
23151,21057097381
23152,20426721174
23153,20426731974
23154,20426744254
23155,20426747194
23156,20428314183
23157,20861232780
23158,20861450138
23159,20861474518
23160,20862543339
23161,20862544839
23162,20862552219
23163,20862561199
23164,20862567609
23165,20862570709
23166,20862574059
23167,21023120046
23168,21023121636
23169,21023126306
23170,21023137036
23171,21039404912
23172,21049354335
23173,21049372805
23174,21049375695
23175,20426566234
23176,20426583274
23177,20426584464
23178,20426586654
23179,20428147403
23180,20428164983
23181,20861094120
23182,20861097170
23183,20861100350
23184,20861303358
23185,20861306848
23186,20861310228
23187,20862403209
23188,20862407709
23189,20862411939
23190,21022976526
23191,21022978536
23192,21022981756
23193,21039248262
23194,21039258482
23195,21039261092
23196,21039262172
23197,21049201565
23198,21049208155
23199,21056833811
23200,20426492764
23201,20426504554
23202,20428067723
23203,20428070583
23204,20428079983
23205,20428081873
23206,20428083673
23207,20861005860
23208,20861012040
23209,20861012070
23210,20861013490
23211,20861015030
23212,20861017960
23213,20861019300
23214,20861231058
23215,20862319019
23216,20862327409
23217,21022894006
23218,21022903186
23219,21022907956
23220,21039169012
23221,21039170452
23222,21039177262
23223,21056754871
23224,21056768461
23225,20426311914
23226,20426316144
23227,20426324044
23228,20427898953
23229,20860848900
23230,20861051888
23231,20861060088
23232,20862156889
23233,20862159509
23234,20862256189
23235,20862257709
23236,21022724546
23237,21022735866
23238,21022831446
23239,21038994022
23240,21039003262
23241,21039015012
23242,21039099922
23243,21048947735
23244,21048966245
23245,21048968525
23246,21049054325
23247,21056585291
23248,21056586591
23249,21056598641
23250,20426173924
23251,20426185734
23252,20426203314
23253,20426220594
23254,20426234144
23255,20427762223
23256,20427780143
23257,20427795983
23258,20427798013
23259,20860704630
23260,20860931768
23261,20860940298
23262,20862036729
23263,20862062589
23264,20862064839
23265,21022595936
23266,21022598276
23267,21022625686
23268,21038877542
23269,21038905822
23270,21048813475
23271,21048820155
23272,21048853335
23273,21048866695
23274,20426039774
23275,20426046924
23276,20426051614
23277,20426053724
23278,20426058324
23279,20426064804
23280,20427633183
23281,20427640353
23282,20427645083
23283,20860783058
23284,20860785488
23285,20860789868
23286,20860792398
23287,20860806238
23288,20861881129
23289,20861901539
23290,21022456176
23291,21022463006
23292,21022465266
23293,21038748162
23294,21048699925
23295,21056311531
23296,21056313811
23297,21056316371
23298,21056332381
23299,20425871374
23300,20425883944
23301,20425887864
23302,20425897184
23303,20427496713
23304,20860395210
23305,20860423330
23306,20860617428
23307,20860633748
23308,20861747199
23309,21022302516
23310,21022304246
23311,21022308796
23312,21038548292
23313,21038569992
23314,21038582662
23315,21048513115
23316,21048529075
23317,21048533915
23318,21048539385
23319,21056143591
23320,21056155871
23321,21056162681
23322,21056165091
23323,20425721864
23324,20425729884
23325,20425731254
23326,20425745024
23327,20425747994
23328,20425748224
23329,20425750414
23330,20427304543
23331,20427312543
23332,20427319523
23333,20860245070
23334,20860251270
23335,20860252590
23336,20860255250
23337,20860261210
23338,20860475108
23339,20861581369
23340,21022125616
23341,21022140666
23342,21038402072
23343,21038405942
23344,21038417792
23345,21038423282
23346,21048374645
23347,20425534084
23348,20425541004
23349,20425545434
23350,20425557684
23351,20427132233
23352,20427137683
23353,20427140913
23354,20860061300
23355,20860071340
23356,20860266588
23357,20860281628
23358,20861370729
23359,20861388159
23360,20861391029
23361,21021935846
23362,21021947566
23363,21021957346
23364,21038217112
23365,21038219692
23366,21048166185
23367,21048172915
23368,21048175365
23369,21048178815
23370,21048191185
23371,21055805461
23372,20425420734
23373,20425423014
23374,20425434664
23375,20425439524
23376,20426933343
23377,20426987773
23378,20427001293
23379,20427022643
23380,20859919920
23381,20859929560
23382,20859931810
23383,20859936290
23384,20859958620
23385,20859961170
23386,20860080768
23387,20860138338
23388,20860163948
23389,21021830016
23390,21038022192
23391,21038027472
23392,21038087302
23393,21048067695
23394,21048070025
23395,20425230704
23396,20425244624
23397,20426805173
23398,20426809903
23399,20426816993
23400,20859761950
23401,20859764190
23402,20859768030
23403,20859962538
23404,20859966908
23405,20859978168
23406,20859983258
23407,20861065369
23408,20861068459
23409,21021626466
23410,21021633816
23411,21021637586
23412,21037899052
23413,21037913042
23414,21037918222
23415,21047876795
23416,21055490151
23417,21055492461
23418,20425089344
23419,20425092624
23420,20426672383
23421,20426676993
23422,20426679143
23423,20426685263
23424,20860927409
23425,20860933119
23426,20860934479
23427,21021488076
23428,21021499456
23429,21021500726
23430,21021501466
23431,21037769512
23432,21037770942
23433,21037774932
23434,21047728455
23435,21047730445
23436,21047732315
23437,21047736765
23438,21047741795
23439,21055355301
23440,20425001124
23441,20425007794
23442,20425019014
23443,20426599103
23444,20426602773
23445,20859518510
23446,20859537020
23447,20859755418
23448,20859759038
23449,20859762668
23450,20860834299
23451,20860835769
23452,20860840979
23453,20860845309
23454,20860861099
23455,21021412176
23456,21021421226
23457,21021424516
23458,21037679582
23459,21047641865
23460,21047647295
23461,21047649975
23462,21055271021
23463,21055277611
23464,20424842194
23465,20424845374
23466,20424914514
23467,20424921204
23468,20426430643
23469,20859449970
23470,20859579598
23471,20859580658
23472,20860752359
23473,20860753419
23474,20860760139
23475,21021237836
23476,21021310896
23477,21021315906
23478,21037520242
23479,21037527522
23480,21037590022
23481,21037591432
23482,21047561045
23483,21047562115
23484,21047564845
23485,21055109701
23486,20424758614
23487,20424767634
23488,20426340663
23489,20426341983
23490,20426345833
23491,20426347023
23492,20426347293
23493,20426348433
23494,20426353853
23495,20859500688
23496,20860592669
23497,20860598359
23498,20860600109
23499,20860604599
23500,20860604669
23501,20860605779
23502,20860606089
23503,21021157266
23504,21021158376
23505,21021159526
23506,21037436012
23507,21037446332
23508,21037449612
23509,20424698754
23510,20424699984
23511,20424700784
23512,20426277803
23513,20426286633
23514,20426290383
23515,20426291503
23516,20859218240
23517,20859428578
23518,20860529949
23519,20860537589
23520,20860539839
23521,20860540499
23522,20860541839
23523,21021095846
23524,21021101666
23525,21037370002
23526,21037375792
23527,21037379982
23528,21047328095
23529,21047329555
23530,21047332825
23531,21054962201
23532,20424523094
23533,20424534894
23534,20426111693
23535,20426113983
23536,20426115183
23537,20426130723
23538,20426132793
23539,20426133843
23540,20859051870
23541,20859060000
23542,20859061350
23543,20859262198
23544,20859278428
23545,20860365029
23546,20860369529
23547,21020922736
23548,21020924736
23549,21020926796
23550,21020932266
23551,21037215012
23552,21047176995
23553,21054787751
23554,20424435594
23555,20424448544
23556,20424449794
23557,20858962160
23558,20858964450
23559,20858964540
23560,20858968090
23561,20858971830
23562,20859172358
23563,20859174558
23564,20859175758
23565,20860272189
23566,20860275879
23567,20860279019
23568,20860280039
23569,20860282479
23570,21037119222
23571,21037122012
23572,21037124202
23573,21037126022
23574,21037128642
23575,21047074235
23576,21047081545
23577,20424362674
23578,20424380414
23579,20424384634
23580,20425960603
23581,20425966403
23582,20858895210
23583,20858900430
23584,20859101968
23585,20859106008
23586,20859115138
23587,20859115298
23588,20859119198
23589,20860198589
23590,20860205059
23591,20860217729
23592,20860219049
23593,21020778746
23594,21020785586
23595,21037060112
23596,21037060402
23597,21037061402
23598,21037067892
23599,21047003565
23600,21047017915
23601,20424222584
23602,20425783803
23603,20425786543
23604,20425792363
23605,20425794823
23606,20425804353
23607,20425810243
23608,20858718410
23609,20858733810
23610,20858737210
23611,20858745860
23612,20858926158
23613,20858931568
23614,20858946968
23615,20860033329
23616,20860037319
23617,20860045359
23618,21020604756
23619,21020613546
23620,21046851315
23621,21046854885
23622,21046856335
23623,21054471831
23624,20424099284
23625,20424108154
23626,20424108534
23627,20424113364
23628,20425684783
23629,20425686013
23630,20425692723
23631,20425693993
23632,20859939459
23633,20859941799
23634,20859945079
23635,21020504246
23636,21020505116
23637,21020506876
23638,21020514536
23639,21036783152
23640,21036788442
23641,21036795462
23642,21036795852
23643,21046737735
23644,21046743625
23645,21054364111
23646,21054369051
23647,20425590203
23648,20425603573
23649,20425604873
23650,20425619203
23651,20425620403
23652,20425621743
23653,20858530300
23654,20858535380
23655,20858549990
23656,20858551440
23657,20858553070
23658,20858753468
23659,20859841999
23660,20859855869
23661,20859857299
23662,21020407016
23663,21020409366
23664,21020411996
23665,21036693232
23666,21036694482
23667,21036707462
23668,21046649825
23669,21046657905
23670,20423861844
23671,20423874104
23672,20425438663
23673,20425440123
23674,20858378720
23675,20858392230
23676,20858585588
23677,20858586878
23678,20858606938
23679,20858608308
23680,20859689009
23681,20859696909
23682,20859703659
23683,20859708859
23684,21020267796
23685,21020274476
23686,21020276896
23687,21020279656
23688,21036535972
23689,21036541172
23690,21046506515
23691,21046517985
23692,21046519495
23693,21054125621